region_id,name,country,kind,region_tier,confidence_tier,bucket,total_twh_30d,annualized_30d_twh,annualized_30d_low_twh,annualized_30d_high_twh,source_note_annual_hint_twh,source_note_annual_hint_ambiguous,peak_gw,source_status,last_updated,last_success_at,source,source_url,snapshot_file,source_note
miso,miso,,,,T1-live-TSO,T1a,1.052041,12.799837,10.879861,14.719812,,false,1.756489,live,2026-04-23T04:00:00Z,2026-04-25T22:39:32.558Z,,,miso.json,EIA MISO hourly wind × 8.0% + solar × 4.0% calibrated curtailment (observed 30d split: wind 85% / solar 15%)
north-sea-wind,north-sea-wind,,,,T1a-live-tso,T1a,0.783173,9.528605,8.099314,10.957896,,false,0.620477,live,2026-05-05T02:00:00.000Z,2026-05-05T04:39:33.684Z,,,north-sea.json,Elexon BMRS AGWS × 6.9% curtailment (observed 30d split: wind 62% / solar 38%) — wind share
ercot-west,ercot-west,,,,T1-live-TSO,T1a,0.654003,7.957037,6.763482,9.150593,,false,1.154136,live,2026-04-23T04:00:00Z,2026-04-25T22:39:32.558Z,,,ercot.json,"EIA ERCO wind+solar × calibrated rates, 66% West/Panhandle geographic split (wind 77% / solar 23%)"
spp,spp,,,,T1-live-TSO,T1a,0.520167,6.328695,5.379391,7.277999,,false,0.755140,live,2026-04-23T04:00:00Z,2026-04-25T22:39:32.558Z,,,spp.json,EIA SWPP hourly wind × 4.0% + solar × 3.0% calibrated curtailment (observed 30d split: wind 98% / solar 2%)
ercot-native-west,ercot-native-west,,,,T1-live-TSO,T1a,0.491930,5.985146,5.087374,6.882918,,false,0.815949,cached,2026-04-22T04,2026-04-25T22:39:32.558Z,,,ercot-native.json,Seed fallback copied from EIA ERCOT West proxy; native ERCOT remains disabled until Vercel-US probe produces parseable SCED data.
north-sea-solar,north-sea-solar,,,,T1a-live-tso,T1a,0.484942,5.900132,5.015112,6.785152,,false,1.129036,live,2026-05-05T02:00:00.000Z,2026-05-05T04:39:33.684Z,,,north-sea.json,Elexon BMRS AGWS × 6.9% curtailment (observed 30d split: wind 62% / solar 38%) — solar share
n-norway,n-norway,,,,T1-live-TSO,T1a,0.360704,4.388560,3.730276,5.046844,,false,0.145861,live,2026-04-23T10:45:00.000Z,2026-04-25T22:39:32.558Z,,,norway.json,ENTSO-E NO-4 hydro+wind × 6% calibrated waste rate (observed 30d split: hydro 79% / wind 21%; export-constrained north Norway proxy)
ercot-east,ercot-east,,,,T1-live-TSO,T1a,0.336911,4.099080,3.484218,4.713942,,false,0.594555,live,2026-04-23T04:00:00Z,2026-04-25T22:39:32.558Z,,,ercot.json,"EIA ERCO wind+solar × calibrated rates, 34% East/Central geographic split (wind 77% / solar 23%)"
aemo-vic-wind,Victoria Wind,AUS,wind,live,T1a-live-tso,T1a,0.271895,3.308054,2.811846,3.804262,,false,1.055954,live,2026-05-04T17:00:00.000Z,2026-05-04T21:52:27.100Z,AEMO NEMWeb wind SEMIDISPATCHCAP,https://nemweb.com.au/Reports/Current/Next_Day_Dispatch/,aemo.json,NEMWEB SEMIDISPATCHCAP direct wind curtailment (VIC)
caiso,caiso,,,,T1-live-TSO,T1a,0.269942,3.284290,2.791647,3.776934,,false,0.729282,live,2026-04-23T06:00:00Z,2026-04-25T22:39:32.558Z,,,caiso.json,EIA hourly solar+wind × 4.25% calibrated curtailment (observed 30d split: solar 69% / wind 31%)
ercot-native-east,ercot-native-east,,,,T1-live-TSO,T1a,0.253418,3.083257,2.620769,3.545746,,false,0.420337,cached,2026-04-22T04,2026-04-25T22:39:32.558Z,,,ercot-native.json,Seed fallback copied from EIA ERCOT East proxy; native ERCOT remains disabled until Vercel-US probe produces parseable SCED data.
atacama,Atacama,CHL,solar,live,T1a-live-tso,T1a,0.251472,3.059577,2.600641,3.518514,,false,0.897646,live,2026-05-03T23:00:00.000Z,2026-05-04T22:06:09.717Z,CEN Chile XLSX,https://www.coordinador.cl/operacion/documentos/reducciones-de-generacion-renovable/,atacama-chile.json,Coordinador Chile daily Resumen Ejecutivo solar reductions (30 daily PDFs through 2026-05-03) apportioned with measured monthly XLSX hourly shape from https://www.coordinador.cl/wp-content/uploads/2026/03/Reducciones-de-Energia-Eolica-Solar-Hidro-en-el-SEN_Febrero-26-PE-PFV_Publicar.xlsx; latest daily PDF https://www.coordinador.cl/wp-content/uploads/2026/05/Resumen-Ejecutivo-de-Operacion-03-05-2026-V1.pdf
ireland-republic-wind,Ireland (Republic) Wind,IRL,wind,live,T1a-live-tso,T1a,0.198333,2.413053,2.051095,2.775011,,false,0.103872,live,2026-03-31T22:30:00.000Z,2026-05-04T22:08:48.423Z,EirGrid/SONI DD half-hourly workbook (ROI 58% of all-island DD),https://www.eirgrid.ie/grid/system-and-renewable-data-reports,ireland.json,EirGrid/SONI DD half-hourly workbook (https://cms.eirgrid.ie/sites/default/files/publications/DD-HH-2026-V4.xlsx); all-island dispatch-down split ROI 58% / NI 42% per SONI/EirGrid 2024 annual renewable constraint and curtailment anchor.
japan-tohoku,Tohoku (Japan),JPN,solar,live,T1a-live-tso,T1a,0.167120,2.033287,1.728294,2.338280,2.130000,true,1.116250,live,2026-05-02T14:30:00.000Z,2026-05-02T03:31:02.007Z,"Tohoku Electric area supply/demand CSV — direct 太陽光出力制御量+風力出力制御量 columns (MW, 30-min). Solar-dominant (>95% of measured curtailment). FY2023 OCCTO anchor: 0.13 TWh; rising ~1.5-2 TWh/yr.",https://setsuden.nw.tohoku-epco.co.jp/common/demand/realtime_jukyu/,japan-tohoku.json,Tohoku Electric area supply/demand CSV — direct 太陽光出力制御量+風力出力制御量 columns (MW). FY2023 OCCTO anchor: 0.13 TWh solar curtailment; rising trend ~1.5-2 TWh/yr by FY2025.
chile-wind,Chile Wind,CHL,wind,live,T1a-live-tso,T1a,0.165520,2.013821,1.711748,2.315894,,false,0.932330,live,2026-02-28T22:00:00.000Z,2026-05-04T22:07:42.153Z,CEN Chile monthly XLSX wind reductions,https://www.coordinador.cl/operacion/documentos/reducciones-de-generacion-renovable/,chile-wind.json,Coordinador Chile direct monthly XLSX wind reductions from https://www.coordinador.cl/wp-content/uploads/2026/03/Reducciones-de-Energia-Eolica-Solar-Hidro-en-el-SEN_Febrero-26-PE-PFV_Publicar.xlsx
pjm,pjm,,,,T1-live-TSO,T1a,0.158171,1.924419,1.635756,2.213081,,false,0.378736,live,2026-04-23T03:00:00Z,2026-04-25T22:39:32.558Z,,,pjm.json,EIA PJM hourly wind × 2.0% + solar × 2.5% calibrated curtailment (observed 30d split: wind 52% / solar 48%)
northern-ireland-wind,Northern Ireland Wind,GBR,wind,live,T1a-live-tso,T1a,0.143621,1.747383,1.485276,2.009491,,false,0.075218,live,2026-03-31T22:30:00.000Z,2026-05-04T22:08:48.423Z,EirGrid/SONI DD half-hourly workbook (NI 42% of all-island DD),https://www.eirgrid.ie/grid/system-and-renewable-data-reports,ireland.json,EirGrid/SONI DD half-hourly workbook (https://cms.eirgrid.ie/sites/default/files/publications/DD-HH-2026-V4.xlsx); all-island dispatch-down split ROI 58% / NI 42% per SONI/EirGrid 2024 annual renewable constraint and curtailment anchor.
south-africa-wind,South Africa Wind,ZAF,wind,live,T1a-live-tso,T1a,0.120189,1.462295,1.242951,1.681640,,false,0.192812,live,2026-05-03T21:00:00.000Z,2026-05-04T22:55:11.032Z,Eskom Data Portal total hourly renewable generation (Wind column × 12% curtailment),https://www.eskom.co.za/dataportal/renewables-performance/total-hourly-renewable-generation/,south-africa.json,"Eskom Data Portal Wind × 12% calibrated curtailment (SAREM 2025 / Eskom MTSAO Oct 2025 4,363 GWh renewable-curtailment anchor; fuel type: wind)"
aemo-sa-wind,South Australia Wind,AUS,wind,live,T1a-live-tso,T1a,0.110399,1.343188,1.141710,1.544666,,false,0.487587,live,2026-05-04T15:00:00.000Z,2026-05-04T21:52:27.100Z,AEMO NEMWeb wind SEMIDISPATCHCAP,https://nemweb.com.au/Reports/Current/Next_Day_Dispatch/,aemo.json,NEMWEB SEMIDISPATCHCAP direct wind curtailment (SA)
aemo-nsw-solar,New South Wales Solar,AUS,solar,live,T1a-live-tso,T1a,0.106702,1.298210,1.103479,1.492942,,false,0.506923,live,2026-05-04T05:00:00.000Z,2026-05-04T21:52:27.100Z,AEMO NEMWeb solar SEMIDISPATCHCAP,https://nemweb.com.au/Reports/Current/Next_Day_Dispatch/,aemo.json,NEMWEB SEMIDISPATCHCAP direct solar curtailment (NSW)
france-solar,France Solar,FRA,solar,live,T1a-live-tso,T1a,0.103484,1.259054,1.070196,1.447912,,false,0.394939,live,2026-05-05T21:00:00.000Z,2026-05-04T23:42:39.243Z,RTE eco2mix solar,https://odre.opendatasoft.com/,france.json,RTE eco2mix solar × 3% curtailment (observed 30d split: wind 50% / solar 50%)
france-wind,France Wind,FRA,wind,live,T1a-live-tso,T1a,0.099118,1.205938,1.025047,1.386829,,false,0.186314,live,2026-05-05T21:00:00.000Z,2026-05-04T23:42:39.243Z,RTE eco2mix wind,https://odre.opendatasoft.com/,france.json,RTE eco2mix wind × 3% curtailment (observed 30d split: wind 50% / solar 50%)
brazil-bahia-wind,Bahia Wind,BRA,wind,live,T1a-live-tso,T1a,0.095042,1.156348,0.982896,1.329800,,false,0.614324,live,2026-05-05T02:30:00.000Z,2026-05-06T11:28:23.374Z,ONS wind constrained-off,https://www.ons.org.br/,brazil-ne.json,"ONS Brazil direct constrained-off wind frustrated generation (BAHIA; val_geracaoreferenciafinal - val_geracao, half-hourly)"
japan-kyushu,Kyushu (Japan),JPN,solar,live,T1a-live-tso,T1a,0.093676,1.139725,0.968766,1.310683,1.700000,false,0.392414,live,2026-04-30T14:55:00.000Z,2026-04-30T20:51:33.494Z,Kyushu Electric area-demand CSV (5-min solar) × 10% calibrated curtailment (OCCTO FY2024 Kyushu anchor: ~1.7 TWh/yr),https://www.kyuden.co.jp/td_power_usages/pc.html,japan-kyushu.json,Kyushu Electric area-demand CSV hourly solar × 10% calibrated curtailment (Kyushu 2024 anchor: ~1.7 TWh/yr; bulk of OCCTO-reported Japan curtailment)
alberta-wind,Alberta Wind,CAN,wind,live,T1a-live-tso,T1a,0.083196,1.012218,0.860385,1.164051,,false,0.115550,live,2026-05-04T22:08:48.142Z,2026-05-04T22:08:43.896Z,AESO wind snapshot,http://ets.aeso.ca/ets_web/ip/Market/Reports/CSDReportServlet,alberta.json,"AESO wind snapshot × 5% curtailment proxy (snapshot May 04, 2026 16:08)"
finland-wind,Finland Wind,FIN,wind,live,T1a-live-tso,T1a,0.077909,0.947896,0.805712,1.090081,,false,0.153062,live,2026-05-04T22:13:48.304Z,2026-05-04T22:13:48.304Z,ENTSO-E A75 FI B19 wind,https://transparency.entsoe.eu/,entsoe.json,ENTSO-E wind B19 × 5% calibrated (observed 30d split: wind 100%). Finland wind-only calibration; solar negligible at Finnish latitude.
aemo-qld-solar,Queensland Solar,AUS,solar,live,T1a-live-tso,T1a,0.071648,0.871718,0.740960,1.002475,,false,0.423815,live,2026-05-04T05:00:00.000Z,2026-05-04T21:52:27.100Z,AEMO NEMWeb solar SEMIDISPATCHCAP,https://nemweb.com.au/Reports/Current/Next_Day_Dispatch/,aemo.json,NEMWEB SEMIDISPATCHCAP direct solar curtailment (QLD)
peru-hydro,Peru Hydro,PER,hydro,live,T1a-live-tso,T1a,0.061659,0.750188,0.637660,0.862716,0.800000,false,0.092820,live,2026-04-29T07:00:00.000Z,2026-04-29T07:15:07.908Z,COES-SINAC live hydro generation × 2% curtailment calibration (vertimiento anchor ~0.8 TWh/yr),https://www.coes.org.pe/Portal/portalinformacion/generacion,peru.json,COES SINAC generation-by-fuel endpoint; hydro half-hourly × 2% curtailment calibration (derived from ~0.8 TWh/yr published vertimiento anchor); fuel type: hydro
denmark,denmark,,,,T1a-live-tso,T1a,0.056420,0.686444,0.583477,0.789410,,false,0.153356,live,2026-04-25T06:00:00.000Z,2026-05-04T21:53:37.335Z,,,denmark.json,Energinet wind+solar × 4% curtailment proxy (observed 30d split: wind 70% / solar 30%)
south-africa-solar,South Africa Solar,ZAF,solar,live,T1a-live-tso,T1a,0.049769,0.605523,0.514694,0.696351,,false,0.177127,live,2026-05-03T21:00:00.000Z,2026-05-04T22:55:11.032Z,Eskom Data Portal total hourly renewable generation (PV+CSP columns × 12% curtailment),https://www.eskom.co.za/dataportal/renewables-performance/total-hourly-renewable-generation/,south-africa.json,"Eskom Data Portal PV+CSP × 12% calibrated curtailment (SAREM 2025 / Eskom MTSAO Oct 2025 4,363 GWh renewable-curtailment anchor; fuel type: solar)"
ontario-wind,Ontario Wind,CAN,wind,live,T1a-live-tso,T1a,0.048053,0.584644,0.496948,0.672341,,false,0.073152,live,2026-04-05T23:00:00.000Z,2026-05-04T22:08:18.592Z,IESO wind generation capability,https://reports-public.ieso.ca/public/GenOutputCapability/,ontario.json,IESO hourly wind generation capability × 4% calibrated curtailment proxy
japan-chugoku,Chugoku (Japan),JPN,solar,live,T1a-live-tso,T1a,0.047892,0.582681,0.495278,0.670083,0.400000,false,0.216538,live,2026-05-02T03:25:00.000Z,2026-05-02T03:38:29.345Z,Chugoku Electric juyo CSV (5-min solar) × 6% calibrated curtailment (OCCTO FY2024 Chugoku anchor: ~0.40 TWh/yr),https://www.energia.co.jp/nw/jukyuu/sys/,japan-chugoku.json,Chugoku Electric juyo CSV (5-min solar 万kW) × 6% calibrated curtailment (OCCTO FY2024 Chugoku anchor: ~0.40 TWh/yr)
bpa,bpa,,,,T1-live-TSO,T1a,0.043555,0.529916,0.450428,0.609403,,false,0.074391,live,2026-04-23T06:00:00Z,2026-04-25T22:39:32.558Z,,,bpa.json,EIA BPAT hourly wind × 6.0% + solar × 2.0% calibrated curtailment (observed 30d split: wind 98% / solar 2%)
alberta-solar,Alberta Solar,CAN,solar,live,T1a-live-tso,T1a,0.040500,0.492750,0.418838,0.566662,,false,0.216191,live,2026-05-04T22:08:48.142Z,2026-05-04T22:08:43.896Z,AESO solar snapshot,http://ets.aeso.ca/ets_web/ip/Market/Reports/CSDReportServlet,alberta.json,"AESO solar snapshot × 5% curtailment proxy, shaped around Alberta local noon and zero overnight (snapshot May 04, 2026 16:08)"
aemo-vic-solar,Victoria Solar,AUS,solar,live,T1a-live-tso,T1a,0.032957,0.400982,0.340835,0.461129,,false,0.152145,live,2026-05-04T06:00:00.000Z,2026-05-04T21:52:27.100Z,AEMO NEMWeb solar SEMIDISPATCHCAP,https://nemweb.com.au/Reports/Current/Next_Day_Dispatch/,aemo.json,NEMWEB SEMIDISPATCHCAP direct solar curtailment (VIC)
brazil-piaui-wind,Piaui Wind,BRA,wind,live,T1a-live-tso,T1a,0.025169,0.306225,0.260291,0.352159,,false,0.095241,live,2026-05-05T02:30:00.000Z,2026-05-06T11:28:23.374Z,ONS wind constrained-off,https://www.ons.org.br/,brazil-ne.json,"ONS Brazil direct constrained-off wind frustrated generation (PIAUI; val_geracaoreferenciafinal - val_geracao, half-hourly)"
japan-shikoku,Shikoku (Japan),JPN,solar,live,T1a-live-tso,T1a,0.024658,0.300000,0.255000,0.345000,0.300000,false,0.129555,live,2024,2026-05-02T03:39:16.931Z,Shikoku Electric T&D juyo CSV × 7% calibrated curtailment (OCCTO FY2024 Shikoku anchor: ~0.30 TWh/yr),https://www.yonden.co.jp/nw/,japan-shikoku.json,Shikoku Electric T&D (四国電力送配電) — live CSV URL not accessible (2026-05-02 404); typical solar shape × OCCTO FY2024 Shikoku anchor ~0.30 TWh/yr
nyiso,nyiso,,,,T1-live-TSO,T1a,0.021149,0.257307,0.218711,0.295903,,false,0.030775,live,2026-04-23T03:00:00Z,2026-04-25T22:39:32.558Z,,,nyiso-rest.json,EIA NYIS hourly wind × 3.0% + solar × 2.0% calibrated curtailment (observed 30d split: wind 100% / solar 0%)
nyiso,nyiso,,,,T1-live-TSO,T1a,0.021149,0.257307,0.218711,0.295903,,false,0.030775,live,2026-04-23T03:00:00Z,2026-04-25T22:39:32.558Z,,,nyiso.json,EIA NYIS hourly wind × 3.0% + solar × 2.0% calibrated curtailment (observed 30d split: wind 100% / solar 0%)
wa-swis-wind,Western Australia Wind (SWIS),AUS,wind,live,T1a-live-tso,T1a,0.019932,0.242508,0.206132,0.278884,0.400000,false,0.034937,live,2026-04-27T23:00:00.000Z,2026-04-29T07:18:54.956Z,AEMO WEM Facility SCADA (wind DUIDs),https://data.wa.aemo.com.au/,wa-swis.json,AEMO WEM Facility SCADA hourly RE × 8% calibrated curtailment (WA-SWIS 2024 anchor: 0.4 TWh/yr; SWIS islanded; fuel type: wind)
iso-ne,iso-ne,,,,T1-live-TSO,T1a,0.019534,0.237664,0.202014,0.273313,,false,0.031588,live,2026-04-23T03:00:00Z,2026-04-25T22:39:32.558Z,,,iso-ne-rest.json,EIA ISNE hourly wind × 3.0% + solar × 2.0% calibrated curtailment (observed 30d split: wind 82% / solar 18%)
iso-ne,iso-ne,,,,T1-live-TSO,T1a,0.019534,0.237664,0.202014,0.273313,,false,0.031588,live,2026-04-23T03:00:00Z,2026-04-25T22:39:32.558Z,,,iso-ne.json,EIA ISNE hourly wind × 3.0% + solar × 2.0% calibrated curtailment (observed 30d split: wind 82% / solar 18%)
aemo-sa-solar,South Australia Solar,AUS,solar,live,T1a-live-tso,T1a,0.018619,0.226529,0.192549,0.260508,,false,0.129962,live,2026-05-04T06:00:00.000Z,2026-05-04T21:52:27.100Z,AEMO NEMWeb solar SEMIDISPATCHCAP,https://nemweb.com.au/Reports/Current/Next_Day_Dispatch/,aemo.json,NEMWEB SEMIDISPATCHCAP direct solar curtailment (SA)
aemo-qld-wind,Queensland Wind,AUS,wind,live,T1a-live-tso,T1a,0.017961,0.218529,0.185750,0.251309,,false,0.122423,live,2026-05-03T03:00:00.000Z,2026-05-04T21:52:27.100Z,AEMO NEMWeb wind SEMIDISPATCHCAP,https://nemweb.com.au/Reports/Current/Next_Day_Dispatch/,aemo.json,NEMWEB SEMIDISPATCHCAP direct wind curtailment (QLD)
belgium-solar,Belgium Solar,BEL,solar,live,T1a-live-tso,T1a,0.015898,0.193432,0.164417,0.222446,,false,0.273009,live,2026-05-11T21:00:00.000Z,2026-05-04T23:42:39.249Z,Elia Open Data solar,https://opendata.elia.be/,belgium.json,Elia solar realtime CSV × 2% calibrated curtailment (observed 30d split: wind 16% / solar 84%)
finland-solar,Finland Solar,FIN,solar,live,T1a-live-tso,T1a,0.015582,0.189579,0.161142,0.218016,,false,0.030612,live,2026-05-04T22:13:48.304Z,2026-05-04T22:13:48.304Z,ENTSO-E A75 FI B16 solar,https://transparency.entsoe.eu/,entsoe.json,Finland 2024 solar (placeholder — real data requires live ENTSO-E fetch)
brazil-rn-wind,Rio Grande do Norte Wind,BRA,wind,live,T1a-live-tso,T1a,0.014866,0.180868,0.153738,0.207998,,false,0.085162,live,2026-05-05T02:30:00.000Z,2026-05-06T11:28:23.374Z,ONS wind constrained-off,https://www.ons.org.br/,brazil-ne.json,"ONS Brazil direct constrained-off wind frustrated generation (RN; val_geracaoreferenciafinal - val_geracao, half-hourly)"
new-zealand,new-zealand,,,,T1-live-TSO,T1a,0.014146,0.172110,0.146293,0.197926,,false,0.019371,live,2026-03-31T11:00:00.000Z,2026-04-25T22:39:32.558Z,,,new-zealand.json,NZ EMI Generation_MD wind+solar+geothermal × 1.3% curtailment proxy (observed 30d split: wind 24% / solar 2% / geothermal-as-hydro 75%)
brazil-bahia-solar,Bahia Solar,BRA,solar,live,T1a-live-tso,T1a,0.011342,0.137999,0.117299,0.158699,,false,0.158418,live,2026-05-05T02:30:00.000Z,2026-05-06T11:28:23.374Z,ONS solar constrained-off,https://www.ons.org.br/,brazil-ne.json,"ONS Brazil direct constrained-off solar frustrated generation (BAHIA; val_geracaoreferenciafinal - val_geracao, half-hourly)"
sweden-north,Sweden North,SWE,wind,live,T1a-live-tso,T1a,0.009585,0.116618,0.099126,0.134111,,false,0.015760,live,2026-05-04T22:13:48.304Z,2026-05-04T22:13:48.304Z,ENTSO-E,https://transparency.entsoe.eu/,entsoe.json,ENTSO-E wind B19 × 1% calibrated (observed 30d split: wind 100%). ENTSO-E SE2 wind-only calibration; solar negligible in SE2.
aemo-nsw-wind,New South Wales Wind,AUS,wind,live,T1a-live-tso,T1a,0.008143,0.099075,0.084214,0.113936,,false,0.057889,live,2026-05-04T06:00:00.000Z,2026-05-04T21:52:27.100Z,AEMO NEMWeb wind SEMIDISPATCHCAP,https://nemweb.com.au/Reports/Current/Next_Day_Dispatch/,aemo.json,NEMWEB SEMIDISPATCHCAP direct wind curtailment (NSW)
peru-wind,Peru Wind,PER,wind,live,T1a-live-tso,T1a,0.006549,0.079677,0.067726,0.091629,0.800000,false,0.014631,live,2026-04-29T07:00:00.000Z,2026-04-29T07:15:07.908Z,COES-SINAC live wind generation × 2% curtailment calibration (vertimiento anchor ~0.8 TWh/yr),https://www.coes.org.pe/Portal/portalinformacion/generacion,peru.json,COES SINAC generation-by-fuel endpoint; wind half-hourly × 2% curtailment calibration (derived from ~0.8 TWh/yr published vertimiento anchor); fuel type: wind
ireland-republic-solar,Ireland (Republic) Solar,IRL,solar,live,T1a-live-tso,T1a,0.005950,0.072392,0.061533,0.083250,,false,0.003116,live,2026-03-31T22:30:00.000Z,2026-05-04T22:08:48.423Z,EirGrid/SONI DD half-hourly workbook (ROI 58% solar share fallback),https://www.eirgrid.ie/grid/system-and-renewable-data-reports,ireland.json,Ireland 2024 solar (domestic-share fallback — per-fuel data not available)
brazil-ce-wind,Ceara Wind,BRA,wind,live,T1a-live-tso,T1a,0.004976,0.060545,0.051463,0.069627,,false,0.021173,live,2026-05-05T02:30:00.000Z,2026-05-06T11:28:23.374Z,ONS wind constrained-off,https://www.ons.org.br/,brazil-ne.json,"ONS Brazil direct constrained-off wind frustrated generation (CE; val_geracaoreferenciafinal - val_geracao, half-hourly)"
brazil-piaui-solar,Piaui Solar,BRA,solar,live,T1a-live-tso,T1a,0.004863,0.059171,0.050295,0.068047,,false,0.062865,live,2026-05-05T02:30:00.000Z,2026-05-06T11:28:23.374Z,ONS solar constrained-off,https://www.ons.org.br/,brazil-ne.json,"ONS Brazil direct constrained-off solar frustrated generation (PIAUI; val_geracaoreferenciafinal - val_geracao, half-hourly)"
northern-ireland-solar,Northern Ireland Solar,GBR,solar,live,T1a-live-tso,T1a,0.004309,0.052421,0.044558,0.060285,,false,0.002257,live,2026-03-31T22:30:00.000Z,2026-05-04T22:08:48.423Z,EirGrid/SONI DD half-hourly workbook (NI 42% solar share fallback),https://www.eirgrid.ie/grid/system-and-renewable-data-reports,ireland.json,Northern Ireland 2024 solar (domestic-share fallback — per-fuel data not available)
japan-chubu,Chubu (Japan),JPN,solar,live,T1a-live-tso,T1a,0.004110,0.050000,0.042500,0.057500,0.050000,false,0.021593,live,2024,2026-05-02T03:39:16.449Z,Chubu Electric Power Grid juyo CSV × 1% calibrated curtailment (OCCTO FY2024 Chubu anchor: ~0.05 TWh/yr),https://denki-yoho.chuden.jp/,japan-chubu.json,Chubu Electric Power Grid (中部電力パワーグリッド) — live CSV endpoint unresolvable (2026-05-02); typical solar shape × OCCTO FY2024 Chubu anchor ~0.05 TWh/yr
japan-tepco,TEPCO (Japan),JPN,solar,live,T1a-live-tso,T1a,0.004110,0.050000,0.042500,0.057500,0.050000,false,0.021593,live,2024,2026-05-02T03:39:15.435Z,TEPCO Power Grid juyo CSV × 1% calibrated curtailment (OCCTO FY2024 TEPCO anchor: ~0.05 TWh/yr),https://www.tepco.co.jp/forecast/,japan-tepco.json,TEPCO Power Grid (東京電力パワーグリッド) — live CSV blocked by WAF; typical solar shape × OCCTO FY2024 TEPCO anchor ~0.05 TWh/yr
japan-okinawa,Okinawa (Japan),JPN,solar,live,T1a-live-tso,T1a,0.003288,0.040000,0.034000,0.046000,0.040000,false,0.017274,live,2024,2026-05-02T03:39:18.385Z,Okinawa Electric juyo CSV × 2% calibrated curtailment (OCCTO FY2024 Okinawa anchor: ~0.04 TWh/yr),https://www.okiden.co.jp/,japan-okinawa.json,Okinawa Electric Power (沖縄電力) — live CSV URL not accessible (2026-05-02 404); typical solar shape × OCCTO FY2024 Okinawa anchor ~0.04 TWh/yr
wa-swis-solar,Western Australia Solar (SWIS),AUS,solar,live,T1a-live-tso,T1a,0.003190,0.038816,0.032993,0.044638,0.400000,false,0.011745,live,2026-04-27T23:00:00.000Z,2026-04-29T07:18:54.956Z,AEMO WEM Facility SCADA (solar DUIDs),https://data.wa.aemo.com.au/,wa-swis.json,AEMO WEM Facility SCADA hourly RE × 8% calibrated curtailment (WA-SWIS 2024 anchor: 0.4 TWh/yr; SWIS islanded; fuel type: solar)
belgium-wind,Belgium Wind,BEL,wind,live,T1a-live-tso,T1a,0.003050,0.037109,0.031542,0.042675,,false,0.023310,live,2026-05-11T21:00:00.000Z,2026-05-04T23:42:39.249Z,Elia Open Data wind,https://opendata.elia.be/,belgium.json,Elia wind realtime CSV × 2% calibrated curtailment (observed 30d split: wind 16% / solar 84%)
brazil-mg-solar,Minas Gerais Solar,BRA,solar,live,T1a-live-tso,T1a,0.002678,0.032580,0.027693,0.037468,,false,0.062041,live,2026-05-05T02:30:00.000Z,2026-05-06T11:28:23.374Z,ONS solar constrained-off,https://www.ons.org.br/,brazil-ne.json,"ONS Brazil direct constrained-off solar frustrated generation (MG; val_geracaoreferenciafinal - val_geracao, half-hourly)"
japan-hokuriku,Hokuriku (Japan),JPN,solar,live,T1a-live-tso,T1a,0.001618,0.019687,0.016734,0.022640,0.020000,false,0.007041,live,2026-05-02T03:25:00.000Z,2026-05-02T03:38:49.607Z,Hokuriku Electric juyo CSV (5-min solar) × 1% calibrated curtailment (OCCTO FY2024 Hokuriku anchor: ~0.02 TWh/yr),https://www.rikuden.co.jp/nw/denki-yoho/,japan-hokuriku.json,Hokuriku Electric juyo CSV (5-min solar 万kW) × 1% calibrated curtailment (OCCTO FY2024 Hokuriku anchor: ~0.02 TWh/yr)
brazil-paraiba-wind,Paraiba Wind,BRA,wind,live,T1a-live-tso,T1a,0.001395,0.016975,0.014428,0.019521,,false,0.012144,live,2026-05-05T02:30:00.000Z,2026-05-06T11:28:23.374Z,ONS wind constrained-off,https://www.ons.org.br/,brazil-ne.json,"ONS Brazil direct constrained-off wind frustrated generation (PARAIBA; val_geracaoreferenciafinal - val_geracao, half-hourly)"
ontario-solar,Ontario Solar,CAN,solar,live,T1a-live-tso,T1a,0.001289,0.015681,0.013329,0.018033,,false,0.005223,live,2026-04-05T23:00:00.000Z,2026-05-04T22:08:18.592Z,IESO solar generation capability,https://reports-public.ieso.ca/public/GenOutputCapability/,ontario.json,IESO hourly solar generation capability × 2% calibrated curtailment proxy
brazil-maranhao-wind,Maranhao Wind,BRA,wind,live,T1a-live-tso,T1a,0.001104,0.013428,0.011414,0.015443,,false,0.007634,live,2026-05-05T02:30:00.000Z,2026-05-06T11:28:23.374Z,ONS wind constrained-off,https://www.ons.org.br/,brazil-ne.json,"ONS Brazil direct constrained-off wind frustrated generation (MARANHAO; val_geracaoreferenciafinal - val_geracao, half-hourly)"
japan-hokkaido,Hokkaido (Japan),JPN,solar,live,T1a-live-tso,T1a,0.000803,0.009775,0.008309,0.011242,0.100000,false,0.067583,live,2026-05-02T03:25:00.000Z,2026-05-02T03:36:41.397Z,Hokkaido Electric juyo CSV (5-min solar) × 5% calibrated curtailment (OCCTO FY2024 Hokkaido anchor: ~0.10 TWh/yr),https://denkiyoho.hepco.co.jp/,japan-hokkaido.json,Hokkaido Electric juyo CSV (5-min solar 万kW) × 5% calibrated curtailment (OCCTO FY2024 Hokkaido anchor: ~0.10 TWh/yr)
peru-solar,Peru Solar,PER,solar,live,T1a-live-tso,T1a,0.000476,0.005789,0.004921,0.006658,0.800000,false,0.000705,live,2026-04-29T07:00:00.000Z,2026-04-29T07:15:07.908Z,COES-SINAC live solar generation × 2% curtailment calibration (vertimiento anchor ~0.8 TWh/yr),https://www.coes.org.pe/Portal/portalinformacion/generacion,peru.json,COES SINAC generation-by-fuel endpoint; solar half-hourly × 2% curtailment calibration (derived from ~0.8 TWh/yr published vertimiento anchor); fuel type: solar
brazil-ce-solar,Ceara Solar,BRA,solar,live,T1a-live-tso,T1a,0.000332,0.004037,0.003431,0.004642,,false,0.006469,live,2026-05-05T02:30:00.000Z,2026-05-06T11:28:23.374Z,ONS solar constrained-off,https://www.ons.org.br/,brazil-ne.json,"ONS Brazil direct constrained-off solar frustrated generation (CE; val_geracaoreferenciafinal - val_geracao, half-hourly)"
brazil-paraiba-solar,Paraiba Solar,BRA,solar,live,T1a-live-tso,T1a,0.000205,0.002494,0.002120,0.002868,,false,0.004255,live,2026-05-05T02:30:00.000Z,2026-05-06T11:28:23.374Z,ONS solar constrained-off,https://www.ons.org.br/,brazil-ne.json,"ONS Brazil direct constrained-off solar frustrated generation (PARAIBA; val_geracaoreferenciafinal - val_geracao, half-hourly)"
aemo-tas-wind,Tasmania Wind,AUS,wind,live,T1a-live-tso,T1a,0.000189,0.002294,0.001950,0.002638,,false,0.053904,live,2026-04-29T07:00:00.000Z,2026-05-04T21:52:27.100Z,AEMO NEMWeb wind SEMIDISPATCHCAP,https://nemweb.com.au/Reports/Current/Next_Day_Dispatch/,aemo.json,NEMWEB SEMIDISPATCHCAP direct wind curtailment (TAS)
turkey-wind,Turkey (wind),TUR,wind,live,T1a-live-tso,T1a,0.000164,0.001990,0.001691,0.002288,0.500000,false,0.027058,live,2026-05-05T04:35:07.553Z,2026-05-05T04:39:09.090Z,EPIAS Transparency dashboard wind,https://seffaflik.epias.com.tr/electricity-service/v1/dashboard/realtime-generation,turkey.json,EPIAS Transparency dashboard realtime-generation × 0.8% conservative calibrated proxy (~0.5 TWh/yr 2024 anchor). — wind share
brazil-pernambuco-wind,Pernambuco Wind,BRA,wind,live,T1a-live-tso,T1a,0.000095,0.001158,0.000985,0.001332,,false,0.001135,live,2026-05-05T02:30:00.000Z,2026-05-06T11:28:23.374Z,ONS wind constrained-off,https://www.ons.org.br/,brazil-ne.json,"ONS Brazil direct constrained-off wind frustrated generation (PERNAMBUCO; val_geracaoreferenciafinal - val_geracao, half-hourly)"
japan-kansai,Kansai (Japan),JPN,solar,live,T1a-live-tso,T1a,0.000030,0.000366,0.000311,0.000421,0.050000,false,0.006942,live,2025-12-25T04:25:00.000Z,2026-05-02T03:39:08.759Z,"Kansai Electric T&D juyo CSV (5-min solar, live) × 1% calibrated curtailment (OCCTO FY2024 Kansai anchor: ~0.05 TWh/yr)",https://www.kansai-td.co.jp/,japan-kansai.json,"Kansai Electric T&D juyo CSV (5-min solar 万kW, live current-day) × 1% calibrated curtailment (OCCTO FY2024 Kansai anchor: ~0.05 TWh/yr)"
turkey-solar,Turkey (solar),TUR,solar,live,T1a-live-tso,T1a,0.000003,0.000034,0.000029,0.000039,0.500000,false,0.002272,live,2026-05-05T04:35:07.553Z,2026-05-05T04:39:09.090Z,EPIAS Transparency dashboard solar,https://seffaflik.epias.com.tr/electricity-service/v1/dashboard/realtime-generation,turkey.json,EPIAS Transparency dashboard realtime-generation × 0.8% conservative calibrated proxy (~0.5 TWh/yr 2024 anchor). — solar share
aemo-tas-solar,Tasmania Solar,AUS,solar,live,T1a-live-tso,T1a,0.000000,0.000000,0.000000,0.000000,,false,0.000000,live,2026-05-04T21:53:26.266Z,2026-05-04T21:52:27.100Z,AEMO NEMWeb solar SEMIDISPATCHCAP,https://nemweb.com.au/Reports/Current/Next_Day_Dispatch/,aemo.json,NEMWEB SEMIDISPATCHCAP direct solar curtailment (TAS)
bosnia-and-herzegovina,Bosnia & Herzegovina,BIH,hydro,live,T1a-live-tso,T1a,0.000000,0.000000,0.000000,0.000000,,false,0.000000,cached,2026-05-04T22:46:12.119Z,2026-05-04T22:46:12.119Z,ENTSO-E JPCC (Krajina),https://transparency.entsoe.eu/,entsoe.json,BH Krajina A75 feed; hydro-dominated. Structural hydro spill excluded.
brazil-go-solar,Goias Solar,BRA,solar,live,T1a-live-tso,T1a,0.000000,0.000000,0.000000,0.000000,,false,0.000000,live,2026-05-05T02:30:00.000Z,2026-05-06T11:28:23.374Z,ONS solar constrained-off,https://www.ons.org.br/,brazil-ne.json,"ONS Brazil direct constrained-off solar frustrated generation (GO; val_geracaoreferenciafinal - val_geracao, half-hourly)"
brazil-go-wind,Goias Wind,BRA,wind,live,T1a-live-tso,T1a,0.000000,0.000000,0.000000,0.000000,,false,0.000000,live,2026-05-06T11:28:33.603Z,2026-05-06T11:28:23.374Z,ONS wind constrained-off,https://www.ons.org.br/,brazil-ne.json,"ONS Brazil direct constrained-off wind frustrated generation (GO; val_geracaoreferenciafinal - val_geracao, half-hourly)"
brazil-maranhao-solar,Maranhao Solar,BRA,solar,live,T1a-live-tso,T1a,0.000000,0.000000,0.000000,0.000000,,false,0.000000,live,2026-05-06T11:28:33.589Z,2026-05-06T11:28:23.374Z,ONS solar constrained-off,https://www.ons.org.br/,brazil-ne.json,"ONS Brazil direct constrained-off solar frustrated generation (MARANHAO; val_geracaoreferenciafinal - val_geracao, half-hourly)"
brazil-mg-wind,Minas Gerais Wind,BRA,wind,live,T1a-live-tso,T1a,0.000000,0.000000,0.000000,0.000000,,false,0.000000,live,2026-05-06T11:28:33.590Z,2026-05-06T11:28:23.374Z,ONS wind constrained-off,https://www.ons.org.br/,brazil-ne.json,"ONS Brazil direct constrained-off wind frustrated generation (MG; val_geracaoreferenciafinal - val_geracao, half-hourly)"
brazil-mt-solar,Mato Grosso Solar,BRA,solar,live,T1a-live-tso,T1a,0.000000,0.000000,0.000000,0.000000,,false,0.000000,live,2026-05-06T11:28:33.602Z,2026-05-06T11:28:23.374Z,ONS solar constrained-off,https://www.ons.org.br/,brazil-ne.json,"ONS Brazil direct constrained-off solar frustrated generation (MT; val_geracaoreferenciafinal - val_geracao, half-hourly)"
brazil-mt-wind,Mato Grosso Wind,BRA,wind,live,T1a-live-tso,T1a,0.000000,0.000000,0.000000,0.000000,,false,0.000000,live,2026-05-06T11:28:33.602Z,2026-05-06T11:28:23.374Z,ONS wind constrained-off,https://www.ons.org.br/,brazil-ne.json,"ONS Brazil direct constrained-off wind frustrated generation (MT; val_geracaoreferenciafinal - val_geracao, half-hourly)"
brazil-other-solar,Brazil Other ONS States Solar,BRA,solar,live,T1a-live-tso,T1a,0.000000,0.000000,0.000000,0.000000,,false,0.000000,live,2026-05-06T11:28:33.614Z,2026-05-06T11:28:23.374Z,ONS solar constrained-off,https://www.ons.org.br/,brazil-ne.json,"ONS Brazil direct constrained-off solar frustrated generation (OTHER; val_geracaoreferenciafinal - val_geracao, half-hourly)"
brazil-other-wind,Brazil Other ONS States Wind,BRA,wind,live,T1a-live-tso,T1a,0.000000,0.000000,0.000000,0.000000,,false,0.000000,live,2026-05-05T02:30:00.000Z,2026-05-06T11:28:23.374Z,ONS wind constrained-off,https://www.ons.org.br/,brazil-ne.json,"ONS Brazil direct constrained-off wind frustrated generation (OTHER; val_geracaoreferenciafinal - val_geracao, half-hourly)"
brazil-pernambuco-solar,Pernambuco Solar,BRA,solar,live,T1a-live-tso,T1a,0.000000,0.000000,0.000000,0.000000,,false,0.000000,live,2026-05-05T02:30:00.000Z,2026-05-06T11:28:23.374Z,ONS solar constrained-off,https://www.ons.org.br/,brazil-ne.json,"ONS Brazil direct constrained-off solar frustrated generation (PERNAMBUCO; val_geracaoreferenciafinal - val_geracao, half-hourly)"
brazil-pr-solar,Parana Solar,BRA,solar,live,T1a-live-tso,T1a,0.000000,0.000000,0.000000,0.000000,,false,0.000000,live,2026-05-06T11:28:33.606Z,2026-05-06T11:28:23.374Z,ONS solar constrained-off,https://www.ons.org.br/,brazil-ne.json,"ONS Brazil direct constrained-off solar frustrated generation (PR; val_geracaoreferenciafinal - val_geracao, half-hourly)"
brazil-pr-wind,Parana Wind,BRA,wind,live,T1a-live-tso,T1a,0.000000,0.000000,0.000000,0.000000,,false,0.000000,live,2026-05-06T11:28:33.606Z,2026-05-06T11:28:23.374Z,ONS wind constrained-off,https://www.ons.org.br/,brazil-ne.json,"ONS Brazil direct constrained-off wind frustrated generation (PR; val_geracaoreferenciafinal - val_geracao, half-hourly)"
brazil-rn-solar,Rio Grande do Norte Solar,BRA,solar,live,T1a-live-tso,T1a,0.000000,0.000000,0.000000,0.000000,,false,0.000000,live,2026-05-05T02:30:00.000Z,2026-05-06T11:28:23.374Z,ONS solar constrained-off,https://www.ons.org.br/,brazil-ne.json,"ONS Brazil direct constrained-off solar frustrated generation (RN; val_geracaoreferenciafinal - val_geracao, half-hourly)"
brazil-rs-solar,Rio Grande do Sul Solar,BRA,solar,live,T1a-live-tso,T1a,0.000000,0.000000,0.000000,0.000000,,false,0.000000,live,2026-05-06T11:28:33.611Z,2026-05-06T11:28:23.374Z,ONS solar constrained-off,https://www.ons.org.br/,brazil-ne.json,"ONS Brazil direct constrained-off solar frustrated generation (RS; val_geracaoreferenciafinal - val_geracao, half-hourly)"
brazil-rs-wind,Rio Grande do Sul Wind,BRA,wind,live,T1a-live-tso,T1a,0.000000,0.000000,0.000000,0.000000,,false,0.000000,live,2026-05-05T02:30:00.000Z,2026-05-06T11:28:23.374Z,ONS wind constrained-off,https://www.ons.org.br/,brazil-ne.json,"ONS Brazil direct constrained-off wind frustrated generation (RS; val_geracaoreferenciafinal - val_geracao, half-hourly)"
brazil-sp-solar,Sao Paulo Solar,BRA,solar,live,T1a-live-tso,T1a,0.000000,0.000000,0.000000,0.000000,,false,0.000000,live,2026-05-05T02:30:00.000Z,2026-05-06T11:28:23.374Z,ONS solar constrained-off,https://www.ons.org.br/,brazil-ne.json,"ONS Brazil direct constrained-off solar frustrated generation (SP; val_geracaoreferenciafinal - val_geracao, half-hourly)"
brazil-sp-wind,Sao Paulo Wind,BRA,wind,live,T1a-live-tso,T1a,0.000000,0.000000,0.000000,0.000000,,false,0.000000,live,2026-05-06T11:28:33.599Z,2026-05-06T11:28:23.374Z,ONS wind constrained-off,https://www.ons.org.br/,brazil-ne.json,"ONS Brazil direct constrained-off wind frustrated generation (SP; val_geracaoreferenciafinal - val_geracao, half-hourly)"
bulgaria-solar,Bulgaria Solar,BGR,solar,live,T1a-live-tso,T1a,0.000000,0.000000,0.000000,0.000000,,false,0.000000,,2026-05-04T22:13:48.304Z,2026-05-04T22:13:48.304Z,ENTSO-E ESO solar,https://transparency.entsoe.eu/,entsoe.json,ESO Bulgaria 2024: solar share
bulgaria-wind,Bulgaria Wind,BGR,wind,live,T1a-live-tso,T1a,0.000000,0.000000,0.000000,0.000000,,false,0.000000,,2026-05-04T22:13:48.304Z,2026-05-04T22:13:48.304Z,ENTSO-E ESO wind,https://transparency.entsoe.eu/,entsoe.json,ESO Bulgaria 2024: wind share
croatia-solar,Croatia Solar,HRV,solar,live,T1a-live-tso,T1a,0.000000,0.000000,0.000000,0.000000,,false,0.000000,cached,2026-05-04T22:46:12.119Z,2026-05-04T22:46:12.119Z,ENTSO-E HOPS solar,https://transparency.entsoe.eu/,entsoe.json,HOPS Croatia ENTSO-E A75 solar: regional default ~2%.
croatia-wind,Croatia Wind,HRV,wind,live,T1a-live-tso,T1a,0.000000,0.000000,0.000000,0.000000,,false,0.000000,cached,2026-05-04T22:46:12.119Z,2026-05-04T22:46:12.119Z,ENTSO-E HOPS wind,https://transparency.entsoe.eu/,entsoe.json,HOPS Croatia ENTSO-E A75 wind: regional default ~2.5%.
czech-republic-solar,Czech Republic Solar,CZE,solar,live,T1a-live-tso,T1a,0.000000,0.000000,0.000000,0.000000,,false,0.000000,,2026-05-04T22:13:48.304Z,2026-05-04T22:13:48.304Z,ENTSO-E CEPS solar,https://transparency.entsoe.eu/,entsoe.json,CEPS 2024: solar dominant
czech-republic-wind,Czech Republic Wind,CZE,wind,live,T1a-live-tso,T1a,0.000000,0.000000,0.000000,0.000000,,false,0.000000,,2026-05-04T22:13:48.304Z,2026-05-04T22:13:48.304Z,ENTSO-E CEPS wind,https://transparency.entsoe.eu/,entsoe.json,CEPS 2024: wind secondary
estonia,Estonia,EST,wind,live,T1a-live-tso,T1a,0.000000,0.000000,0.000000,0.000000,,false,0.000000,cached,2026-05-04T22:47:12.609Z,2026-05-04T22:47:12.609Z,ENTSO-E Elering,https://transparency.entsoe.eu/,entsoe.json,Elering Estonia ENTSO-E A75 feed. Wind 2.5% regional default.
germany-solar,Germany Solar,DEU,solar,live,T1a-live-tso,T1a,0.000000,0.000000,0.000000,0.000000,1.390000,false,0.000000,,2026-05-04T22:13:48.304Z,2026-05-04T22:13:48.304Z,ENTSO-E BNetzA/SMARD solar,https://transparency.entsoe.eu/,entsoe.json,Germany 2024 BNetzA/SMARD solar: 1.39 TWh
germany-wind,Germany Wind,DEU,wind,live,T1a-live-tso,T1a,0.000000,0.000000,0.000000,0.000000,,false,0.000000,,2026-05-04T22:13:48.304Z,2026-05-04T22:13:48.304Z,ENTSO-E BNetzA/SMARD wind,https://transparency.entsoe.eu/,entsoe.json,Germany 2024 BNetzA/SMARD wind
greece-solar,Greece Solar,GRC,solar,live,T1a-live-tso,T1a,0.000000,0.000000,0.000000,0.000000,,false,0.000000,,2026-05-04T22:13:48.304Z,2026-05-04T22:13:48.304Z,ENTSO-E IPTO 2024 solar,https://transparency.entsoe.eu/,entsoe.json,Greece 2024 IPTO solar: 430 GWh
greece-wind,Greece Wind,GRC,wind,live,T1a-live-tso,T1a,0.000000,0.000000,0.000000,0.000000,,false,0.000000,,2026-05-04T22:13:48.304Z,2026-05-04T22:13:48.304Z,ENTSO-E IPTO 2024 wind,https://transparency.entsoe.eu/,entsoe.json,Greece 2024 IPTO wind: 430 GWh
hungary-solar,Hungary Solar,HUN,solar,live,T1a-live-tso,T1a,0.000000,0.000000,0.000000,0.000000,,false,0.000000,,2026-05-04T22:13:48.304Z,2026-05-04T22:13:48.304Z,ENTSO-E MAVIR solar,https://transparency.entsoe.eu/,entsoe.json,MAVIR 2024: solar dominant
hungary-wind,Hungary Wind,HUN,wind,live,T1a-live-tso,T1a,0.000000,0.000000,0.000000,0.000000,,false,0.000000,,2026-05-04T22:13:48.304Z,2026-05-04T22:13:48.304Z,ENTSO-E MAVIR wind,https://transparency.entsoe.eu/,entsoe.json,MAVIR 2024: wind secondary
latvia,Latvia,LVA,wind,live,T1a-live-tso,T1a,0.000000,0.000000,0.000000,0.000000,,false,0.000000,cached,2026-05-04T22:47:12.609Z,2026-05-04T22:47:12.609Z,ENTSO-E AST,https://transparency.entsoe.eu/,entsoe.json,AST Latvia ENTSO-E A75 feed. Wind 2.5% regional default.
lithuania,Lithuania,LTU,wind,live,T1a-live-tso,T1a,0.000000,0.000000,0.000000,0.000000,,false,0.000000,cached,2026-05-04T22:47:12.608Z,2026-05-04T22:47:12.608Z,ENTSO-E Litgrid,https://transparency.entsoe.eu/,entsoe.json,Litgrid Lithuania ENTSO-E A75 feed. Wind 2.5% rate anchored to Litgrid published 2024 wind curtailment.
luxembourg-solar,Luxembourg Solar,LUX,solar,live,T1a-live-tso,T1a,0.000000,0.000000,0.000000,0.000000,,false,0.000000,cached,2026-05-04T22:46:12.119Z,2026-05-04T22:46:12.119Z,ENTSO-E Cegedel solar,https://transparency.entsoe.eu/,entsoe.json,Cegedel Luxembourg ENTSO-E A75 solar: regional default ~2%.
luxembourg-wind,Luxembourg Wind,LUX,wind,live,T1a-live-tso,T1a,0.000000,0.000000,0.000000,0.000000,,false,0.000000,cached,2026-05-04T22:46:12.119Z,2026-05-04T22:46:12.119Z,ENTSO-E Cegedel wind,https://transparency.entsoe.eu/,entsoe.json,Cegedel Luxembourg ENTSO-E A75 wind: regional default ~2%.
moldova-solar,Moldova Solar,MDA,solar,live,T1a-live-tso,T1a,0.000000,0.000000,0.000000,0.000000,,false,0.000000,cached,2026-05-04T22:46:12.119Z,2026-05-04T22:46:12.119Z,ENTSO-E Moldelectrica solar (MEPSO protocol),https://transparency.entsoe.eu/,entsoe.json,Moldelectrica ENTSO-E A75 solar: regional default ~2%.
moldova-wind,Moldova Wind,MDA,wind,live,T1a-live-tso,T1a,0.000000,0.000000,0.000000,0.000000,,false,0.000000,cached,2026-05-04T22:46:12.119Z,2026-05-04T22:46:12.119Z,ENTSO-E Moldelectrica wind (MEPSO protocol),https://transparency.entsoe.eu/,entsoe.json,Moldelectrica ENTSO-E A75 wind: regional default ~3%.
montenegro,Montenegro,MNE,hydro,live,T1a-live-tso,T1a,0.000000,0.000000,0.000000,0.000000,,false,0.000000,cached,2026-05-04T22:46:12.119Z,2026-05-04T22:46:12.119Z,ENTSO-E CGES,https://transparency.entsoe.eu/,entsoe.json,CGES Montenegro A75 feed; hydro-dominated.
north-macedonia-solar,North Macedonia Solar,MKD,solar,live,T1a-live-tso,T1a,0.000000,0.000000,0.000000,0.000000,,false,0.000000,cached,2026-05-04T22:46:12.119Z,2026-05-04T22:46:12.119Z,ENTSO-E MEPSO solar,https://transparency.entsoe.eu/,entsoe.json,MEPSO North Macedonia: regional default ~2% solar.
north-macedonia-wind,North Macedonia Wind,MKD,wind,live,T1a-live-tso,T1a,0.000000,0.000000,0.000000,0.000000,,false,0.000000,cached,2026-05-04T22:46:12.119Z,2026-05-04T22:46:12.119Z,ENTSO-E MEPSO wind,https://transparency.entsoe.eu/,entsoe.json,MEPSO North Macedonia: regional default ~3% wind.
poland-solar,Poland Solar,POL,solar,live,T1a-live-tso,T1a,0.000000,0.000000,0.000000,0.000000,,false,0.000000,,2026-05-04T22:13:48.304Z,2026-05-04T22:13:48.304Z,ENTSO-E URE 2024 solar,https://transparency.entsoe.eu/,entsoe.json,Poland 2024 URE solar: 621 GWh
poland-wind,Poland Wind,POL,wind,live,T1a-live-tso,T1a,0.000000,0.000000,0.000000,0.000000,,false,0.000000,,2026-05-04T22:13:48.304Z,2026-05-04T22:13:48.304Z,ENTSO-E URE 2024 wind,https://transparency.entsoe.eu/,entsoe.json,Poland 2024 URE wind: 128 GWh
portugal-solar,Portugal Solar,PRT,solar,live,T1a-live-tso,T1a,0.000000,0.000000,0.000000,0.000000,,false,0.000000,,2026-05-04T22:13:48.304Z,2026-05-04T22:13:48.304Z,ENTSO-E REN solar,https://transparency.entsoe.eu/,entsoe.json,Portugal 2024 solar: primary
portugal-wind,Portugal Wind,PRT,wind,live,T1a-live-tso,T1a,0.000000,0.000000,0.000000,0.000000,0.100000,false,0.000000,,2026-05-04T22:13:48.304Z,2026-05-04T22:13:48.304Z,ENTSO-E REN wind,https://transparency.entsoe.eu/,entsoe.json,Portugal 2024 wind: ~0.1 TWh/yr
romania-solar,Romania Solar,ROU,solar,live,T1a-live-tso,T1a,0.000000,0.000000,0.000000,0.000000,,false,0.000000,,2026-05-04T22:13:48.304Z,2026-05-04T22:13:48.304Z,ENTSO-E Transelectrica solar,https://transparency.entsoe.eu/,entsoe.json,Romania 2024 Transelectrica solar
romania-wind,Romania Wind,ROU,wind,live,T1a-live-tso,T1a,0.000000,0.000000,0.000000,0.000000,,false,0.000000,,2026-05-04T22:13:48.304Z,2026-05-04T22:13:48.304Z,ENTSO-E Transelectrica wind,https://transparency.entsoe.eu/,entsoe.json,Romania 2024 Transelectrica wind
serbia-solar,Serbia Solar,SRB,solar,live,T1a-live-tso,T1a,0.000000,0.000000,0.000000,0.000000,,false,0.000000,cached,2026-05-04T22:46:12.119Z,2026-05-04T22:46:12.119Z,ENTSO-E EMS solar,https://transparency.entsoe.eu/,entsoe.json,EMS Serbia ENTSO-E A75 solar: regional default ~2%.
serbia-wind,Serbia Wind,SRB,wind,live,T1a-live-tso,T1a,0.000000,0.000000,0.000000,0.000000,,false,0.000000,cached,2026-05-04T22:46:12.119Z,2026-05-04T22:46:12.119Z,ENTSO-E EMS wind,https://transparency.entsoe.eu/,entsoe.json,EMS Serbia ENTSO-E A75 wind: regional default ~3%.
slovakia-solar,Slovakia Solar,SVK,solar,live,T1a-live-tso,T1a,0.000000,0.000000,0.000000,0.000000,,false,0.000000,cached,2026-05-04T22:46:12.119Z,2026-05-04T22:46:12.119Z,ENTSO-E SEPS solar,https://transparency.entsoe.eu/,entsoe.json,SEPS Slovakia ENTSO-E A75 solar: regional default ~2.5%.
slovakia-wind,Slovakia Wind,SVK,wind,live,T1a-live-tso,T1a,0.000000,0.000000,0.000000,0.000000,,false,0.000000,cached,2026-05-04T22:46:12.119Z,2026-05-04T22:46:12.119Z,ENTSO-E SEPS wind,https://transparency.entsoe.eu/,entsoe.json,SEPS Slovakia ENTSO-E A75 wind: regional default ~2%.
slovenia-solar,Slovenia Solar,SVN,solar,live,T1a-live-tso,T1a,0.000000,0.000000,0.000000,0.000000,,false,0.000000,cached,2026-05-04T22:46:12.119Z,2026-05-04T22:46:12.119Z,ENTSO-E ELES solar,https://transparency.entsoe.eu/,entsoe.json,ELES Slovenia ENTSO-E A75 solar: regional default ~2%.
slovenia-wind,Slovenia Wind,SVN,wind,live,T1a-live-tso,T1a,0.000000,0.000000,0.000000,0.000000,,false,0.000000,cached,2026-05-04T22:46:12.119Z,2026-05-04T22:46:12.119Z,ENTSO-E ELES wind,https://transparency.entsoe.eu/,entsoe.json,ELES Slovenia ENTSO-E A75 wind: regional default ~2%.
spain-solar,Spain Solar,ESP,solar,live,T1a-live-tso,T1a,0.000000,0.000000,0.000000,0.000000,3.800000,true,0.000000,,2026-05-04T22:13:48.304Z,2026-05-04T22:13:48.304Z,ENTSO-E REE solar,https://transparency.entsoe.eu/,entsoe.json,Spain 2024 REE solar: ~2.4 TWh/yr + 1.4 TWh CSP
spain-wind,Spain Wind,ESP,wind,live,T1a-live-tso,T1a,0.000000,0.000000,0.000000,0.000000,6.800000,false,0.000000,,2026-05-04T22:13:48.304Z,2026-05-04T22:13:48.304Z,ENTSO-E REE wind,https://transparency.entsoe.eu/,entsoe.json,Spain 2024 REE wind: ~6.8 TWh/yr
sweden-south-solar,Sweden South Solar,SWE,solar,live,T1a-live-tso,T1a,0.000000,0.000000,0.000000,0.000000,,false,0.000000,,2026-05-04T22:13:48.304Z,2026-05-04T22:13:48.304Z,ENTSO-E SE4 solar,https://transparency.entsoe.eu/,entsoe.json,ENTSO-E SE4 solar: PV-heavy ~7%
sweden-south-wind,Sweden South Wind,SWE,wind,live,T1a-live-tso,T1a,0.000000,0.000000,0.000000,0.000000,,false,0.000000,,2026-05-04T22:13:48.304Z,2026-05-04T22:13:48.304Z,ENTSO-E SE4 wind,https://transparency.entsoe.eu/,entsoe.json,ENTSO-E SE4 wind: regional default ~2%
uruguay,Uruguay,URY,wind,live,T1a-live-tso,T1a,0.000000,0.000000,0.000000,0.000000,,false,0.000000,live,2026-04-01T03:00:00.000Z,2026-05-04T22:55:11.392Z,ADME hourly Restricciones Operativas workbook,https://www.adme.com.uy/panelControl/ro_excel.php,uruguay.json,ADME control-panel hourly Restricciones Operativas workbook (2026-03); renewable plant columns matched from info_consignas.php and fallback plant registry. Source: https://www.adme.com.uy/panelControl/ro_excel.php?anod=2026&mesd=03&anoh=2026&mesh=03
colombia,Colombia,COL,hydro,live-domestic-anchored,T1b-live-domestic-anchored,T1b,1.588739,19.329659,9.664829,28.994488,20.650000,true,2.206582,live,2026,2026-05-02T00:00:00.000Z,"XM SinerGox API (servapibi.xm.com.co/daily, POST MetricId=VertEner Entity=Sistema) — direct live path tried first; committed CSV relay fallback if geoblocked. Trailing-365-day annualised total. 5-yr baseline 7.53 TWh/yr (range 0.53–13.12 TWh/yr ENSO-driven). Bimodal hydro-seasonal shape (Apr–Jun + Oct–Nov peaks). T1b, ±50% envelope.",https://servapibi.xm.com.co/daily,colombia.json,"XM SinerGox API (servapibi.xm.com.co/daily, MetricId=VertEner, Entity=Sistema). CSV relay fallback (1667-day committed CSV, latest: 2026-04-28). 5-yr baseline 7.53 TWh/yr (range 0.53–13.12 TWh/yr ENSO-driven). Bimodal Colombian hydro-seasonal shape (Apr–Jun + Oct–Nov peaks). T1b, ±50% envelope. — current 30-day seasonal factor 1.23×"
italy-north-zone-solar,Italy North Solar,ITA,solar,live-domestic-anchored,T1b-live-domestic-anchored,T1b,0.000000,0.000000,0.000000,0.000000,,false,0.000000,,2026-05-04T22:13:48.304Z,2026-05-04T22:13:48.304Z,ENTSO-E Terna North zone solar,https://transparency.entsoe.eu/,entsoe.json,ENTSO-E North Italy: ~35% of national curtailment
italy-north-zone-wind,Italy North Wind,ITA,wind,live-domestic-anchored,T1b-live-domestic-anchored,T1b,0.000000,0.000000,0.000000,0.000000,,false,0.000000,,2026-05-04T22:13:48.304Z,2026-05-04T22:13:48.304Z,ENTSO-E Terna North zone wind,https://transparency.entsoe.eu/,entsoe.json,ENTSO-E North Italy: ~35% of national curtailment
italy-sardinia-solar,Sardinia Solar,ITA,solar,live-domestic-anchored,T1b-live-domestic-anchored,T1b,0.000000,0.000000,0.000000,0.000000,,false,0.000000,,2026-05-04T22:13:48.304Z,2026-05-04T22:13:48.304Z,ENTSO-E Terna Sardinia solar,https://transparency.entsoe.eu/,entsoe.json,ENTSO-E Sardinia: island HVDC constraint
italy-sardinia-wind,Sardinia Wind,ITA,wind,live-domestic-anchored,T1b-live-domestic-anchored,T1b,0.000000,0.000000,0.000000,0.000000,,false,0.000000,,2026-05-04T22:13:48.304Z,2026-05-04T22:13:48.304Z,ENTSO-E Terna Sardinia wind,https://transparency.entsoe.eu/,entsoe.json,ENTSO-E Sardinia: island HVDC constraint
italy-sicily-solar,Sicily Solar,ITA,solar,live-domestic-anchored,T1b-live-domestic-anchored,T1b,0.000000,0.000000,0.000000,0.000000,,false,0.000000,,2026-05-04T22:13:48.304Z,2026-05-04T22:13:48.304Z,ENTSO-E Terna Sicily solar,https://transparency.entsoe.eu/,entsoe.json,ENTSO-E Sicily: island HVDC constraint
italy-sicily-wind,Sicily Wind,ITA,wind,live-domestic-anchored,T1b-live-domestic-anchored,T1b,0.000000,0.000000,0.000000,0.000000,,false,0.000000,,2026-05-04T22:13:48.304Z,2026-05-04T22:13:48.304Z,ENTSO-E Terna Sicily wind,https://transparency.entsoe.eu/,entsoe.json,ENTSO-E Sicily: island HVDC constraint
netherlands-solar,Netherlands Solar,NLD,solar,live-domestic-anchored,T1b-live-domestic-anchored,T1b,0.000000,0.000000,0.000000,0.000000,,false,0.000000,,2026-05-04T22:13:48.304Z,2026-05-04T22:13:48.304Z,ENTSO-E IEEFA 2024 solar,https://transparency.entsoe.eu/,entsoe.json,Netherlands 2024 IEEFA solar share
netherlands-wind,Netherlands Wind,NLD,wind,live-domestic-anchored,T1b-live-domestic-anchored,T1b,0.000000,0.000000,0.000000,0.000000,3.000000,true,0.000000,,2026-05-04T22:13:48.304Z,2026-05-04T22:13:48.304Z,ENTSO-E IEEFA 2024 wind,https://transparency.entsoe.eu/,entsoe.json,"Netherlands 2024 IEEFA: 3.0 TWh wind+solar, wind-dominant"
switzerland,Switzerland,CHE,solar,live-neighbour-anchored,T1c-live-neighbour-anchored,T1c,0.007821,0.095156,0.061376,0.128936,,false,0.034922,live,2026-05-04T22:13:48.304Z,2026-05-04T22:13:48.304Z,ENTSO-E Swissgrid PV-only (hydro spill not in A75),https://transparency.entsoe.eu/,entsoe.json,ENTSO-E solar B16 × 1.5% calibrated (observed 30d split: solar 100%). Swissgrid PV-only ENTSO-E feed; wind negligible and hydro spill not in A75. Models summer-midday PV oversupply only; understates total Swiss curtailment.
china-hubei-hydro,Hubei Hydro,CHN,hydro,static,T2-annual-calibrated,T2,0.041918,0.510000,0.408000,0.612000,1.500000,false,0.058219,live,2024,2026-05-05T04:45:26.515Z,"NEA 2024 provincial RE monitoring bulletin — hydro curtailment (hydro 34% of ~1.5 TWh/yr, Three Gorges basin)",https://www.nea.gov.cn/20251113/cc1fb0298a2944f8bd5441f67c9be9b3/c.html,china-hubei.json,Typical-shape fallback: NEA 2024 provincial RE monitoring bulletin is not an hourly machine-readable feed; Hubei mixed solar+wind+hydro curtailment ~1.5 TWh/yr; NEA 2024 provincial RE monitoring bulletin (Three Gorges basin; missed RE consumption target by 3 pp). — hydro share (34%)
china-hunan-hydro,Hunan Hydro,CHN,hydro,static,T2-annual-calibrated,T2,0.031233,0.380000,0.304000,0.456000,1.900000,true,0.043379,live,2024,2026-05-05T04:45:24.793Z,NEA 2024 provincial RE monitoring bulletin — hydro curtailment (hydro 20% of ~1.9 TWh/yr),https://www.nea.gov.cn/20251113/cc1fb0298a2944f8bd5441f67c9be9b3/c.html,china-hunan.json,Typical-shape fallback: NEA 2024 provincial RE monitoring bulletin is not an hourly machine-readable feed; Hunan mixed wind+solar+hydro curtailment ~1.9 TWh/yr; NEA 2024 provincial RE monitoring bulletin. — hydro share (20%)
china-chongqing-hydro,Chongqing Hydro,CHN,hydro,static,T2-annual-calibrated,T2,0.010849,0.132000,0.105600,0.158400,0.220000,false,0.015068,live,2024,2026-05-05T04:45:30.162Z,"NEA 2024 provincial RE monitoring bulletin — hydro curtailment (hydro 60% of ~0.22 TWh/yr, Yangtze basin)",https://www.nea.gov.cn/20251113/cc1fb0298a2944f8bd5441f67c9be9b3/c.html,china-chongqing.json,Typical-shape fallback: NEA 2024 provincial RE monitoring bulletin is not an hourly machine-readable feed; Chongqing mixed hydro+solar curtailment ~0.22 TWh/yr; NEA 2024 provincial RE monitoring bulletin (Yangtze basin). — hydro share (60%)
china-guizhou-hydro,Guizhou Hydro,CHN,hydro,static,T2-annual-calibrated,T2,0.010274,0.125000,0.100000,0.150000,0.250000,false,0.014269,live,2024,2026-05-05T04:45:28.268Z,NEA 2024 provincial RE monitoring bulletin — hydro curtailment (hydro 50% of ~0.25 TWh/yr),https://www.nea.gov.cn/20251113/cc1fb0298a2944f8bd5441f67c9be9b3/c.html,china-guizhou.json,Typical-shape fallback: NEA 2024 provincial RE monitoring bulletin is not an hourly machine-readable feed; Guizhou mixed solar+hydro curtailment ~0.25 TWh/yr; NEA 2024 provincial RE monitoring bulletin. — hydro share (50%)
paraguay,Paraguay,PRY,hydro,static,T3-modelled,T3,0.736438,8.960000,5.376000,12.544000,10.000000,false,1.022831,live,2024,2026-05-04T22:55:14.561Z,Itaipu fallback,https://www.itaipu.gov.py/,paraguay.json,Typical-shape fallback: Itaipu spill/dispatch feed unavailable (Itaipu/ANDE public pages did not expose machine-readable hourly spill or dispatch data); hydro spill ~10 TWh/yr calibrated to Paraná basin flood stage (SH summer peak Dec-Feb). — current 30-day seasonal factor 0.90×
yunnan,Yunnan,CHN,hydro,static,T3-modelled,T3,0.453699,5.520000,3.312000,7.728000,10.000000,false,0.630137,,2024,2026-04-25T22:39:32.558Z,NEA 2024 / Yunnan statistics,https://www.nea.gov.cn/20251113/cc1fb0298a2944f8bd5441f67c9be9b3/c.html,yunnan.json,"Typical-shape fallback: IEA China Energy Outlook / NEA live feed unavailable (IEA/NEA Yunnan hydro spill references are annual or quarterly, not hourly machine-readable); Lancang River monsoon hydro spill anchored at ~10.0 TWh/yr. — current 30-day seasonal factor 0.55×"
china-shandong,Shandong,CHN,solar,static,T3-modelled,T3,0.369863,4.500000,2.700000,6.300000,4.500000,false,1.943328,live,2024,2026-05-03T06:08:37.861Z,NEA 2024 provincial RE monitoring bulletin — solar curtailment ~4.5 TWh/yr (96.3% PV utilisation),https://www.nea.gov.cn/20251113/cc1fb0298a2944f8bd5441f67c9be9b3/c.html,china-shandong.json,Typical-shape fallback: NEA 2024 provincial RE monitoring bulletin is not an hourly machine-readable feed; Shandong solar curtailment ~4.5 TWh/yr; NEA 2024 provincial RE monitoring bulletin (96.3% PV utilisation rate).
inner-mongolia,Inner Mongolia,CHN,wind,static,T3-modelled,T3,0.328767,4.000000,2.400000,5.600000,4.000000,false,0.552651,,2024,2026-04-25T22:39:32.558Z,NEA 2024 / Huaon-NBS generation,https://www.nea.gov.cn/20251113/cc1fb0298a2944f8bd5441f67c9be9b3/c.html,inner-mongolia.json,Typical-shape fallback: Ember Global Electricity Review 2025 / NEA live hourly feed unavailable (Ember/NEA China province curtailment references are not exposed as hourly machine-readable feeds); Inner Mongolia wind transmission-limited curtailment anchored at ~4.0 TWh/yr.
vietnam,Vietnam,VNM,solar,static,T3-modelled,T3,0.328767,4.000000,2.400000,5.600000,4.000000,false,1.727403,live,2024,2026-05-04T22:55:17.330Z,EVN fallback,https://www.evn.com.vn/,vietnam.json,"Typical-shape fallback: EVN live feed unavailable (EVN public site does not expose machine-readable hourly solar curtailment); calibrated to EVN/NLDC 2024 (10-15% curtailment in RE-rich provinces, 220 plants throttled) → ~4 TWh/yr Ninh Thuan/Binh Thuan solar."
india-rajasthan,Rajasthan,IND,solar,static,T3-modelled,T3,0.287671,3.500000,2.100000,4.900000,5.800000,true,1.535605,live,2025,2026-05-04T22:55:18.313Z,RRVPNL SLDC (Rajasthan State Load Despatch Centre) — RE curtailment downloads at sldc.rajasthan.gov.in. Geoblocked from non-Indian IP ranges; loader currently emits T3-modelled typical-shape calibrated to Ember India 2025 (~3.5 TWh/yr solar curtailment). Will be promoted to T1a-live-tso when the India-egress relay activates the live parse.,https://sldc.rajasthan.gov.in/,india-rajasthan.json,"RRVPNL SLDC unreachable (This operation was aborted); Typical-shape T3-modelled fallback calibrated to Ember India 2025 report (2.3 TWh solar curtailed May-Dec 2025 → annualised ~3.5 TWh/yr, Rajasthan transmission bottlenecks). State-level RRVPNL SLDC source established; will be promoted to T1a-live-tso when the India-egress relay activates the live parse."
china-guangdong,Guangdong,CHN,mixed,static,T3-modelled,T3,0.263014,3.200000,1.920000,4.480000,3.200000,true,0.783404,live,2024,2026-05-03T06:08:39.319Z,NEA 2024 provincial RE monitoring bulletin — CSG-grid mixed wind+solar curtailment ~3.2 TWh/yr,https://www.nea.gov.cn/20251113/cc1fb0298a2944f8bd5441f67c9be9b3/c.html,china-guangdong.json,Typical-shape fallback: NEA 2024 provincial RE monitoring bulletin is not an hourly machine-readable feed; Guangdong CSG-grid mixed wind+solar curtailment ~3.2 TWh/yr; NEA 2024 provincial RE monitoring bulletin.
ethiopia,Ethiopia,ETH,hydro,static,T3-modelled,T3,0.210411,2.560000,1.536000,3.584000,5.000000,false,0.292237,live,2024,2026-05-04T22:55:20.403Z,EEP fallback,https://www.eep.com.et/,ethiopia.json,Typical-shape fallback: EEP live feed unavailable (EEP public pages expose no machine-readable hourly GERD/hydro spill feed); GERD/cascade hydro spill ~5 TWh/yr calibrated to Blue Nile Kiremt monsoon (NH summer peak Jul-Aug). — current 30-day seasonal factor 0.51×
china-anhui,Anhui,CHN,solar,static,T3-modelled,T3,0.172603,2.100000,1.260000,2.940000,2.100000,false,0.906886,live,2024,2026-05-03T06:08:41.656Z,NEA 2024 provincial RE monitoring bulletin — solar curtailment ~2.1 TWh/yr,https://www.nea.gov.cn/20251113/cc1fb0298a2944f8bd5441f67c9be9b3/c.html,china-anhui.json,Typical-shape fallback: NEA 2024 provincial RE monitoring bulletin is not an hourly machine-readable feed; Anhui solar curtailment ~2.1 TWh/yr; NEA 2024 provincial RE monitoring bulletin.
gansu-wind,Gansu Wind,CHN,wind,static,T3-modelled,T3,0.147945,1.800000,1.080000,2.520000,3.000000,true,0.248693,live,2024,2026-05-05T04:45:15.895Z,NEA 2024 / Gansu MIIT generation,https://www.nea.gov.cn/20251113/cc1fb0298a2944f8bd5441f67c9be9b3/c.html,gansu.json,Typical-shape fallback: Ember GER 2025 + S&P Rising Curtailment in China 2024 / NEA feed unavailable (Ember/S&P/NEA China province curtailment references are not hourly machine-readable feeds); Jiuquan/Wuwei wind+solar curtailment anchored at ~3.0 TWh/yr. — wind share (60%)
china-liaoning,Liaoning,CHN,wind,static,T3-modelled,T3,0.131507,1.600000,0.960000,2.240000,1.600000,false,0.221061,live,2024,2026-05-03T06:08:43.994Z,NEA 2024 provincial RE monitoring bulletin — wind curtailment ~1.6 TWh/yr (northeast grid transmission constraint),https://www.nea.gov.cn/20251113/cc1fb0298a2944f8bd5441f67c9be9b3/c.html,china-liaoning.json,Typical-shape fallback: NEA 2024 provincial RE monitoring bulletin is not an hourly machine-readable feed; Liaoning wind curtailment ~1.6 TWh/yr; NEA 2024 provincial RE monitoring bulletin (northeast grid transmission constraint).
qinghai,Qinghai,CHN,solar,static,T3-modelled,T3,0.123288,1.500000,0.900000,2.100000,1.500000,false,0.647776,,2024,2026-04-25T22:39:32.558Z,NEA 2024 / Huaon-NBS generation,https://www.nea.gov.cn/20251113/cc1fb0298a2944f8bd5441f67c9be9b3/c.html,qinghai.json,Typical-shape fallback: Ember GER 2025 / NEA live feed unavailable (Ember/NEA Qinghai references do not expose hourly solar curtailment); Haixi solar corridor curtailment anchored at ~1.5 TWh/yr.
china-jiangsu-solar,Jiangsu Solar,CHN,solar,static,T3-modelled,T3,0.115068,1.400000,0.840000,1.960000,2.800000,true,0.604591,live,2024,2026-05-05T04:45:22.651Z,NEA 2024 provincial RE monitoring bulletin — solar curtailment (solar 50% of ~2.8 TWh/yr),https://www.nea.gov.cn/20251113/cc1fb0298a2944f8bd5441f67c9be9b3/c.html,china-jiangsu.json,Typical-shape fallback: NEA 2024 provincial RE monitoring bulletin is not an hourly machine-readable feed; Jiangsu offshore wind + solar curtailment ~2.8 TWh/yr; NEA 2024 provincial RE monitoring bulletin. — solar share (50%)
china-jiangsu-wind,Jiangsu Wind,CHN,wind,static,T3-modelled,T3,0.115068,1.400000,0.840000,1.960000,2.800000,true,0.193428,live,2024,2026-05-05T04:45:22.651Z,NEA 2024 provincial RE monitoring bulletin — offshore wind curtailment (wind 50% of ~2.8 TWh/yr),https://www.nea.gov.cn/20251113/cc1fb0298a2944f8bd5441f67c9be9b3/c.html,china-jiangsu.json,Typical-shape fallback: NEA 2024 provincial RE monitoring bulletin is not an hourly machine-readable feed; Jiangsu offshore wind + solar curtailment ~2.8 TWh/yr; NEA 2024 provincial RE monitoring bulletin. — wind share (50%)
british-columbia,British Columbia,CAN,hydro,static,T3-modelled,T3,0.103562,1.260000,0.756000,1.764000,1.400000,false,0.143836,,2024,2026-04-25T22:39:32.558Z,BC Hydro fallback,https://www.bchydro.com/,british-columbia.json,Typical-shape fallback: BC Hydro annual reports live feed unavailable (HTTP 403 for https://www.bchydro.com/); spring snowmelt oversupply (Columbia + Peace + Fraser systems) + Site C ramp. Calibrated to BC Hydro 2024 Integrated Resource Plan annex which documents ~1.4 TWh/yr export-constrained spill in average hydro years. — current 30-day seasonal factor 0.84×
pakistan-wind,Pakistan Wind,PAK,wind,static,T3-modelled,T3,0.099123,1.206000,0.723600,1.688400,,false,0.166624,live,2024,2026-05-05T04:45:31.876Z,"NEPRA State of Industry Report 2024: NPMV wind = 1,337 GWh FY2023-24 (Jhimpir/Gharo/Thatta wind corridor, Sindh). Wind 90% of total.",https://nepra.org.pk/publications/State%20of%20Industry%20Reports/State%20of%20Industry%20Report%202024.pdf,pakistan.json,"NEPRA State of Industry Report 2024 anchor: Non-Project Missed Volume (NPMV) for wind generation = 1,337 GWh in FY2023-24, equivalent to PKR 39.5 billion in compensation paid to wind IPPs for transmission-constrained dispatch-down in the Sindh wind corridor (Jhimpir/Gharo/Thatta). Solar curtailment exists per IGCEP narratives but is not separately quantified by NEPRA — small share-fraction held conservatively. Source: https://nepra.org.pk/publications/State%20of%20Industry%20Reports/State%20of%20Industry%20Report%202024.pdf — Gemini-3.1 research wave 2 (2026-04-30). — wind share (90%)"
gansu-solar,Gansu Solar,CHN,solar,static,T3-modelled,T3,0.098630,1.200000,0.720000,1.680000,3.000000,true,0.518221,live,2024,2026-05-05T04:45:15.895Z,NEA 2024 / Gansu MIIT generation,https://www.nea.gov.cn/20251113/cc1fb0298a2944f8bd5441f67c9be9b3/c.html,gansu.json,Typical-shape fallback: Ember GER 2025 + S&P Rising Curtailment in China 2024 / NEA feed unavailable (Ember/S&P/NEA China province curtailment references are not hourly machine-readable feeds); Jiuquan/Wuwei wind+solar curtailment anchored at ~3.0 TWh/yr. — solar share (40%)
mexico,Mexico,MEX,solar,static,T3-modelled,T3,0.098630,1.200000,0.720000,1.680000,5.200000,true,0.518221,live,2024,2026-05-04T22:55:15.878Z,SENER PRODESEN 2024-2038 + CRE confiabilidad reports — ~1.2 TWh/yr solar+wind curtailment from northern-grid transmission saturation (Sonora/Chihuahua/Coahuila/Oaxaca). Excludes hydro vertimientos. Gemini-3.1 research wave 2 (2026-04-30).,https://www.gob.mx/sener/documentos/programa-de-desarrollo-del-sistema-electrico-nacional-2024-2038,mexico.json,"SENER PRODESEN 2024-2038 anchor: ~1.2% of renewable generation curtailed in 2022 (~1 TWh) due to transmission-network saturation and CENACE operational restrictions, primarily in the northern grid (Sonora/Chihuahua/Coahuila solar; Oaxaca/Tehuantepec wind). 2023 industry estimates trend higher (~3.5%) per CRE confiabilidad reports. Anchor held at 1.2 TWh as a midpoint of PRODESEN-2022 (~1.0) and CRE-2023 (~3.5%-implied ~3 TWh). Hydro vertimientos NOT included in this figure — varies dramatically with annual hydrology. Sources: PRODESEN https://www.gob.mx/sener/documentos/programa-de-desarrollo-del-sistema-electrico-nacional-2024-2038 + CRE https://www.gob.mx/cre — Gemini-3.1 research wave 2 (2026-04-30)."
ukraine,Ukraine,UKR,solar,static,T3-modelled,T3,0.098630,1.200000,0.720000,1.680000,,false,0.518221,cached,2024,2026-04-25T22:39:32.558Z,Ember Ukraine 2024 (ENTSO-E absent post-war),https://ember-energy.org/global-insights/ukraine-electricity-tracker/,ukraine.json,"Ember Ukraine 2024 (ENTSO-E Ukrenergo data absent post-war; solar-dominant typical shape at 60/40 solar/wind, peaking ~UTC 09)"
china-shaanxi,Shaanxi,CHN,solar,static,T3-modelled,T3,0.090411,1.100000,0.660000,1.540000,1.100000,false,0.475036,live,2024,2026-05-03T06:08:47.112Z,NEA 2024 provincial RE monitoring bulletin — solar curtailment ~1.1 TWh/yr (Guanzhong basin PV),https://www.nea.gov.cn/20251113/cc1fb0298a2944f8bd5441f67c9be9b3/c.html,china-shaanxi.json,Typical-shape fallback: NEA 2024 provincial RE monitoring bulletin is not an hourly machine-readable feed; Shaanxi solar curtailment ~1.1 TWh/yr; NEA 2024 provincial RE monitoring bulletin (Guanzhong basin PV).
russia-mainland,Russia (European grid),RUS,hydro,static,T3-modelled,T3,0.088767,1.080000,0.648000,1.512000,1.000000,false,0.123288,,2024,2026-04-25T22:39:32.558Z,SO UES fallback,https://www.so-ups.ru/,russia-mainland.json,Typical-shape fallback: SO UES live feed unavailable (SO UES public pages do not expose unauthenticated hourly hydro-spill data); calibration anchor ~1 TWh/yr European Russia hydro spill. — current 30-day seasonal factor 1.08×
tibet,Tibet (Xizang),CHN,hydro,static,T3-modelled,T3,0.082849,1.008000,0.604800,1.411200,3.000000,false,0.115068,,2024,2026-04-25T22:39:32.558Z,NEA 2024 / Huaon-NBS generation,https://www.nea.gov.cn/20251113/cc1fb0298a2944f8bd5441f67c9be9b3/c.html,tibet.json,Typical-shape fallback: IEA China Energy Outlook / NEA live feed unavailable (IEA/NEA Tibet hydro spill references are not hourly machine-readable); Yarlung-Tsangpo high-altitude hydro spill anchored at ~3.0 TWh/yr. — current 30-day seasonal factor 0.34×
india-gujarat,Gujarat,IND,solar,static,T3-modelled,T3,0.082192,1.000000,0.600000,1.400000,1.000000,false,0.438744,live,2024,2026-05-03T07:15:01.118Z,GSLDC (Gujarat State Load Despatch Centre / GETCO) — RE curtailment reports at sldc.gujarat.gov.in. Geoblocked from non-Indian IP ranges; loader currently emits T3-modelled typical-shape calibrated to POSOCO/Ember India 2024 (~1.0 TWh/yr solar curtailment). Will be promoted to T1a-live-tso when the India-egress relay activates the live parse.,https://sldc.gujarat.gov.in/,india-gujarat.json,"GSLDC unreachable (fetch failed); Typical-shape T3-modelled fallback calibrated to POSOCO/Ember India 2024 (~1.0 TWh/yr solar curtailment, Gujarat Khavda-Kutch transmission bottlenecks). State-level GSLDC source established; will be promoted to T1a-live-tso when the India-egress relay activates the live parse."
india-tamil-nadu,Tamil Nadu,IND,wind,static,T3-modelled,T3,0.082192,1.000000,0.600000,1.400000,1.000000,false,0.138163,live,2024,2026-05-03T07:15:17.694Z,TNSLDC (Tamil Nadu State Load Despatch Centre / TANTRANSCO) — RE curtailment and system operation reports at tnsldc.com. Geoblocked from non-Indian IP ranges; loader currently emits T3-modelled typical-shape calibrated to POSOCO South Region 2024 (~1.0 TWh/yr wind curtailment; India's largest wind state). Will be promoted to T1a-live-tso when the India-egress relay activates the live parse.,https://tnsldc.com/,india-tamil-nadu.json,"TNSLDC unreachable (fetch failed); Typical-shape T3-modelled fallback calibrated to POSOCO South Region RE curtailment 2024 (~1.0 TWh/yr Tamil Nadu wind curtailment; India's largest wind state, Gulf of Mannar + Palladam-Coimbatore corridor). State-level TNSLDC source established; will be promoted to T1a-live-tso when the India-egress relay activates the live parse."
china-hunan-wind,Hunan Wind,CHN,wind,static,T3-modelled,T3,0.078082,0.950000,0.570000,1.330000,1.900000,true,0.131255,live,2024,2026-05-05T04:45:24.793Z,NEA 2024 provincial RE monitoring bulletin — wind curtailment (wind 50% of ~1.9 TWh/yr),https://www.nea.gov.cn/20251113/cc1fb0298a2944f8bd5441f67c9be9b3/c.html,china-hunan.json,Typical-shape fallback: NEA 2024 provincial RE monitoring bulletin is not an hourly machine-readable feed; Hunan mixed wind+solar+hydro curtailment ~1.9 TWh/yr; NEA 2024 provincial RE monitoring bulletin. — wind share (50%)
china-shanxi-wind,Shanxi Wind,CHN,wind,static,T3-modelled,T3,0.069041,0.840000,0.504000,1.176000,1.400000,true,0.116057,live,2024,2026-05-05T04:45:20.966Z,NEA 2024 provincial RE monitoring bulletin — wind curtailment (wind 60% of ~1.4 TWh/yr),https://www.nea.gov.cn/20251113/cc1fb0298a2944f8bd5441f67c9be9b3/c.html,china-shanxi.json,Typical-shape fallback: NEA 2024 provincial RE monitoring bulletin is not an hourly machine-readable feed; Shanxi mixed wind+solar curtailment ~1.4 TWh/yr; NEA 2024 provincial RE monitoring bulletin. — wind share (60%)
china-zhejiang,Zhejiang,CHN,mixed,static,T3-modelled,T3,0.065753,0.800000,0.480000,1.120000,0.800000,true,0.209454,live,2024,2026-05-03T06:08:47.958Z,NEA 2024 provincial RE monitoring bulletin — coastal mixed wind+solar curtailment ~0.8 TWh/yr,https://www.nea.gov.cn/20251113/cc1fb0298a2944f8bd5441f67c9be9b3/c.html,china-zhejiang.json,Typical-shape fallback: NEA 2024 provincial RE monitoring bulletin is not an hourly machine-readable feed; Zhejiang coastal mixed wind+solar curtailment ~0.8 TWh/yr; NEA 2024 provincial RE monitoring bulletin.
china-henan,Henan,CHN,solar,static,T3-modelled,T3,0.057534,0.700000,0.420000,0.980000,0.700000,false,0.302295,live,2024,2026-05-03T06:08:48.832Z,NEA 2024 provincial RE monitoring bulletin — solar curtailment ~0.7 TWh/yr,https://www.nea.gov.cn/20251113/cc1fb0298a2944f8bd5441f67c9be9b3/c.html,china-henan.json,Typical-shape fallback: NEA 2024 provincial RE monitoring bulletin is not an hourly machine-readable feed; Henan solar curtailment ~0.7 TWh/yr; NEA 2024 provincial RE monitoring bulletin.
china-hubei-solar,Hubei Solar,CHN,solar,static,T3-modelled,T3,0.049315,0.600000,0.360000,0.840000,1.500000,false,0.259110,live,2024,2026-05-05T04:45:26.515Z,"NEA 2024 provincial RE monitoring bulletin — solar curtailment (solar 40% of ~1.5 TWh/yr, Three Gorges basin)",https://www.nea.gov.cn/20251113/cc1fb0298a2944f8bd5441f67c9be9b3/c.html,china-hubei.json,Typical-shape fallback: NEA 2024 provincial RE monitoring bulletin is not an hourly machine-readable feed; Hubei mixed solar+wind+hydro curtailment ~1.5 TWh/yr; NEA 2024 provincial RE monitoring bulletin (Three Gorges basin; missed RE consumption target by 3 pp). — solar share (40%)
china-fujian,Fujian,CHN,mixed,static,T3-modelled,T3,0.049315,0.600000,0.360000,0.840000,0.600000,true,0.146888,live,2024,2026-05-03T06:08:49.963Z,NEA 2024 provincial RE monitoring bulletin — coastal mixed wind+solar curtailment ~0.6 TWh/yr,https://www.nea.gov.cn/20251113/cc1fb0298a2944f8bd5441f67c9be9b3/c.html,china-fujian.json,Typical-shape fallback: NEA 2024 provincial RE monitoring bulletin is not an hourly machine-readable feed; Fujian coastal mixed wind+solar curtailment ~0.6 TWh/yr; NEA 2024 provincial RE monitoring bulletin.
taiwan,Taiwan,TWN,mixed,static,T3-modelled,T3,0.049315,0.600000,0.360000,0.840000,0.600000,true,0.123084,,2024,2026-04-25T22:39:32.558Z,"TAIPOWER + TREC + IRENA 2024 anchor. Live promotion attempt 2026-04-29 reverted: TAIPOWER `genary.json` exposes current-unit output and instantaneous renewable percentages, not a 30-day public curtailment archive or single published curtailment rate. Held at T3 pending the archive/rate chain.",https://www.taipower.com.tw/d006/loadGraph/loadGraph/genshx_.html,taiwan.json,Typical-shape fallback: Taiwan live feed unavailable (Taipower/data.gov.tw/T-REC pages do not expose machine-readable hourly curtailment); calibration anchor ~0.6 TWh/yr offshore wind + solar curtailment. fuelShare: wind 67% / solar 33% per offshore-wind and southern-PV calibration.
china-hunan-solar,Hunan Solar,CHN,solar,static,T3-modelled,T3,0.046849,0.570000,0.342000,0.798000,1.900000,true,0.246155,live,2024,2026-05-05T04:45:24.793Z,NEA 2024 provincial RE monitoring bulletin — solar curtailment (solar 30% of ~1.9 TWh/yr),https://www.nea.gov.cn/20251113/cc1fb0298a2944f8bd5441f67c9be9b3/c.html,china-hunan.json,Typical-shape fallback: NEA 2024 provincial RE monitoring bulletin is not an hourly machine-readable feed; Hunan mixed wind+solar+hydro curtailment ~1.9 TWh/yr; NEA 2024 provincial RE monitoring bulletin. — solar share (30%)
china-shanxi-solar,Shanxi Solar,CHN,solar,static,T3-modelled,T3,0.046027,0.560000,0.336000,0.784000,1.400000,true,0.241836,live,2024,2026-05-05T04:45:20.966Z,NEA 2024 provincial RE monitoring bulletin — solar curtailment (solar 40% of ~1.4 TWh/yr),https://www.nea.gov.cn/20251113/cc1fb0298a2944f8bd5441f67c9be9b3/c.html,china-shanxi.json,Typical-shape fallback: NEA 2024 provincial RE monitoring bulletin is not an hourly machine-readable feed; Shanxi mixed wind+solar curtailment ~1.4 TWh/yr; NEA 2024 provincial RE monitoring bulletin. — solar share (40%)
argentina,Argentina,ARG,wind,static,T3-modelled,T3,0.041096,0.500000,0.300000,0.700000,0.500000,false,0.069081,,2024,2026-04-25T22:39:32.558Z,CAMMESA / IRENA fallback,https://cammesaweb.cammesa.com/,argentina.json,Typical-shape fallback: CAMMESA daily generation open data unreachable/not machine-readable (fetch failed); Patagonia wind curtailment scaled to ~0.5 TWh/yr.
india-karnataka,Karnataka,IND,solar,static,T3-modelled,T3,0.041096,0.500000,0.300000,0.700000,0.500000,false,0.219372,live,2024,2026-05-03T07:15:04.161Z,KSLDC (Karnataka State Load Despatch Centre) — real-time dashboard and curtailment PDFs at ksldc.in. Probed successfully in April 2026 coverage audit; parser not yet implemented. Loader currently emits T3-modelled typical-shape calibrated to POSOCO South Region 2024 (~0.5 TWh/yr Karnataka solar curtailment). Will be promoted to T1a-live-tso when the parser ships.,https://ksldc.in/,india-karnataka.json,KSLDC unreachable (fetch failed); Typical-shape T3-modelled fallback calibrated to POSOCO South Region RE curtailment 2024 (~0.5 TWh/yr Karnataka solar curtailment; Pavagada Solar Park + Bidar solar + growing wind). State-level KSLDC source established; will be promoted to T1a-live-tso when the parser is complete.
ningxia-solar,Ningxia Solar,CHN,solar,static,T3-modelled,T3,0.041096,0.500000,0.300000,0.700000,1.000000,true,0.219372,live,2024,2026-05-05T04:45:18.599Z,NEA 2024 / Huaon-NBS generation,https://www.nea.gov.cn/20251113/cc1fb0298a2944f8bd5441f67c9be9b3/c.html,ningxia.json,"Typical-shape fallback: Ember GER 2025 / NEA quarterly statistics unavailable as hourly feed (NEA provincial wind/solar curtailment statistics are quarterly, not hourly machine-readable); Ningxia wind+solar curtailment anchored at ~1.0 TWh/yr. — solar share (50%)"
ningxia-wind,Ningxia Wind,CHN,wind,static,T3-modelled,T3,0.041096,0.500000,0.300000,0.700000,1.000000,true,0.069081,live,2024,2026-05-05T04:45:18.599Z,NEA 2024 / Huaon-NBS generation,https://www.nea.gov.cn/20251113/cc1fb0298a2944f8bd5441f67c9be9b3/c.html,ningxia.json,"Typical-shape fallback: Ember GER 2025 / NEA quarterly statistics unavailable as hourly feed (NEA provincial wind/solar curtailment statistics are quarterly, not hourly machine-readable); Ningxia wind+solar curtailment anchored at ~1.0 TWh/yr. — wind share (50%)"
south-korea,South Korea (mainland),KOR,solar,static,T3-modelled,T3,0.041096,0.500000,0.300000,0.700000,0.500000,false,0.215925,,2024,2026-04-25T22:39:32.558Z,KPX fallback,https://www.kpx.or.kr/eng/,south-korea.json,"Typical-shape fallback: KPX mainland live feed unavailable (KPX/EPSIS pages are reachable, but the Data Portal KPX hourly solar/generation APIs require an approved serviceKey and no unauthenticated mainland curtailment feed was found); calibration anchor remains ~0.5 TWh/yr mainland solar curtailment, excluding Jeju."
kenya,Kenya,KEN,hydro,static,T3-modelled,T3,0.032992,0.401400,0.240840,0.561960,,false,0.339834,,2025-06,2026-04-25T22:39:32.558Z,EPRA 2025 (geothermal overnight venting),https://www.epra.go.ke/publications/,kenya.json,"Calibrated overnight-geothermal fallback per EPRA 2025 (EPRA publications page reachable but hourly curtailment feed is PDF-only, not machine-readable); 668.70 GWh FY2024/25 venting in UTC 21:00–02:00 window, Olkaria / Menengai geothermal fields — overnight venting (UTC 21-26), seasonal factor 0.60×"
china-jiangxi,Jiangxi,CHN,solar,static,T3-modelled,T3,0.032877,0.400000,0.240000,0.560000,0.400000,false,0.172740,live,2024,2026-05-03T06:08:50.833Z,"NEA 2024 provincial RE monitoring bulletin — solar curtailment ~0.4 TWh/yr (99.0% PV utilisation, 25+ GW distributed solar)",https://www.nea.gov.cn/20251113/cc1fb0298a2944f8bd5441f67c9be9b3/c.html,china-jiangxi.json,"Typical-shape fallback: NEA 2024 provincial RE monitoring bulletin is not an hourly machine-readable feed; Jiangxi solar curtailment ~0.4 TWh/yr; NEA 2024 provincial RE monitoring bulletin (99.0% PV utilisation, 25+ GW distributed solar)."
india-andhra-pradesh,Andhra Pradesh,IND,solar,static,T3-modelled,T3,0.032877,0.400000,0.240000,0.560000,0.400000,false,0.172740,live,2024,2026-05-03T07:14:59.915Z,APTRANSCO / APSLDC (Andhra Pradesh Transmission Corporation Ltd / State Load Despatch Centre) — RE curtailment data at apsldc.in. Geoblocked from non-Indian IP ranges; loader currently emits T3-modelled typical-shape calibrated to POSOCO Southern Region 2024 (~0.4 TWh/yr solar curtailment). Will be promoted to T1a-live-tso when the India-egress relay activates the live parse.,https://apsldc.in/,india-andhra-pradesh.json,"APSLDC unreachable (fetch failed); Typical-shape T3-modelled fallback calibrated to POSOCO Southern Region 2024 (~0.4 TWh/yr solar curtailment; Anantapur + Kadapa solar parks, Andhra Pradesh transmission bottlenecks post-bifurcation). State-level APSLDC source established; will be promoted to T1a-live-tso when the India-egress relay activates the live parse."
kazakhstan,Kazakhstan,KAZ,wind,static,T3-modelled,T3,0.032877,0.400000,0.240000,0.560000,7.900000,true,0.055265,,2024,2026-04-25T22:39:32.558Z,KEGOC fallback,https://www.kegoc.kz/,kazakhstan.json,Typical-shape fallback: KEGOC live feed unavailable (KEGOC public pages do not expose machine-readable hourly curtailment; market operator data is login-gated); Aktobe transmission-limited wind curtailment scaled to ~0.4 TWh/yr (Qazaq Green 2024: ~7.5 TWh RES with 5-8% systemic curtailment).
morocco,Morocco,MAR,mixed,static,T3-modelled,T3,0.032877,0.400000,0.240000,0.560000,0.400000,true,0.055265,,2024,2026-04-25T22:39:32.558Z,ANRE 2024 (south-north transmission),http://www.anre.ma/,morocco.json,"Typical-shape fallback: ANRE Morocco live feed unavailable (ANRE Morocco publishes annual regulatory reports but no hourly curtailment feed); ~0.4 TWh/yr mixed wind+solar curtailment from 9,363 GWh 2024 wind × 3% transmission-limited proxy + Noor CSP spill"
china-hubei-wind,Hubei Wind,CHN,wind,static,T3-modelled,T3,0.032055,0.390000,0.234000,0.546000,1.500000,false,0.053884,live,2024,2026-05-05T04:45:26.515Z,"NEA 2024 provincial RE monitoring bulletin — wind curtailment (wind 26% of ~1.5 TWh/yr, Three Gorges basin)",https://www.nea.gov.cn/20251113/cc1fb0298a2944f8bd5441f67c9be9b3/c.html,china-hubei.json,Typical-shape fallback: NEA 2024 provincial RE monitoring bulletin is not an hourly machine-readable feed; Hubei mixed solar+wind+hydro curtailment ~1.5 TWh/yr; NEA 2024 provincial RE monitoring bulletin (Three Gorges basin; missed RE consumption target by 3 pp). — wind share (26%)
jordan,Jordan,JOR,solar,static,T3-modelled,T3,0.028767,0.350000,0.210000,0.490000,0.350000,true,0.066131,,2024,2026-04-25T22:39:32.558Z,NEPCO fallback,https://www.nepco.com.jo/,jordan.json,Typical-shape fallback: NEPCO live feed unavailable (NEPCO public pages cite curtailment but expose no hourly machine-readable feed); calibration anchor ~0.35 TWh/yr wind + solar curtailment. fuelShare: wind 70% / solar 30% from 17% wind-curtailment headline plus Ma'an solar estimate.
quebec,Quebec,CAN,hydro,static,T3-modelled,T3,0.026630,0.324000,0.194400,0.453600,0.300000,false,0.036986,,2024,2026-04-25T22:39:32.558Z,Hydro-Quebec fallback,https://www.hydroquebec.com/,quebec.json,Typical-shape fallback: Hydro-Quebec Sustainability Report live feed unavailable (Hydro-Quebec reports do not expose machine-readable hourly spill data); export-absorbed spring/summer surplus anchored at ~0.3 TWh/yr. — current 30-day seasonal factor 1.08×
egypt,Egypt,EGY,solar,static,T3-modelled,T3,0.024658,0.300000,0.180000,0.420000,0.300000,false,0.129555,,2024,2026-04-25T22:39:32.558Z,NREA / Benban frequency disconnections,https://nrea.gov.eg/,egypt.json,Typical-shape fallback: NREA Egypt live feed unavailable (NREA public pages publish annual/monthly PDFs but no machine-readable hourly curtailment feed); Benban PV curtailment calibrated to ~0.3 TWh/yr from ~200 hrs frequency-driven disconnection events 2024
india-maharashtra,Maharashtra,IND,mixed,static,T3-modelled,T3,0.024658,0.300000,0.180000,0.420000,0.300000,false,0.085415,live,2024,2026-05-03T07:15:05.241Z,MSLDC (Maharashtra State Load Despatch Centre / MSEDCL) — RE curtailment and system data at msldc.mahavedha.com. Geoblocked from non-Indian IP ranges; loader currently emits T3-modelled typical-shape calibrated to POSOCO Western Region 2024 (~0.3 TWh/yr mixed solar+wind curtailment; Solapur solar + Satara/Dhule wind corridor). Will be promoted to T1a-live-tso when the India-egress relay activates the live parse.,https://msldc.mahavedha.com/,india-maharashtra.json,MSLDC unreachable (fetch failed); Typical-shape T3-modelled fallback calibrated to POSOCO Western Region 2024 (~0.3 TWh/yr mixed solar+wind curtailment; Solapur solar parks + Satara/Dhule wind corridor). Split 55% solar / 45% wind based on MW-weighted generation capacity (MNRE 2024). State-level MSLDC source established; will be promoted to T1a-live-tso when the India-egress relay activates the live parse.
indonesia,Indonesia,IDN,solar,static,T3-modelled,T3,0.024658,0.300000,0.180000,0.420000,0.300000,false,0.129555,,2024,2026-04-25T22:39:32.558Z,PLN fallback,https://web.pln.co.id/,indonesia.json,Typical-shape fallback: PLN live feed unavailable (PLN public pages do not expose machine-readable hourly curtailment); calibration anchor ~0.3 TWh/yr Java-Bali solar curtailment.
iran,Iran,IRN,solar,static,T3-modelled,T3,0.024658,0.300000,0.180000,0.420000,0.300000,false,0.129555,,2024,2024-01-01T00:00:00.000Z,TAVANIR fallback,https://www.tavanir.org.ir/,iran.json,"No public hourly curtailment feed; TAVANIR 2024 opaque public data, Yazd/Kerman solar curtailment anchored at ~0.3 TWh/yr × typical solar profile shape (T3-modelled, ±40% envelope)."
saudi-solar,Saudi Arabia (solar),SAU,solar,static,T3-modelled,T3,0.024658,0.300000,0.180000,0.420000,0.300000,false,0.129555,,2024,2024-01-01T00:00:00.000Z,GASTAT 2024 (5.2% curtailment ~0.8 TWh; grid constraints vs Sudair/Sakaka/NEOM scale-up). Gemini-3.1 research wave 4 (2026-04-30).,https://www.stats.gov.sa/,saudi-solar.json,"No public hourly curtailment feed; SEC/ECRA public pages do not expose hourly solar curtailment, so the ~0.3 TWh/yr Sudair/Sakaka solar calibration anchor is applied to a typical solar profile shape (T3-modelled, ±40% envelope)."
thailand,Thailand,THA,solar,static,T3-modelled,T3,0.024658,0.300000,0.180000,0.420000,0.300000,false,0.131623,live,2024,2026-05-04T22:55:17.501Z,EGAT fallback,https://www.egat.co.th/en/,thailand.json,Typical-shape fallback: EGAT/ERC live feed unavailable (HTTP 404 for https://www.egat.co.th/en/); solar curtailment scaled to ~0.3 TWh/yr.
china-beijing,Beijing,CHN,solar,static,T3-modelled,T3,0.023014,0.280000,0.168000,0.392000,0.280000,false,0.120918,live,2024,2026-05-03T06:08:51.959Z,NEA 2024 provincial RE monitoring bulletin — solar curtailment ~0.28 TWh/yr,https://www.nea.gov.cn/20251113/cc1fb0298a2944f8bd5441f67c9be9b3/c.html,china-beijing.json,Typical-shape fallback: NEA 2024 provincial RE monitoring bulletin is not an hourly machine-readable feed; Beijing solar curtailment ~0.28 TWh/yr; NEA 2024 provincial RE monitoring bulletin.
honduras,Honduras,HND,solar,static,T3-modelled,T3,0.016438,0.200000,0.120000,0.280000,0.200000,false,0.086370,,2023,2026-04-25T22:39:32.558Z,ODS Honduras fallback,https://ods.org.hn/,honduras.json,Typical-shape fallback: ODS live feed unavailable (fetch failed); Honduras solar+wind curtailment calibrated to ODS-reported 201.87 GWh for 2023 (~0.2 TWh/yr).
india-east,India East,IND,solar,static,T3-modelled,T3,0.016438,0.200000,0.120000,0.280000,0.200000,false,0.086370,,2024,2026-04-25T22:39:32.558Z,ERLDC fallback,https://erldc.in/,india-east.json,Typical-shape fallback: ERLDC 2024 live feed unavailable (fetch failed); Odisha and West Bengal emerging PV curtailment anchored at ~0.2 TWh/yr.
manitoba,Manitoba,CAN,mixed,static,T3-modelled,T3,0.016438,0.200000,0.120000,0.280000,0.200000,false,0.025712,,2024,2026-04-25T22:39:32.558Z,Manitoba Hydro fallback,https://www.hydro.mb.ca/,manitoba.json,Typical-shape fallback: Manitoba Hydro corporate reports live feed unavailable (Manitoba Hydro corporate reports do not expose hourly wind/hydro curtailment data); wind plus hydro curtailment anchored at ~0.2 TWh/yr.
nt-pilbara,NT & Pilbara,AUS,solar,static,T3-modelled,T3,0.016438,0.200000,0.120000,0.280000,0.200000,false,0.086370,,2024,2026-04-25T22:39:32.558Z,Horizon/Pilbara fallback,https://www.horizonpower.com.au/,nt-pilbara.json,Typical-shape fallback: NT/Pilbara live feed unavailable (HTTP 403 for https://www.horizonpower.com.au/); calibration anchor ~0.2 TWh/yr captive solar curtailment.
uae,UAE,ARE,solar,static,T3-modelled,T3,0.016438,0.200000,0.120000,0.280000,0.200000,false,0.086370,,2024,2024-01-01T00:00:00.000Z,DEWA/EWEC fallback,https://www.dewa.gov.ae/,uae.json,"No public hourly curtailment feed; DEWA/EWEC public pages do not expose hourly solar curtailment, so the ~0.2 TWh/yr calibration anchor is applied to a typical solar profile shape (T3-modelled, ±40% envelope)."
china-tianjin,Tianjin,CHN,mixed,static,T3-modelled,T3,0.013151,0.160000,0.096000,0.224000,0.160000,true,0.039170,live,2024,2026-05-03T06:08:55.101Z,NEA 2024 provincial RE monitoring bulletin — mixed wind+solar curtailment ~0.16 TWh/yr,https://www.nea.gov.cn/20251113/cc1fb0298a2944f8bd5441f67c9be9b3/c.html,china-tianjin.json,Typical-shape fallback: NEA 2024 provincial RE monitoring bulletin is not an hourly machine-readable feed; Tianjin mixed wind+solar curtailment ~0.16 TWh/yr; NEA 2024 provincial RE monitoring bulletin.
israel,Israel,ISR,solar,static,T3-modelled,T3,0.012329,0.150000,0.090000,0.210000,0.150000,false,0.064778,,2024,2026-04-25T22:39:32.558Z,Noga fallback,https://www.noga-iso.co.il/,israel.json,Typical-shape fallback: Israel live feed unavailable (HTTP 403 for https://www.noga-iso.co.il/); calibration anchor ~0.15 TWh/yr Negev solar curtailment.
malaysia,Malaysia,MYS,solar,static,T3-modelled,T3,0.012329,0.150000,0.090000,0.210000,0.150000,false,0.064778,,2024,2026-04-25T22:39:32.558Z,"IRENA Malaysia 2024 + Suruhanjaya Tenaga (ST) 2024 anchor (~0.15 TWh/yr provisional). Gemini-3.1 research wave 2026-04-29: SEDA / ST policy classifies systemic renewable curtailment as a 'rising risk' for Peninsular Malaysia but reports current operations as stable; no published annual curtailment TWh figure exists yet. Live promotion attempt reverted (GSO real-time solar feed is generation-only, not curtailment). Held at T3 pending publication of a real curtailment figure.",https://www.gso.org.my/,malaysia.json,Typical-shape fallback: TNB/SEDA live feed unavailable (TNB/SEDA public pages do not expose unauthenticated hourly curtailment); calibration anchor ~0.15 TWh/yr Peninsular solar curtailment.
mongolia,Mongolia,MNG,wind,static,T3-modelled,T3,0.012329,0.150000,0.090000,0.210000,0.150000,false,0.020724,,2024,2026-04-25T22:39:32.558Z,NPTG fallback,https://nptg.mn/,mongolia.json,Typical-shape fallback: NPTG 2024 live feed unavailable (fetch failed); Salkhit and Tsetsii wind cluster curtailment anchored at ~0.15 TWh/yr.
saskatchewan,Saskatchewan,CAN,wind,static,T3-modelled,T3,0.012329,0.150000,0.090000,0.210000,0.150000,false,0.020724,,2024,2026-04-25T22:39:32.558Z,SaskPower fallback,https://www.saskpower.com/,saskatchewan.json,Typical-shape fallback: SaskPower 2024 live feed unavailable (SaskPower annual reports do not expose hourly wind curtailment data); growing wind curtailment anchored at ~0.15 TWh/yr.
pakistan-solar,Pakistan Solar,PAK,solar,static,T3-modelled,T3,0.011014,0.134000,0.080400,0.187600,,false,0.057868,live,2024,2026-05-05T04:45:31.876Z,"NEPRA State of Industry Report 2024: solar curtailment not separately quantified, held conservatively at ~10% of total. Gemini-3.1 research wave 2 (2026-04-30).",https://nepra.org.pk/publications/State%20of%20Industry%20Reports/State%20of%20Industry%20Report%202024.pdf,pakistan.json,"NEPRA State of Industry Report 2024 anchor: Non-Project Missed Volume (NPMV) for wind generation = 1,337 GWh in FY2023-24, equivalent to PKR 39.5 billion in compensation paid to wind IPPs for transmission-constrained dispatch-down in the Sindh wind corridor (Jhimpir/Gharo/Thatta). Solar curtailment exists per IGCEP narratives but is not separately quantified by NEPRA — small share-fraction held conservatively. Source: https://nepra.org.pk/publications/State%20of%20Industry%20Reports/State%20of%20Industry%20Report%202024.pdf — Gemini-3.1 research wave 2 (2026-04-30). — solar share (10%)"
china-guizhou-solar,Guizhou Solar,CHN,solar,static,T3-modelled,T3,0.010274,0.125000,0.075000,0.175000,0.250000,false,0.053981,live,2024,2026-05-05T04:45:28.268Z,NEA 2024 provincial RE monitoring bulletin — solar curtailment (solar 50% of ~0.25 TWh/yr),https://www.nea.gov.cn/20251113/cc1fb0298a2944f8bd5441f67c9be9b3/c.html,china-guizhou.json,Typical-shape fallback: NEA 2024 provincial RE monitoring bulletin is not an hourly machine-readable feed; Guizhou mixed solar+hydro curtailment ~0.25 TWh/yr; NEA 2024 provincial RE monitoring bulletin. — solar share (50%)
bangladesh,Bangladesh,BGD,solar,static,T3-modelled,T3,0.008219,0.100000,0.060000,0.140000,0.100000,false,0.043185,,2024,2026-04-25T22:39:32.558Z,BPDB fallback,https://bpdb.gov.bd/,bangladesh.json,Typical-shape fallback: BPDB 2024 live feed unavailable (fetch failed); rooftop plus utility PV curtailment anchored at ~0.1 TWh/yr.
cyprus,Cyprus,CYP,solar,static,T3-modelled,T3,0.008219,0.100000,0.060000,0.140000,0.100000,false,0.043185,live,2024,2026-05-04T22:55:20.089Z,TSOC fallback,https://tsoc.org.cy/,cyprus.json,Typical-shape fallback: TSOC/EAC live feed unavailable (HTTP 403 for https://tsoc.org.cy/); isolated-grid solar curtailment scaled to ~0.1 TWh/yr.
iraq-mainland,Iraq (non-flare),IRQ,solar,static,T3-modelled,T3,0.008219,0.100000,0.060000,0.140000,0.100000,false,0.043185,,2024,2026-04-25T22:39:32.558Z,Ministry of Electricity fallback,https://moelc.gov.iq/,iraq-mainland.json,"Typical-shape fallback: Iraq Ministry of Electricity 2024 live feed unavailable (Iraq Ministry public pages do not expose hourly solar curtailment data); Karbala and Dhi Qar PV curtailment anchored at ~0.1 TWh/yr, separate from flare region."
oman,Oman,OMN,solar,static,T3-modelled,T3,0.008219,0.100000,0.060000,0.140000,0.100000,false,0.043185,,2024,2026-04-25T22:39:32.558Z,OPWP fallback,https://www.omanpwp.om/,oman.json,Typical-shape fallback: Oman live feed unavailable (fetch failed); calibration anchor ~0.1 TWh/yr solar curtailment.
china-chongqing-solar,Chongqing Solar,CHN,solar,static,T3-modelled,T3,0.007233,0.088000,0.052800,0.123200,0.220000,false,0.038003,live,2024,2026-05-05T04:45:30.162Z,"NEA 2024 provincial RE monitoring bulletin — solar curtailment (solar 40% of ~0.22 TWh/yr, Yangtze basin)",https://www.nea.gov.cn/20251113/cc1fb0298a2944f8bd5441f67c9be9b3/c.html,china-chongqing.json,Typical-shape fallback: NEA 2024 provincial RE monitoring bulletin is not an hourly machine-readable feed; Chongqing mixed hydro+solar curtailment ~0.22 TWh/yr; NEA 2024 provincial RE monitoring bulletin (Yangtze basin). — solar share (40%)
jeju,Jeju (S. Korea),KOR,wind,static,T3-modelled,T3,0.004110,0.050000,0.030000,0.070000,0.050000,true,0.006908,,2024,2026-04-25T22:39:32.558Z,KPX Jeju fallback,https://www.kpx.or.kr/,jeju.json,"Typical-shape fallback: KPX live feed unavailable (KPX public pages do not expose a stable machine-readable hourly Jeju curtailment feed); Jeju island-grid wind+solar curtailment calibrated to ~0.05 TWh/yr (KPX reports 181+ curtailment events in 2023, up from 19 GWh measured in 2020)."
kurdistan,Kurdistan (KRG),IRQ,solar,static,T3-modelled,T3,0.004110,0.050000,0.030000,0.070000,0.050000,false,0.021593,,2024,2026-04-25T22:39:32.558Z,KRG Ministry fallback,https://gov.krd/moel-en/,kurdistan.json,Typical-shape fallback: KRG Ministry of Electricity live feed unavailable (HTTP 403 for https://gov.krd/moel-en/); nominal Kurdistan solar curtailment anchored at ~0.05 TWh/yr.
namibia,Namibia,NAM,solar,static,T3-modelled,T3,0.004110,0.050000,0.030000,0.070000,0.050000,false,0.021593,,2025,2026-04-25T22:39:32.558Z,NamPower ISB 2025,https://www.nampower.com.na/,namibia.json,Typical-shape fallback: NamPower live feed unavailable (NamPower public pages expose corporate reports but no hourly curtailment feed); small isolated-grid solar+wind curtailment ~0.05 TWh/yr per NamPower ISB 2025 (275 MW hosting capacity ceiling)
china-hainan,Hainan,CHN,solar,static,T3-modelled,T3,0.000822,0.010000,0.006000,0.014000,0.010000,false,0.004319,live,2024,2026-05-03T06:08:55.985Z,NEA 2024 provincial RE monitoring bulletin — solar curtailment ~0.01 TWh/yr (99.8% PV utilisation; near-zero),https://www.nea.gov.cn/20251113/cc1fb0298a2944f8bd5441f67c9be9b3/c.html,china-hainan.json,Typical-shape fallback: NEA 2024 provincial RE monitoring bulletin is not an hourly machine-readable feed; Hainan solar curtailment ~0.01 TWh/yr; NEA 2024 provincial RE monitoring bulletin (99.8% PV utilisation; near-zero).
china-shanghai,Shanghai,CHN,solar,static,T3-modelled,T3,0.000822,0.010000,0.006000,0.014000,0.010000,false,0.004319,live,2024,2026-05-03T06:08:56.829Z,"NEA 2024 provincial RE monitoring bulletin — solar curtailment ~0.01 TWh/yr (100% PV utilisation; effectively zero, placeholder)",https://www.nea.gov.cn/20251113/cc1fb0298a2944f8bd5441f67c9be9b3/c.html,china-shanghai.json,"Typical-shape fallback: NEA 2024 provincial RE monitoring bulletin is not an hourly machine-readable feed; Shanghai solar curtailment ~0.01 TWh/yr; NEA 2024 provincial RE monitoring bulletin (100% PV utilisation; effectively zero, placeholder)."
