report_title,date,fuel,from_time,to_time,duration_hours,actual_generation_mw,relief_mw,curtailed_mwh,curtailed_twh,reason,extraction_method,confidence,source_page,notes,source_url
Curtailment_RE_Power_Jan.2026,2026-01-14,solar,13:52,14:40,0.8000,6523.000,152.000,121.600,0.000121600,Due to overload of 400 KV GSS Bhadla ICT's,manual_from_scanned_pdf,medium,14,Source is image-only under pdftotext; values transcribed from rendered page 14.,https://sldc.rajasthan.gov.in/rrvpnl/download/12/697ec76b4b8cb_Curtailment_RE_Power_Jan.2026.pdf
Curtailment_RE_Power_Jan.2026,2026-01-14,solar,14:40,16:25,1.7500,5745.000,1108.000,1939.000,0.001939000,Due to multiple tripping in RE pocket of Rajasthan,manual_from_scanned_pdf,medium,15,Source is image-only under pdftotext; values transcribed from rendered page 15.,https://sldc.rajasthan.gov.in/rrvpnl/download/12/697ec76b4b8cb_Curtailment_RE_Power_Jan.2026.pdf
Curtailment_RE_Power_30 & 31 march 2026,2026-03-30,solar,13:48,15:15,1.4500,8470.000,55.000,79.750,0.000079750,Due to overloading of ICT's at 400 KV GSS Bikaner,manual_from_scanned_pdf,medium,1,Source is image-only under pdftotext; values transcribed from rendered page 1.,https://sldc.rajasthan.gov.in/rrvpnl/download/12/69ccecaa19810_Curtailment_RE_Power_30&31march2026.pdf
Curtailment_RE_Power_30 & 31 march 2026,2026-03-30,solar,13:50,15:31,1.6833,8636.000,75.000,126.250,0.000126250,Due to overloading of ICT's at 400 KV GSS Bhadla,manual_from_scanned_pdf,medium,2,Source is image-only under pdftotext; values transcribed from rendered page 2.,https://sldc.rajasthan.gov.in/rrvpnl/download/12/69ccecaa19810_Curtailment_RE_Power_30&31march2026.pdf
Curtailment_RE_Power_30 & 31 march 2026,2026-03-31,solar,10:28,11:20,0.8667,6078.000,60.000,52.000,0.000052000,Due to overloading of ICT's at 400 KV GSS Bikaner,manual_from_scanned_pdf,medium,3,Source is image-only under pdftotext; values transcribed from rendered page 3.,https://sldc.rajasthan.gov.in/rrvpnl/download/12/69ccecaa19810_Curtailment_RE_Power_30&31march2026.pdf
Curtailment_RE_Power_30 & 31 march 2026,2026-03-31,solar,11:20,13:25,2.0833,6077.000,58.000,120.833,0.000120833,Due to overloading of ICT's at 400 KV GSS Bikaner,manual_from_scanned_pdf,medium,4,Source is image-only under pdftotext; values transcribed from rendered page 4.,https://sldc.rajasthan.gov.in/rrvpnl/download/12/69ccecaa19810_Curtailment_RE_Power_30&31march2026.pdf
Curtailment_RE_Power_30 & 31 march 2026,2026-03-31,solar,12:23,15:06,2.7167,6473.000,70.000,190.167,0.000190167,Due to overloading of ICT's at 400 KV GSS Bhadla,manual_from_scanned_pdf,medium,5,Source is image-only under pdftotext; values transcribed from rendered page 5.,https://sldc.rajasthan.gov.in/rrvpnl/download/12/69ccecaa19810_Curtailment_RE_Power_30&31march2026.pdf
Curtailment_RE_Power_30 & 31 march 2026,2026-03-31,solar,13:25,15:06,1.6833,6869.000,50.000,84.167,0.000084167,Due to overloading of ICT's at 400 KV GSS Bikaner and outage of 220 KV Bikaner-Suratgarh line,manual_from_scanned_pdf,medium,6,Source is image-only under pdftotext; values transcribed from rendered page 6.,https://sldc.rajasthan.gov.in/rrvpnl/download/12/69ccecaa19810_Curtailment_RE_Power_30&31march2026.pdf
Curtailment_RE_Power_20march 2026 to 28 march 2026,2026-03-20,solar,10:10,14:30,4.3333,5649.000,50.000,216.667,0.000216667,Due to overloading Bikaner ICT's,manual_from_scanned_pdf,medium,1,Source is image-only under pdftotext; values transcribed from rendered page 1.,https://sldc.rajasthan.gov.in/rrvpnl/download/12/69c8d1eae19d0_Curtailment_RE_Power_20march2026to28march2026.pdf
Curtailment_RE_Power_20march 2026 to 28 march 2026,2026-03-20,solar,11:09,15:10,4.0167,6394.000,90.000,361.500,0.000361500,Due to overloading Bhadla ICT's,manual_from_scanned_pdf,medium,2,Source is image-only under pdftotext; values transcribed from rendered page 2.,https://sldc.rajasthan.gov.in/rrvpnl/download/12/69c8d1eae19d0_Curtailment_RE_Power_20march2026to28march2026.pdf
Curtailment_RE_Power_20march 2026 to 28 march 2026,2026-03-21,solar,10:44,13:30,2.7667,7229.000,1005.000,2780.500,0.002780500,Due to high frequency and heavy underdrawal in Rajasthan with real-time loading,manual_from_scanned_pdf,medium,3,Source is image-only under pdftotext; values transcribed from rendered page 3; mixed-fuel row split by reported solar and wind curtailment MW.,https://sldc.rajasthan.gov.in/rrvpnl/download/12/69c8d1eae19d0_Curtailment_RE_Power_20march2026to28march2026.pdf
Curtailment_RE_Power_20march 2026 to 28 march 2026,2026-03-21,wind,10:44,13:30,2.7667,7229.000,105.000,290.500,0.000290500,Due to high frequency and heavy underdrawal in Rajasthan with real-time loading,manual_from_scanned_pdf,medium,3,Source is image-only under pdftotext; values transcribed from rendered page 3; mixed-fuel row split by reported solar and wind curtailment MW.,https://sldc.rajasthan.gov.in/rrvpnl/download/12/69c8d1eae19d0_Curtailment_RE_Power_20march2026to28march2026.pdf
Curtailment_RE_Power_20march 2026 to 28 march 2026,2026-03-21,solar,13:30,14:48,1.3000,5804.000,1405.000,1826.500,0.001826500,Due to high frequency and heavy underdrawal in Rajasthan with real-time loading,manual_from_scanned_pdf,medium,4,Source is image-only under pdftotext; values transcribed from rendered page 4; mixed-fuel row split by reported solar and wind curtailment MW.,https://sldc.rajasthan.gov.in/rrvpnl/download/12/69c8d1eae19d0_Curtailment_RE_Power_20march2026to28march2026.pdf
Curtailment_RE_Power_20march 2026 to 28 march 2026,2026-03-21,wind,13:30,14:48,1.3000,5804.000,205.000,266.500,0.000266500,Due to high frequency and heavy underdrawal in Rajasthan with real-time loading,manual_from_scanned_pdf,medium,4,Source is image-only under pdftotext; values transcribed from rendered page 4; mixed-fuel row split by reported solar and wind curtailment MW.,https://sldc.rajasthan.gov.in/rrvpnl/download/12/69c8d1eae19d0_Curtailment_RE_Power_20march2026to28march2026.pdf
Curtailment_RE_Power_20march 2026 to 28 march 2026,2026-03-22,solar,10:05,15:36,5.5167,5730.000,1234.000,6807.567,0.006807567,Due to heavy underdrawal and high frequency in system,manual_from_scanned_pdf,medium,5,Source is image-only under pdftotext; values transcribed from rendered page 5; mixed-fuel row split by reported solar and wind curtailment MW.,https://sldc.rajasthan.gov.in/rrvpnl/download/12/69c8d1eae19d0_Curtailment_RE_Power_20march2026to28march2026.pdf
Curtailment_RE_Power_20march 2026 to 28 march 2026,2026-03-22,wind,10:05,15:36,5.5167,5730.000,16.000,88.267,0.000088267,Due to heavy underdrawal and high frequency in system,manual_from_scanned_pdf,medium,5,Source is image-only under pdftotext; values transcribed from rendered page 5; mixed-fuel row split by reported solar and wind curtailment MW.,https://sldc.rajasthan.gov.in/rrvpnl/download/12/69c8d1eae19d0_Curtailment_RE_Power_20march2026to28march2026.pdf
Curtailment_RE_Power_20march 2026 to 28 march 2026,2026-03-23,solar,10:38,11:50,1.2000,5497.000,90.000,108.000,0.000108000,Due to overloading of ICT's at Bikaner,manual_from_scanned_pdf,medium,6,Source is image-only under pdftotext; values transcribed from rendered page 6.,https://sldc.rajasthan.gov.in/rrvpnl/download/12/69c8d1eae19d0_Curtailment_RE_Power_20march2026to28march2026.pdf
Curtailment_RE_Power_20march 2026 to 28 march 2026,2026-03-23,solar,10:54,14:52,3.9667,6714.000,120.000,476.000,0.000476000,Due to overloading of ICT's at Bhadla,manual_from_scanned_pdf,medium,7,Source is image-only under pdftotext; values transcribed from rendered page 7.,https://sldc.rajasthan.gov.in/rrvpnl/download/12/69c8d1eae19d0_Curtailment_RE_Power_20march2026to28march2026.pdf
Curtailment_RE_Power_20march 2026 to 28 march 2026,2026-03-23,solar,11:50,14:52,3.0333,6958.000,130.000,394.333,0.000394333,Due to overloading of ICT's at Bikaner,manual_from_scanned_pdf,medium,8,Source is image-only under pdftotext; values transcribed from rendered page 8.,https://sldc.rajasthan.gov.in/rrvpnl/download/12/69c8d1eae19d0_Curtailment_RE_Power_20march2026to28march2026.pdf
Curtailment_RE_Power_20march 2026 to 28 march 2026,2026-03-24,solar,10:50,12:23,1.5500,6898.000,100.000,155.000,0.000155000,Due to overloading of ICT's at Bikaner,manual_from_scanned_pdf,medium,9,Source is image-only under pdftotext; values transcribed from rendered page 9.,https://sldc.rajasthan.gov.in/rrvpnl/download/12/69c8d1eae19d0_Curtailment_RE_Power_20march2026to28march2026.pdf
Curtailment_RE_Power_20march 2026 to 28 march 2026,2026-03-24,solar,11:08,15:00,3.8667,6983.000,135.000,522.000,0.000522000,Due to overloading of ICT's at 400 KV GSS Bhadla,manual_from_scanned_pdf,medium,10,Source is image-only under pdftotext; values transcribed from rendered page 10.,https://sldc.rajasthan.gov.in/rrvpnl/download/12/69c8d1eae19d0_Curtailment_RE_Power_20march2026to28march2026.pdf
Curtailment_RE_Power_20march 2026 to 28 march 2026,2026-03-24,solar,12:23,15:00,2.6167,6984.000,140.000,366.333,0.000366333,Due to overloading of ICT's at 400 KV GSS Bikaner,manual_from_scanned_pdf,medium,11,Source is image-only under pdftotext; values transcribed from rendered page 11.,https://sldc.rajasthan.gov.in/rrvpnl/download/12/69c8d1eae19d0_Curtailment_RE_Power_20march2026to28march2026.pdf
Curtailment_RE_Power_20march 2026 to 28 march 2026,2026-03-27,solar,10:25,12:09,1.7333,6615.000,102.000,176.800,0.000176800,Due to overloading of ICT at 400 KV Bikaner,manual_from_scanned_pdf,medium,14,Source is image-only under pdftotext; values transcribed from rendered page 14.,https://sldc.rajasthan.gov.in/rrvpnl/download/12/69c8d1eae19d0_Curtailment_RE_Power_20march2026to28march2026.pdf
Curtailment_RE_Power_20march 2026 to 28 march 2026,2026-03-27,solar,10:50,15:02,4.2000,7008.000,105.000,441.000,0.000441000,Due to overloading of ICT at 400 KV Bhadla,manual_from_scanned_pdf,medium,15,Source is image-only under pdftotext; values transcribed from rendered page 15.,https://sldc.rajasthan.gov.in/rrvpnl/download/12/69c8d1eae19d0_Curtailment_RE_Power_20march2026to28march2026.pdf
Curtailment_RE_Power_20march 2026 to 28 march 2026,2026-03-27,solar,12:09,15:32,3.3833,7170.000,90.000,304.500,0.000304500,Due to overloading of ICT at 400 KV Bikaner,manual_from_scanned_pdf,medium,16,Source is image-only under pdftotext; values transcribed from rendered page 16.,https://sldc.rajasthan.gov.in/rrvpnl/download/12/69c8d1eae19d0_Curtailment_RE_Power_20march2026to28march2026.pdf
Curtailment_RE_Power_20march 2026 to 28 march 2026,2026-03-28,solar,11:01,15:31,4.5000,7470.000,95.000,427.500,0.000427500,Due to overloading on ICT's at Bikaner and 220 KV Gajner-Bikaner line,manual_from_scanned_pdf,medium,17,Source is image-only under pdftotext; values transcribed from rendered page 17.,https://sldc.rajasthan.gov.in/rrvpnl/download/12/69c8d1eae19d0_Curtailment_RE_Power_20march2026to28march2026.pdf
Curtailment_RE_Power_20march 2026 to 28 march 2026,2026-03-28,solar,11:01,15:08,4.1167,7470.000,140.000,576.333,0.000576333,Due to overloading on ICT's at 400 KV Bhadla,manual_from_scanned_pdf,medium,18,Source is image-only under pdftotext; values transcribed from rendered page 18.,https://sldc.rajasthan.gov.in/rrvpnl/download/12/69c8d1eae19d0_Curtailment_RE_Power_20march2026to28march2026.pdf
Curtailment_RE_Power_march 2026,2026-03-10,solar,13:00,13:55,0.9167,8422.000,126.000,115.500,0.000115500,Due to outage of 220 KV Aau-Baithwasa line-I,manual_from_scanned_pdf,medium,10,Source is image-only under pdftotext; values transcribed from rendered page 10.,https://sldc.rajasthan.gov.in/rrvpnl/download/12/69bb7d2788216_Curtailment_RE_Power_march2026.pdf
Curtailment_RE_Power_march 2026,2026-03-11,solar,10:43,11:22,0.6500,7777.000,15.000,9.750,0.000009750,Due to over load of 132 KV PS3-PS4,manual_from_scanned_pdf,medium,11,Source is image-only under pdftotext; values transcribed from rendered page 11.,https://sldc.rajasthan.gov.in/rrvpnl/download/12/69bb7d2788216_Curtailment_RE_Power_march2026.pdf
Curtailment_RE_Power_march 2026,2026-03-11,solar,11:45,12:15,0.5000,8150.000,500.000,250.000,0.000250000,Due outage of both ICT at Bikaner for system stability,manual_from_scanned_pdf,medium,12,Source is image-only under pdftotext; values transcribed from rendered page 12.,https://sldc.rajasthan.gov.in/rrvpnl/download/12/69bb7d2788216_Curtailment_RE_Power_march2026.pdf
Curtailment_RE_Power_march 2026,2026-03-11,solar,11:45,12:15,0.5000,8150.000,500.000,250.000,0.000250000,Due outage of both ICT at Bikaner for system stability,manual_from_scanned_pdf,medium,12,Source is image-only under pdftotext; values transcribed from rendered page 12.,https://sldc.rajasthan.gov.in/rrvpnl/download/12/69bb7d2788216_Curtailment_RE_Power_march2026.pdf
Curtailment_RE_Power_march 2026,2026-03-11,solar,11:45,12:15,0.5000,8150.000,500.000,250.000,0.000250000,Due outage of both ICT at Bikaner for system stability,manual_from_scanned_pdf,medium,12,Source is image-only under pdftotext; values transcribed from rendered page 12.,https://sldc.rajasthan.gov.in/rrvpnl/download/12/69bb7d2788216_Curtailment_RE_Power_march2026.pdf
Curtailment_RE_Power_march 2026,2026-03-11,solar,11:22,13:32,2.1667,8452.000,28.000,60.667,0.000060667,Due to over load of 132 KV PS3-PS4,manual_from_scanned_pdf,medium,12,Source is image-only under pdftotext; values transcribed from rendered page 12.,https://sldc.rajasthan.gov.in/rrvpnl/download/12/69bb7d2788216_Curtailment_RE_Power_march2026.pdf
Curtailment_RE_Power_march 2026,2026-03-11,solar,11:45,12:15,0.5000,8150.000,500.000,250.000,0.000250000,Due outage of both ICT at Bikaner for system stability,manual_from_scanned_pdf,medium,12,Source is image-only under pdftotext; values transcribed from rendered page 12.,https://sldc.rajasthan.gov.in/rrvpnl/download/12/69bb7d2788216_Curtailment_RE_Power_march2026.pdf
Curtailment_RE_Power_march 2026,2026-03-12,solar,10:45,11:45,1.0000,5735.000,10.000,10.000,0.000010000,Due to overloading of 132 KV PS3-PS4 Line,manual_from_scanned_pdf,medium,13,Source is image-only under pdftotext; values transcribed from rendered page 13.,https://sldc.rajasthan.gov.in/rrvpnl/download/12/69bb7d2788216_Curtailment_RE_Power_march2026.pdf
Curtailment_RE_Power_march 2026,2026-03-15,solar,10:45,13:05,2.3333,6968.000,71.200,166.133,0.000166133,Due to overloading 220 KV Bikaner-Gajner I&II and ICT's at Bikaner,manual_from_scanned_pdf,medium,16,Source is image-only under pdftotext; values transcribed from rendered page 16.,https://sldc.rajasthan.gov.in/rrvpnl/download/12/69bb7d2788216_Curtailment_RE_Power_march2026.pdf
Curtailment_RE_Power_march 2026,2026-03-16,solar,12:20,13:18,0.9667,7577.000,103.000,99.567,0.000099567,Due to overloading of 400 KV Bhadla ICTs,manual_from_scanned_pdf,medium,17,Source is image-only under pdftotext; values transcribed from rendered page 17.,https://sldc.rajasthan.gov.in/rrvpnl/download/12/69bb7d2788216_Curtailment_RE_Power_march2026.pdf
Curtailment_RE_Power_march 2026,2026-03-16,solar,11:25,13:33,2.1333,7505.000,75.000,160.000,0.000160000,Due to over loading at 400 KV Bikaner ICTs,manual_from_scanned_pdf,medium,17,Source is image-only under pdftotext; values transcribed from rendered page 17.,https://sldc.rajasthan.gov.in/rrvpnl/download/12/69bb7d2788216_Curtailment_RE_Power_march2026.pdf
Curtailment_RE_Power_march 2026,2026-03-16,solar,11:25,13:33,2.1333,7505.000,75.000,160.000,0.000160000,Due to over loading at 400 KV Bikaner ICTs,manual_from_scanned_pdf,medium,17,Source is image-only under pdftotext; values transcribed from rendered page 17.,https://sldc.rajasthan.gov.in/rrvpnl/download/12/69bb7d2788216_Curtailment_RE_Power_march2026.pdf
Curtailment_RE_Power_march 2026,2026-03-16,solar,11:25,13:33,2.1333,7505.000,75.000,160.000,0.000160000,Due to over loading at 400 KV Bikaner ICTs,manual_from_scanned_pdf,medium,17,Source is image-only under pdftotext; values transcribed from rendered page 17.,https://sldc.rajasthan.gov.in/rrvpnl/download/12/69bb7d2788216_Curtailment_RE_Power_march2026.pdf
Curtailment_RE_Power_29 & 30 April 2026,2026-04-29,solar,10:41,14:50,4.1500,6530.000,58.000,240.700,0.000240700,overloading 220 KV BIKANER - GAJNER LINE 1&2,manual_from_scanned_pdf,medium,1,Source is image-only under pdftotext; values transcribed from rendered page 1.,https://sldc.rajasthan.gov.in/rrvpnl/download/12/69f58110e42f3_Curtailment_RE_Power_29&30April2026.pdf
Curtailment_RE_Power_29 & 30 April 2026,2026-04-29,solar,11:20,14:44,3.4000,6741.000,105.000,357.000,0.000357000,DUE TO OVERLOADING OF BHADLA ICT'S,manual_from_scanned_pdf,medium,1,Source is image-only under pdftotext; values transcribed from rendered page 1.,https://sldc.rajasthan.gov.in/rrvpnl/download/12/69f58110e42f3_Curtailment_RE_Power_29&30April2026.pdf
Curtailment_RE_Power_29 & 30 April 2026,2026-04-30,solar,11:09,14:43,3.5667,6542.000,60.000,214.000,0.000214000,overloading 220 KV BIKANER - GAJNER LINE 1&2,manual_from_scanned_pdf,medium,2,Source is image-only under pdftotext; values transcribed from rendered page 2.,https://sldc.rajasthan.gov.in/rrvpnl/download/12/69f58110e42f3_Curtailment_RE_Power_29&30April2026.pdf
Curtailment_RE_Power_29 & 30 April 2026,2026-04-30,solar,11:28,14:51,3.3833,6642.000,110.000,372.167,0.000372167,DUE TO OVERLOADING OF BHADLA ICT'S,manual_from_scanned_pdf,medium,2,Source is image-only under pdftotext; values transcribed from rendered page 2; handwritten end time read as 14:51.,https://sldc.rajasthan.gov.in/rrvpnl/download/12/69f58110e42f3_Curtailment_RE_Power_29&30April2026.pdf
Curtailment_RE_Power_05April_2026.pdf,2026-04-05,solar,09:03,11:07,2.0667,4659.000,495.000,1023.000,0.001023000,Heavy underdrawl & high frequency (OP/04/149),pdf_text_monthly_summary,high,,,https://sldc.rajasthan.gov.in/rrvpnl/download/12/69d37d38bfc18_Curtailment_RE_Power05April2026.pdf
Curtailment_RE_Power_05April_2026.pdf,2026-04-05,wind,09:03,11:07,2.0667,294.000,95.000,196.333,0.000196333,Heavy underdrawl & high frequency (OP/04/149),pdf_text_monthly_summary,high,,,https://sldc.rajasthan.gov.in/rrvpnl/download/12/69d37d38bfc18_Curtailment_RE_Power05April2026.pdf
Curtailment_RE_Power_05April_2026.pdf,2026-04-05,solar,11:07,14:01,2.9000,4379.000,575.000,1667.500,0.001667500,Heavy underdrawl & high frequency (OP/04/154),pdf_text_monthly_summary,high,,,https://sldc.rajasthan.gov.in/rrvpnl/download/12/69d37d38bfc18_Curtailment_RE_Power05April2026.pdf
Curtailment_RE_Power_05April_2026.pdf,2026-04-05,wind,11:07,14:01,2.9000,127.000,18.000,52.200,0.000052200,Heavy underdrawl & high frequency (OP/04/154),pdf_text_monthly_summary,high,,,https://sldc.rajasthan.gov.in/rrvpnl/download/12/69d37d38bfc18_Curtailment_RE_Power05April2026.pdf
Curtailment_RE_Power_05April_2026.pdf,2026-04-05,solar,14:01,16:02,2.0167,3790.000,402.000,810.700,0.000810700,Heavy underdrawl & high frequency (OP/04/158),pdf_text_monthly_summary,high,,,https://sldc.rajasthan.gov.in/rrvpnl/download/12/69d37d38bfc18_Curtailment_RE_Power05April2026.pdf
Curtailment_RE_Power_05April_2026.pdf,2026-04-05,wind,14:01,16:02,2.0167,156.000,25.000,50.417,0.000050417,Heavy underdrawl & high frequency (OP/04/158),pdf_text_monthly_summary,high,,,https://sldc.rajasthan.gov.in/rrvpnl/download/12/69d37d38bfc18_Curtailment_RE_Power05April2026.pdf
Curtailment_RE_Power_02 & 03 April 2026,2026-04-02,solar,10:15,11:09,0.9000,6730.000,50.000,45.000,0.000045000,Due to Bikaner ICT's overloading,manual_from_scanned_pdf,medium,1,Source is image-only under pdftotext; values transcribed from rendered page 1.,https://sldc.rajasthan.gov.in/rrvpnl/download/12/69d0adb6d52bf_Curtailment_RE_Power_02&03April2026.pdf
Curtailment_RE_Power_02 & 03 April 2026,2026-04-02,solar,10:56,13:15,2.3167,6444.000,80.000,185.333,0.000185333,Due to Bhadla ICT overloading,manual_from_scanned_pdf,medium,2,Source is image-only under pdftotext; values transcribed from rendered page 2.,https://sldc.rajasthan.gov.in/rrvpnl/download/12/69d0adb6d52bf_Curtailment_RE_Power_02&03April2026.pdf
Curtailment_RE_Power_02 & 03 April 2026,2026-04-02,solar,11:09,11:35,0.4333,6568.000,45.000,19.500,0.000019500,Due to Bikaner ICT overloading,manual_from_scanned_pdf,medium,3,Source is image-only under pdftotext; values transcribed from rendered page 3.,https://sldc.rajasthan.gov.in/rrvpnl/download/12/69d0adb6d52bf_Curtailment_RE_Power_02&03April2026.pdf
Curtailment_RE_Power_02 & 03 April 2026,2026-04-02,solar,11:35,13:13,1.6333,6733.000,42.000,68.600,0.000068600,Due to Bikaner ICT overloading,manual_from_scanned_pdf,medium,4,Source is image-only under pdftotext; values transcribed from rendered page 4.,https://sldc.rajasthan.gov.in/rrvpnl/download/12/69d0adb6d52bf_Curtailment_RE_Power_02&03April2026.pdf
Curtailment_RE_Power_02 & 03 April 2026,2026-04-02,solar,13:15,14:58,1.7167,7037.000,42.000,72.100,0.000072100,Due to Bhadla ICT overloading,manual_from_scanned_pdf,medium,5,Source is image-only under pdftotext; values transcribed from rendered page 5.,https://sldc.rajasthan.gov.in/rrvpnl/download/12/69d0adb6d52bf_Curtailment_RE_Power_02&03April2026.pdf
Curtailment_RE_Power_02 & 03 April 2026,2026-04-02,solar,13:13,13:20,0.1167,6932.000,26.000,3.033,0.000003033,Due to Bikaner ICT overloading,manual_from_scanned_pdf,medium,6,Source is image-only under pdftotext; values transcribed from rendered page 6.,https://sldc.rajasthan.gov.in/rrvpnl/download/12/69d0adb6d52bf_Curtailment_RE_Power_02&03April2026.pdf
Curtailment_RE_Power_02 & 03 April 2026,2026-04-02,solar,13:20,15:05,1.7500,6240.000,24.000,42.000,0.000042000,Due to Bikaner ICT overloading,manual_from_scanned_pdf,medium,7,Source is image-only under pdftotext; values transcribed from rendered page 7.,https://sldc.rajasthan.gov.in/rrvpnl/download/12/69d0adb6d52bf_Curtailment_RE_Power_02&03April2026.pdf
Curtailment_RE_Power_02 & 03 April 2026,2026-04-02,solar,15:05,15:20,0.2500,7348.000,10.000,2.500,0.000002500,Due to Bikaner ICT overloading,manual_from_scanned_pdf,medium,8,Source is image-only under pdftotext; values transcribed from rendered page 8.,https://sldc.rajasthan.gov.in/rrvpnl/download/12/69d0adb6d52bf_Curtailment_RE_Power_02&03April2026.pdf
Curtailment_RE_Power_06 May - 2026,2026-05-06,solar,10:50,15:07,4.2833,6889.000,55.000,235.583,0.000235583,1 Gajner overloading 220 KV BIKANER - GAJNER LINE,pdf_text_event_row,high,,,https://sldc.rajasthan.gov.in/rrvpnl/download/12/69fb3abd1450d_Curtailment_RE_Power_06May-2026.pdf
Curtailment_RE_Power_06 May - 2026,2026-05-06,solar,10:47,15:08,4.3500,6889.000,110.000,478.500,0.000478500,2 DUE TO OVERLOADING OF BHADLA ICT'S,pdf_text_event_row,high,,,https://sldc.rajasthan.gov.in/rrvpnl/download/12/69fb3abd1450d_Curtailment_RE_Power_06May-2026.pdf
Curtailment_RE_Power_05 May - 2026,2026-05-05,solar,10:33,15:01,4.4667,6578.000,50.000,223.333,0.000223333,1 Gajner overloading 220 KV BIKANER - GAJNER LINE,pdf_text_event_row,high,,,https://sldc.rajasthan.gov.in/rrvpnl/download/12/69fac1e7f37a9_Curtailment_RE_Power_05May-2026.pdf
Curtailment_RE_Power_05 May - 2026,2026-05-05,solar,10:48,14:56,4.1333,6796.000,108.000,446.400,0.000446400,2 DUE TO OVERLOADING OF BHADLA ICT'S,pdf_text_event_row,high,,,https://sldc.rajasthan.gov.in/rrvpnl/download/12/69fac1e7f37a9_Curtailment_RE_Power_05May-2026.pdf
RE_Curtailment_03_May_2026,2026-05-03,solar,08:51,15:04,6.2167,4112.000,1250.000,7770.833,0.007770833,1 ALL RE (SOLAR AND WIND) Kindly Impose 30% curtailment on all solar,pdf_text_event_row,high,,,https://sldc.rajasthan.gov.in/rrvpnl/download/12/69f9721d9fbb3_FormatofRECurtailmenteventfoRDT03.05.2026.pdf
RE_Curtailment_03_May_2026,2026-05-03,wind,08:51,15:04,6.2167,328.000,98.000,609.233,0.000609233,1 ALL RE (SOLAR AND WIND) Kindly Impose 30% curtailment on all solar,pdf_text_event_row,high,,,https://sldc.rajasthan.gov.in/rrvpnl/download/12/69f9721d9fbb3_FormatofRECurtailmenteventfoRDT03.05.2026.pdf
RE_Curtailment_04_MAY_2026,2026-05-04,solar,10:07,12:10,2.0500,5892.000,1592.000,3263.600,0.003263600,1 ALL RE (SOLAR AND WIND) Kindly Impose 40% curtailment on all solar,pdf_text_event_row,high,,,https://sldc.rajasthan.gov.in/rrvpnl/download/12/69f9725538e56_FormatofRECurtailmenteventfoRDT04.05.2026.pdf
RE_Curtailment_04_MAY_2026,2026-05-04,wind,10:07,12:10,2.0500,221.000,25.000,51.250,0.000051250,1 ALL RE (SOLAR AND WIND) Kindly Impose 40% curtailment on all solar,pdf_text_event_row,high,,,https://sldc.rajasthan.gov.in/rrvpnl/download/12/69f9725538e56_FormatofRECurtailmenteventfoRDT04.05.2026.pdf
RE_Curtailment_04_MAY_2026,2026-05-04,solar,12:10,12:53,0.7167,4320.000,895.000,641.417,0.000641417,2 ALL RE (SOLAR AND WIND) KINDLY LIFT BACKDOWN ON RE,pdf_text_event_row,high,,,https://sldc.rajasthan.gov.in/rrvpnl/download/12/69f9725538e56_FormatofRECurtailmenteventfoRDT04.05.2026.pdf
RE_Curtailment_04_MAY_2026,2026-05-04,wind,12:10,12:53,0.7167,187.000,10.000,7.167,0.000007167,2 ALL RE (SOLAR AND WIND) KINDLY LIFT BACKDOWN ON RE,pdf_text_event_row,high,,,https://sldc.rajasthan.gov.in/rrvpnl/download/12/69f9725538e56_FormatofRECurtailmenteventfoRDT04.05.2026.pdf
RE_Curtailment_04_MAY_2026,2026-05-04,solar,13:08,14:18,1.1667,6749.000,125.000,145.833,0.000145833,Bhadla DUE TO OVERLOADING OF BHADLA ICT'S,pdf_text_event_row,high,,,https://sldc.rajasthan.gov.in/rrvpnl/download/12/69f9725538e56_FormatofRECurtailmenteventfoRDT04.05.2026.pdf
Curtailment_RE_Power_01 & 02 May - 2026,2026-05-01,solar,08:55,14:31,5.6000,4374.000,1800.000,10080.000,0.010080000,1 ALL RE (SOLAR AND WIND) Kindly Impose 40% curtailment on all solar,pdf_text_event_row,high,,,https://sldc.rajasthan.gov.in/rrvpnl/download/12/69f6db7ed3637_Curtailment_RE_Power_01&02May-2026.pdf
Curtailment_RE_Power_01 & 02 May - 2026,2026-05-01,wind,08:55,14:31,5.6000,324.000,95.000,532.000,0.000532000,1 ALL RE (SOLAR AND WIND) Kindly Impose 40% curtailment on all solar,pdf_text_event_row,high,,,https://sldc.rajasthan.gov.in/rrvpnl/download/12/69f6db7ed3637_Curtailment_RE_Power_01&02May-2026.pdf
Curtailment_RE_Power_01 & 02 May - 2026,2026-05-01,solar,14:31,14:57,0.4333,3688.000,900.000,390.000,0.000390000,2 Lift 20% curtailment (40%-20%=20%,pdf_text_event_row,high,,,https://sldc.rajasthan.gov.in/rrvpnl/download/12/69f6db7ed3637_Curtailment_RE_Power_01&02May-2026.pdf
Curtailment_RE_Power_01 & 02 May - 2026,2026-05-01,wind,14:31,14:57,0.4333,315.000,45.000,19.500,0.000019500,2 Lift 20% curtailment (40%-20%=20%,pdf_text_event_row,high,,,https://sldc.rajasthan.gov.in/rrvpnl/download/12/69f6db7ed3637_Curtailment_RE_Power_01&02May-2026.pdf
Curtailment_RE_Power_01 & 02 May - 2026,2026-05-02,solar,11:03,15:20,4.2833,6923.000,55.000,235.583,0.000235583,1 Gajner overloading 220 KV BIKANER - GAJNER LINE,pdf_text_event_row,high,,,https://sldc.rajasthan.gov.in/rrvpnl/download/12/69f6db7ed3637_Curtailment_RE_Power_01&02May-2026.pdf
Curtailment_RE_Power_01 & 02 May - 2026,2026-05-02,solar,11:07,15:23,4.2667,6923.000,125.000,533.333,0.000533333,2 Bhadla DUE TO OVERLOADING OF BHADLA ICT'S,pdf_text_event_row,high,,,https://sldc.rajasthan.gov.in/rrvpnl/download/12/69f6db7ed3637_Curtailment_RE_Power_01&02May-2026.pdf
