utc_timestamp,eolica_mw,fotovoltaica_mw,hidraulica_mw,biocombustible_mw
2026-06-15T03:05:00Z,3202.84,0,113.67,164.77
2026-06-15T03:10:00Z,3213.44,0,113.61,164.35
2026-06-15T03:15:00Z,3180.51,0,113.6,164.48
2026-06-15T03:20:00Z,3122.26,0,113.75,162.85
2026-06-15T03:31:51Z,3100.61,0,113.76,165.74
2026-06-15T03:35:00Z,3115.42,0,113.86,168.1
2026-06-15T03:40:00Z,3122.61,0,113.32,171.48
2026-06-15T04:00:00Z,3173.19,0,113.35,169.65
2026-06-15T04:05:00Z,3169.06,0,113.36,171.3
2026-06-15T04:10:00Z,3141.61,0,113.65,170.13
2026-06-15T04:15:00Z,3115.55,0,113.74,170.08
2026-06-15T04:20:00Z,3155.2,0,113.48,169.96
2026-06-15T04:25:00Z,3164.94,0,113.29,169.39
2026-06-15T04:30:00Z,3172.73,0,113.34,169.72
2026-06-15T04:35:00Z,3186.93,0,113.31,167.71
2026-06-15T04:40:00Z,3194.94,0,113.06,168.09
2026-06-15T04:50:00Z,3200.08,0,113.12,169.01
2026-06-15T04:55:00Z,3163.64,0,113.37,170.74
2026-06-15T05:00:00Z,3128.11,0,113.17,171.12
2026-06-15T05:05:00Z,3106.91,0,113.72,170.85
2026-06-15T05:10:00Z,3097.01,0,113.89,169.23
2026-06-15T05:15:00Z,3079.39,0,113.46,170.07
2026-06-15T05:20:00Z,3060.66,0,113.85,167.36
2026-06-15T05:25:00Z,3035.87,0,113.4,170.89
2026-06-15T05:30:00Z,3041.35,0,113.38,171.13
2026-06-15T05:40:00Z,3089.68,0,113.51,171.94
2026-06-15T05:45:00Z,3129.19,0,113.67,168.25
2026-06-15T05:50:00Z,3152.01,0,113.56,165.15
2026-06-15T05:55:00Z,3197.6,0,113.68,165.84
2026-06-15T06:05:00Z,3216.43,0,113.58,168.35
2026-06-15T06:10:00Z,3189.47,0,113.73,169.3
2026-06-15T06:15:00Z,3147.89,0,113.54,170.71
2026-06-15T06:20:00Z,3109.08,0,113.86,171.98
2026-06-15T06:25:00Z,3081.53,0,113.74,172.65
2026-06-15T06:30:00Z,3063.48,0,113.5,172.87
2026-06-15T06:35:00Z,3027.42,0,113.89,172.15
2026-06-15T06:40:00Z,3030.61,0,113.76,173.49
2026-06-15T06:45:00Z,3015.79,0,113.69,172.31
2026-06-15T07:05:00Z,2938.05,0,113.53,174.22
2026-06-15T07:10:00Z,2873.53,0,113.8,172.54
2026-06-15T07:15:00Z,2892.59,0,113.44,170.58
2026-06-15T07:20:00Z,2925.46,0,113.83,171.72
2026-06-15T07:25:00Z,2942.11,0,113.66,171.48
2026-06-15T07:30:00Z,2950.92,0,113.58,171.21
2026-06-15T07:35:00Z,2955.55,0,113.88,170.78
2026-06-15T07:45:00Z,2954.68,0,113.55,171.01
2026-06-15T07:50:00Z,2914.75,0,113.38,170.24
2026-06-15T07:55:00Z,2906.7,0,113.29,171.44
2026-06-15T08:00:00Z,2912.5,0,113.5,170.84
2026-06-15T08:15:00Z,2942.9,0,113.4,170.38
2026-06-15T08:20:00Z,2949.55,0,113.74,170.44
2026-06-15T08:25:00Z,2989.54,0,113.2,170.23
2026-06-15T08:30:00Z,3003.21,0,113.6,171.14
2026-06-15T08:35:00Z,2994.71,0,113.61,171.0
2026-06-15T08:40:00Z,3031.38,0,113.31,170.01
2026-06-15T08:45:00Z,3062.11,0,113.57,170.64
2026-06-15T08:50:00Z,3074.07,0,113.52,171.17
2026-06-15T08:51:52Z,2931.02,860.24,144.1,171.09
2026-06-15T09:05:00Z,3093.09,0,113.68,171.05
2026-06-15T09:10:00Z,3100.68,0,114.0,171.12
2026-06-15T09:15:00Z,3079.45,0,113.77,170.33
2026-06-15T09:20:00Z,3094.14,0,113.62,169.31
2026-06-15T09:30:00Z,3154.66,0,113.55,163.97
2026-06-15T09:35:00Z,3181.22,0,113.9,162.8
2026-06-15T09:40:00Z,3178.12,0,114.03,163.1
2026-06-15T09:55:00Z,3216.82,0,114.19,162.68
2026-06-15T10:00:00Z,3264.52,0,113.37,161.12
2026-06-15T10:05:00Z,3309.21,0,114.41,163.66
2026-06-15T10:10:00Z,3323.97,0,114.11,166.23
2026-06-15T10:25:00Z,3346.15,0,112.9,165.69
2026-06-15T10:30:00Z,3337.61,0,113.47,164.28
2026-06-15T10:35:00Z,3332.08,0,113.14,164.22
2026-06-15T10:45:00Z,3317.24,0,130.15,165.72
2026-06-15T10:50:00Z,3312.31,0,131.94,166.26
2026-06-15T10:55:00Z,3315.28,0,132.47,164.54
2026-06-15T11:00:00Z,3321.05,0,133.05,164.96
2026-06-15T11:05:00Z,3318.14,0,133.95,165.64
2026-06-15T11:10:00Z,3317.01,0,133.9,163.48
2026-06-15T11:15:00Z,3310.58,1.52,133.62,163.25
2026-06-15T11:20:00Z,3296.54,4.08,133.55,161.47
2026-06-15T11:21:49Z,3191.51,19.64,134.19,158.74
2026-06-15T11:25:00Z,3284.05,7.74,134.13,164.15
2026-06-15T11:40:00Z,3153.32,26.18,133.84,158.67
2026-06-15T11:42:00Z,2786.8,825.55,132.15,164.53
2026-06-15T11:45:00Z,3152.64,36.8,133.96,161.17
2026-06-15T11:50:00Z,3145.14,50.62,134.6,161.27
2026-06-15T11:55:00Z,3121.19,71.98,134.79,163.77
2026-06-15T12:00:00Z,3087.35,106.93,134.28,163.35
2026-06-15T12:05:00Z,3078.16,148.54,134.92,162.45
2026-06-15T12:10:00Z,3066.52,191.58,134.81,162.99
2026-06-15T12:15:00Z,3049.1,236.69,134.52,163.74
2026-06-15T12:20:00Z,3038.83,293.73,134.38,163.13
2026-06-15T12:25:00Z,3016.23,370.04,134.41,162.05
2026-06-15T12:30:00Z,3031.67,457.05,134.35,163.64
2026-06-15T12:35:00Z,3024.19,544.31,134.11,163.99
2026-06-15T12:40:00Z,3007.2,575.12,134.2,163.95
2026-06-15T12:50:00Z,2960.28,668.76,134.34,165.51
2026-06-15T12:55:00Z,2910.14,748.8,132.77,165.91
2026-06-15T13:00:00Z,2855.98,803.55,132.11,164.1
2026-06-15T13:10:52Z,2715.28,920.52,132.4,164.26
2026-06-15T13:15:00Z,2666.66,992.63,132.45,166.82
2026-06-15T13:20:00Z,2600.08,1044.63,132.38,167.86
2026-06-15T13:25:00Z,2543.9,1023.06,133.18,167.18
2026-06-15T13:30:00Z,2519.32,1060.53,132.8,167.17
2026-06-15T13:35:00Z,2526.88,1057.01,133.12,164.72
2026-06-15T13:40:00Z,2514.2,1057.96,133.12,165.83
2026-06-15T13:45:00Z,2456.47,1064.11,133.2,166.67
2026-06-15T13:50:00Z,2396.48,1095.66,132.97,167.09
2026-06-15T13:55:00Z,2375.14,1103.7,134.05,167.76
2026-06-15T14:00:00Z,2326.45,1126.6,134.64,167.65
2026-06-15T14:05:00Z,2314.98,1136.55,134.57,168.27
2026-06-15T14:10:00Z,2263.39,1182.14,134.41,168.86
2026-06-15T14:15:00Z,2243.08,1163.19,134.6,168.67
2026-06-15T14:20:00Z,2229.43,1165.29,145.96,168.68
2026-06-15T14:30:00Z,2229.24,1147.53,145.69,168.11
2026-06-15T14:35:00Z,2237.34,1151.8,145.66,168.92
2026-06-15T14:40:00Z,2241.46,1143.28,145.67,168.0
2026-06-15T14:45:00Z,2255.69,1147.76,145.97,168.63
2026-06-15T14:50:00Z,2262.25,1128.81,145.52,167.37
2026-06-15T14:55:00Z,2296.62,1143.46,145.78,170.81
2026-06-15T15:00:00Z,2299.26,1140.0,146.24,169.68
2026-06-15T15:05:00Z,2338.9,1165.29,145.93,169.87
2026-06-15T15:10:00Z,2351.15,1135.47,145.56,170.93
2026-06-15T15:15:00Z,2378.94,1135.31,145.35,170.38
2026-06-15T15:25:00Z,2415.14,1139.19,145.47,168.31
2026-06-15T15:30:00Z,2465.23,1158.0,144.47,169.81
2026-06-15T15:35:00Z,2525.72,1111.02,144.47,169.3
2026-06-15T15:40:00Z,2553.9,1133.24,144.61,169.85
2026-06-15T15:45:00Z,2610.77,1208.88,144.14,170.25
2026-06-15T15:50:00Z,2687.82,1195.24,144.3,171.94
2026-06-15T15:55:00Z,2726.28,1221.34,143.59,170.55
2026-06-15T16:00:00Z,2773.25,1205.79,144.42,169.98
2026-06-15T16:05:00Z,2776.28,1215.89,144.64,168.9
2026-06-15T16:15:00Z,2779.85,1194.09,144.63,168.48
2026-06-15T16:20:00Z,2833.82,1186.52,144.54,169.29
2026-06-15T16:25:00Z,2822.15,1147.77,145.2,169.34
2026-06-15T16:30:00Z,2856.68,1135.29,144.71,170.82
2026-06-15T16:40:00Z,2828.96,1187.84,144.32,170.35
2026-06-15T16:45:00Z,2911.37,1186.92,144.43,168.33
2026-06-15T16:50:00Z,2949.2,1201.42,144.66,168.62
2026-06-15T16:55:00Z,2935.3,1131.93,144.32,169.4
2026-06-15T17:00:00Z,2917.71,1154.44,144.43,167.92
2026-06-15T17:05:00Z,2917.23,1185.76,144.48,167.62
2026-06-15T17:10:00Z,2947.38,1303.23,144.9,167.63
2026-06-15T17:15:00Z,2980.25,1259.65,144.39,167.32
2026-06-15T17:20:00Z,2968.08,1281.27,144.48,168.36
2026-06-15T17:30:00Z,2995.51,1301.37,144.69,169.75
2026-06-15T17:35:00Z,2980.66,1348.25,144.49,168.33
2026-06-15T17:40:00Z,3003.9,1338.84,144.32,167.12
2026-06-15T17:45:00Z,3076.46,1348.52,144.44,168.61
2026-06-15T17:50:00Z,3129.56,1324.84,144.16,168.28
2026-06-15T17:55:00Z,3141.1,1246.27,143.86,168.84
2026-06-15T18:00:00Z,3125.2,1292.14,144.16,168.38
2026-06-15T18:05:00Z,3172.52,1290.0,144.28,168.4
2026-06-15T18:10:00Z,3194.99,1280.78,144.3,167.13
2026-06-15T18:25:00Z,3230.83,1338.83,144.34,164.6
2026-06-15T18:30:00Z,3254.8,1319.08,144.19,164.64
2026-06-15T18:35:00Z,3231.67,1337.03,143.8,166.49
2026-06-15T18:40:00Z,3204.49,1313.98,144.25,166.21
2026-06-15T18:45:00Z,3149.98,1276.72,144.52,166.33
2026-06-15T18:50:00Z,3143.71,1260.23,144.34,168.56
2026-06-15T18:55:00Z,3135.34,1293.98,144.06,169.3
2026-06-15T19:00:00Z,3120.6,1290.05,142.81,168.78
2026-06-15T19:00:52Z,2666.69,576.81,144.16,169.33
2026-06-15T19:05:00Z,3055.43,1298.99,143.1,168.64
2026-06-15T19:10:00Z,2994.78,1241.23,143.17,166.4
2026-06-15T19:15:00Z,3040.57,1227.23,143.13,168.14
2026-06-15T19:20:00Z,2978.97,1225.2,143.92,168.92
2026-06-15T19:25:00Z,2985.37,1139.25,144.46,169.04
2026-06-15T19:35:00Z,3042.65,997.85,143.77,169.9
2026-06-15T19:40:00Z,3005.78,936.25,144.27,168.65
2026-06-15T19:45:00Z,2966.19,918.02,144.1,169.75
2026-06-15T19:50:00Z,2952.62,877.85,143.64,171.9
2026-06-15T20:05:00Z,2818.15,818.54,144.01,169.82
2026-06-15T20:10:00Z,2713.58,771.46,144.14,170.39
2026-06-15T20:15:00Z,2660.16,761.1,144.32,170.59
2026-06-15T20:20:00Z,2653.94,666.25,144.01,169.54
2026-06-15T20:30:00Z,2695.18,505.17,143.99,169.54
2026-06-15T20:35:00Z,2716.5,446.31,143.82,169.48
2026-06-15T20:40:00Z,2745.35,391.96,143.9,170.93
2026-06-15T20:45:00Z,2777.42,331.23,144.14,170.68
2026-06-15T20:55:00Z,2881.67,239.45,146.09,170.38
2026-06-15T21:00:00Z,2915.22,191.12,146.17,168.86
2026-06-15T21:05:00Z,3033.87,148.31,146.33,170.14
2026-06-15T21:10:00Z,3128.12,110.0,146.26,169.07
2026-06-15T21:20:00Z,3240.02,86.25,147.22,168.42
2026-06-15T21:25:00Z,3223.6,64.86,155.31,169.52
2026-06-15T21:30:00Z,3236.14,39.21,161.48,169.7
2026-06-15T21:35:00Z,3215.8,18.3,160.82,171.15
2026-06-15T21:40:00Z,3237.41,4.14,161.04,170.85
2026-06-15T21:45:00Z,3248.34,0,160.99,168.72
2026-06-15T21:50:00Z,3217.05,0,161.68,170.74
2026-06-15T21:55:00Z,3268.4,0,162.69,168.77
2026-06-15T22:00:00Z,3275.28,0,162.55,171.0
2026-06-15T22:05:00Z,3287.96,0,162.91,170.13
2026-06-15T22:10:00Z,3321.35,0,162.64,170.07
2026-06-15T22:15:00Z,3339.33,0,164.95,168.26
2026-06-15T22:20:00Z,3363.77,0,163.67,168.66
2026-06-15T22:25:00Z,3356.38,0,163.83,167.5
2026-06-15T22:30:00Z,3377.13,0,163.17,167.11
2026-06-15T22:35:00Z,3383.33,0,163.72,162.15
2026-06-15T22:40:00Z,3387.18,0,163.7,163.04
2026-06-15T22:45:00Z,3415.97,0,162.85,168.76
2026-06-15T22:50:00Z,3405.87,0,163.3,168.62
2026-06-15T22:55:00Z,3402.2,0,163.47,169.1
2026-06-15T23:05:00Z,3485.06,0,164.38,166.98
2026-06-15T23:10:00Z,3505.7,0,163.76,166.53
2026-06-15T23:15:00Z,3503.74,0,164.0,166.75
2026-06-15T23:20:00Z,3504.18,0,164.19,166.05
2026-06-15T23:25:00Z,3511.74,0,164.55,165.58
2026-06-15T23:30:00Z,3532.19,0,164.36,166.5
2026-06-15T23:35:00Z,3530.05,0,164.7,166.38
2026-06-15T23:40:00Z,3528.27,0,164.78,161.92
2026-06-15T23:50:00Z,3600.84,0,164.93,166.11
2026-06-15T23:55:00Z,3610.01,0,164.83,167.01
2026-06-16T00:00:00Z,3598.37,0,164.89,164.77
2026-06-16T00:05:00Z,3578.57,0,164.56,166.3
2026-06-16T00:10:00Z,3573.69,0,165.4,165.32
2026-06-16T00:20:00Z,3583.23,0,164.9,165.99
2026-06-16T00:25:00Z,3599.35,0,165.29,164.89
2026-06-16T00:30:00Z,3627.3,0,164.79,165.85
2026-06-16T00:35:00Z,3640.63,0,165.27,165.53
2026-06-16T00:45:00Z,3617.05,0,164.84,163.63
2026-06-16T00:50:00Z,3581.29,0,164.73,160.17
2026-06-16T00:55:00Z,3545.93,0,165.22,161.14
2026-06-16T01:00:00Z,3523.17,0,164.64,162.81
2026-06-16T01:05:00Z,3504.89,0,165.54,164.14
2026-06-16T01:10:00Z,3463.56,0,165.39,165.99
2026-06-16T01:15:00Z,3435.21,0,165.31,167.6
2026-06-16T01:20:00Z,3420.82,0,165.42,166.15
2026-06-16T01:25:00Z,3446.19,0,165.44,164.26
2026-06-16T01:30:00Z,3476.16,0,165.51,165.49
2026-06-16T01:35:00Z,3446.55,0,154.5,164.55
2026-06-16T01:40:00Z,3401.51,0,153.81,162.92
2026-06-16T01:45:00Z,3365.03,0,154.11,165.25
2026-06-16T01:50:00Z,3342.35,0,154.02,164.07
2026-06-16T01:55:00Z,3314.61,0,154.38,166.61
2026-06-16T02:00:58Z,3304.87,0,154.03,166.22
2026-06-16T02:05:00Z,3321.93,0,154.22,164.87
2026-06-16T02:10:00Z,3287.86,0,154.43,163.19
2026-06-16T02:15:00Z,3299.46,0,154.23,162.49
2026-06-16T02:25:00Z,3364.01,0,153.88,163.53
2026-06-16T02:30:00Z,3389.07,0,151.05,165.24
2026-06-16T02:35:00Z,3394.67,0,148.26,166.17
2026-06-16T02:40:00Z,3417.49,0,146.22,161.24
2026-06-16T02:45:00Z,3438.17,0,145.12,162.64
2026-06-16T02:50:49Z,3463.94,0,131.55,161.78
2026-06-16T02:55:00Z,3457.86,0,127.25,162.25
2026-06-16T03:00:00Z,3491.56,0,113.74,163.7
2026-06-16T03:05:00Z,3518.08,0,113.66,166.4
2026-06-16T03:10:00Z,3540.01,0,114.02,167.16
2026-06-16T03:15:00Z,3557.74,0,114.16,164.91
2026-06-16T03:20:00Z,3562.99,0,113.88,167.1
2026-06-16T03:25:00Z,3557.97,0,113.56,166.64
2026-06-16T03:30:00Z,3574.47,0,133.17,167.88
2026-06-16T03:35:00Z,3593.5,0,136.48,169.75
2026-06-16T03:40:00Z,3614.49,0,136.06,169.31
2026-06-16T03:45:00Z,3664.18,0,136.59,168.2
2026-06-16T03:50:00Z,3687.14,0,136.07,167.64
2026-06-16T03:55:00Z,3719.44,0,135.61,165.07
2026-06-16T04:00:00Z,3752.3,0,135.72,166.18
2026-06-16T04:05:00Z,3745.44,0,131.54,167.34
2026-06-16T04:10:00Z,3713.1,0,131.88,167.07
2026-06-16T04:15:00Z,3724.73,0,132.62,168.17
2026-06-16T04:20:00Z,3721.76,0,133.09,167.68
2026-06-16T04:25:00Z,3713.58,0,133.13,169.08
2026-06-16T04:30:00Z,3744.52,0,133.76,169.13
2026-06-16T04:35:00Z,3747.85,0,133.37,169.1
2026-06-16T04:40:00Z,3747.18,0,131.9,169.57
2026-06-16T04:45:00Z,3722.73,0,131.38,168.11
2026-06-16T04:50:00Z,3695.91,0,131.26,168.03
2026-06-16T04:55:00Z,3686.13,0,131.3,166.01
2026-06-16T05:00:00Z,3694.37,0,130.87,167.38
2026-06-16T05:05:00Z,3689.75,0,131.05,167.04
2026-06-16T05:10:00Z,3701.13,0,130.58,166.16
2026-06-16T05:15:00Z,3709.98,0,130.22,166.64
2026-06-16T05:20:00Z,3709.41,0,130.26,166.08
2026-06-16T05:25:00Z,3700.27,0,130.68,165.39
2026-06-16T05:30:00Z,3696.95,0,129.19,165.89
2026-06-16T05:35:00Z,3725.76,0,128.72,166.38
2026-06-16T05:40:00Z,3731.02,0,128.7,163.11
2026-06-16T05:45:00Z,3740.56,0,128.42,165.35
2026-06-16T05:50:00Z,3737.49,0,128.4,165.61
2026-06-16T05:55:00Z,3733.62,0,128.11,166.19
2026-06-16T06:00:00Z,3729.86,0,128.26,167.64
2026-06-16T06:05:00Z,3734.32,0,128.73,169.55
2026-06-16T06:10:00Z,3728.41,0,128.53,169.41
2026-06-16T06:15:00Z,3753.1,0,128.04,167.43
2026-06-16T06:20:00Z,3755.57,0,128.0,166.92
2026-06-16T06:25:00Z,3751.14,0,127.93,165.91
2026-06-16T06:30:00Z,3750.49,0,128.31,165.5
2026-06-16T06:35:00Z,3757.32,0,128.52,164.71
2026-06-16T06:40:00Z,3735.68,0,128.17,167.31
2026-06-16T06:45:00Z,3722.67,0,127.91,166.15
2026-06-16T06:50:00Z,3682.51,0,128.36,167.55
2026-06-16T06:55:00Z,3667.85,0,127.98,164.89
2026-06-16T07:00:00Z,3688.47,0,128.21,166.99
2026-06-16T07:05:00Z,3716.01,0,127.93,160.61
2026-06-16T07:10:00Z,3719.13,0,128.14,163.81
2026-06-16T07:15:00Z,3708.74,0,128.52,168.2
2026-06-16T07:20:00Z,3694.0,0,128.62,166.59
2026-06-16T07:25:00Z,3706.28,0,127.31,168.73
2026-06-16T07:30:00Z,3705.1,0,127.11,166.05
2026-06-16T07:35:00Z,3703.34,0,127.84,167.45
2026-06-16T07:40:00Z,3682.09,0,127.93,164.42
2026-06-16T07:45:00Z,3687.74,0,128.46,164.12
2026-06-16T07:50:00Z,3683.08,0,128.41,163.89
2026-06-16T07:55:00Z,3673.67,0,128.48,165.01
2026-06-16T08:00:00Z,3669.65,0,128.29,164.64
2026-06-16T08:05:00Z,3684.68,0,128.55,160.06
2026-06-16T08:10:00Z,3687.75,0,128.79,161.49
2026-06-16T08:15:00Z,3666.69,0,129.02,162.0
2026-06-16T08:20:00Z,3683.93,0,128.83,160.68
2026-06-16T08:25:00Z,3697.76,0,128.96,161.57
2026-06-16T08:30:00Z,3680.95,0,128.91,160.05
2026-06-16T08:35:00Z,3658.94,0,128.96,161.52
2026-06-16T08:40:00Z,3659.92,0,128.88,161.0
2026-06-16T08:45:00Z,3669.79,0,128.8,161.47
2026-06-16T08:50:00Z,3676.99,0,129.0,159.53
2026-06-16T08:55:00Z,3683.68,0,128.83,160.06
2026-06-16T09:00:00Z,3678.74,0,128.88,159.79
2026-06-16T09:05:00Z,3674.59,0,129.15,161.94
2026-06-16T09:10:00Z,3681.05,0,129.23,160.44
2026-06-16T09:15:00Z,3672.03,0,129.01,161.39
2026-06-16T09:20:00Z,3659.92,0,129.03,160.19
2026-06-16T09:25:00Z,3655.8,0,128.71,161.33
2026-06-16T09:30:00Z,3638.48,0,129.21,162.16
2026-06-16T09:35:00Z,3614.12,0,129.26,163.59
2026-06-16T09:40:00Z,3593.84,0,128.79,165.67
2026-06-16T09:45:00Z,3592.65,0,128.98,167.22
2026-06-16T09:50:00Z,3562.12,0,129.09,167.32
2026-06-16T09:55:00Z,3559.87,0,129.57,167.96
2026-06-16T10:00:00Z,3540.93,0,128.74,170.61
2026-06-16T10:05:00Z,3515.94,0,128.95,168.25
2026-06-16T10:10:00Z,3503.19,0,129.24,169.66
2026-06-16T10:15:00Z,3494.12,0,128.33,168.11
2026-06-16T10:20:00Z,3477.19,0,128.86,168.79
2026-06-16T10:25:00Z,3456.24,0,128.84,168.23
2026-06-16T10:30:00Z,3425.3,0,128.97,168.98
2026-06-16T10:35:00Z,3387.37,0,128.86,169.58
2026-06-16T10:40:00Z,3381.6,0,128.71,169.06
2026-06-16T10:45:00Z,3383.09,0,129.04,160.59
2026-06-16T10:50:00Z,3363.68,0,128.8,158.83
2026-06-16T10:55:00Z,3355.56,0,128.66,160.62
2026-06-16T11:00:00Z,3344.07,0,128.92,161.44
2026-06-16T11:05:00Z,3327.9,2.11,129.21,159.43
2026-06-16T11:10:00Z,3320.73,4.61,128.64,163.1
2026-06-16T11:15:00Z,3322.76,9.53,128.59,158.97
2026-06-16T11:20:00Z,3341.84,18.92,128.54,163.88
2026-06-16T11:25:00Z,3329.9,34.0,129.07,164.02
2026-06-16T11:30:00Z,3356.14,46.06,129.34,165.69
2026-06-16T11:35:00Z,3349.46,65.29,128.91,165.61
2026-06-16T11:40:00Z,3350.58,95.15,129.13,166.28
2026-06-16T11:45:00Z,3340.35,135.18,129.08,167.52
2026-06-16T11:50:00Z,3337.64,180.09,128.91,172.82
2026-06-16T11:55:00Z,3316.75,229.63,128.92,173.08
2026-06-16T12:00:00Z,3316.55,266.58,128.88,174.56
2026-06-16T12:05:00Z,3308.04,342.25,129.41,175.43
2026-06-16T12:10:00Z,3289.5,416.85,128.65,181.15
2026-06-16T12:15:00Z,3283.17,480.76,128.81,182.37
2026-06-16T12:20:00Z,3277.89,525.57,128.55,185.32
2026-06-16T12:25:00Z,3229.4,599.82,128.96,185.13
2026-06-16T12:30:00Z,3224.06,658.08,128.84,186.05
2026-06-16T12:35:00Z,3196.78,742.78,128.64,188.47
2026-06-16T12:40:00Z,3168.81,796.69,128.9,192.17
2026-06-16T12:45:00Z,3153.51,880.83,128.61,190.27
2026-06-16T12:50:00Z,3133.65,979.12,128.74,193.42
2026-06-16T12:55:00Z,3122.3,1035.77,128.57,194.27
2026-06-16T13:00:00Z,3104.09,1085.48,128.47,194.53
2026-06-16T13:05:00Z,3090.92,1121.33,128.33,194.42
2026-06-16T13:10:00Z,3080.07,1176.77,128.49,195.04
2026-06-16T13:15:00Z,3057.61,1234.73,128.42,198.07
2026-06-16T13:20:00Z,2999.64,1361.23,128.43,196.23
2026-06-16T13:25:00Z,2943.99,1362.83,128.18,196.88
2026-06-16T13:30:00Z,2881.95,1472.96,127.72,195.1
2026-06-16T13:35:00Z,2804.78,1536.97,128.12,198.29
2026-06-16T13:40:00Z,2744.49,1503.78,128.12,196.48
2026-06-16T13:45:00Z,2685.21,1464.35,128.86,200.19
2026-06-16T13:50:00Z,2619.16,1476.21,128.86,197.97
2026-06-16T13:55:00Z,2551.99,1514.92,128.71,198.03
2026-06-16T14:00:00Z,2499.88,1451.37,128.76,200.45
2026-06-16T14:05:00Z,2434.93,1567.44,128.47,198.16
2026-06-16T14:10:00Z,2417.01,1607.13,128.49,198.07
2026-06-16T14:15:00Z,2387.59,1642.91,130.47,201.44
2026-06-16T14:20:00Z,2368.78,1651.63,138.87,205.33
2026-06-16T14:25:00Z,2323.01,1627.54,139.0,204.24
2026-06-16T14:30:00Z,2275.87,1654.55,139.02,204.14
2026-06-16T14:35:00Z,2263.09,1715.04,139.43,202.77
2026-06-16T14:40:00Z,2240.55,1711.68,139.3,205.18
2026-06-16T14:45:00Z,2215.34,1692.53,139.89,208.31
2026-06-16T14:50:00Z,2168.24,1698.2,139.31,208.15
2026-06-16T14:55:00Z,2106.94,1734.42,139.5,206.6
2026-06-16T15:00:00Z,2110.86,1693.41,139.61,207.76
2026-06-16T15:05:00Z,2074.2,1673.27,139.24,207.56
2026-06-16T15:10:00Z,2066.06,1640.34,139.56,206.6
2026-06-16T15:15:00Z,2052.33,1622.36,140.07,206.29
2026-06-16T15:20:00Z,2047.11,1683.19,139.93,207.36
2026-06-16T15:25:00Z,2041.12,1722.26,139.91,208.91
2026-06-16T15:30:00Z,2035.91,1652.53,139.85,208.61
2026-06-16T15:35:00Z,2042.56,1669.64,140.92,207.79
2026-06-16T15:40:00Z,2028.5,1634.96,140.92,205.9
2026-06-16T15:45:00Z,1999.93,1644.64,141.31,206.18
2026-06-16T15:50:00Z,1993.72,1634.94,141.03,205.33
2026-06-16T15:55:00Z,1982.16,1596.77,143.66,205.01
2026-06-16T16:00:00Z,1947.77,1573.85,143.08,205.99
2026-06-16T16:05:00Z,1961.9,1570.2,142.57,206.93
2026-06-16T16:10:00Z,1947.76,1565.79,141.79,203.37
2026-06-16T16:15:00Z,1942.3,1555.86,144.31,205.66
2026-06-16T16:20:00Z,1933.2,1568.82,144.75,201.32
2026-06-16T16:25:00Z,1893.33,1620.04,144.81,203.55
2026-06-16T16:30:00Z,1870.51,1632.81,144.79,203.44
2026-06-16T16:35:00Z,1843.33,1697.2,144.85,204.73
2026-06-16T16:40:00Z,1800.78,1613.06,144.95,206.95
2026-06-16T16:45:00Z,1765.49,1569.06,144.54,205.53
2026-06-16T16:50:00Z,1776.68,1559.69,144.76,206.7
2026-06-16T16:55:00Z,1757.94,1585.02,144.37,206.3
2026-06-16T17:00:00Z,1765.98,1616.99,144.09,206.25
2026-06-16T17:05:00Z,1817.85,1584.6,144.13,207.01
2026-06-16T17:10:00Z,1816.47,1567.78,144.82,208.28
2026-06-16T17:15:00Z,1797.3,1549.33,144.47,206.98
2026-06-16T17:20:00Z,1785.85,1552.75,144.19,207.56
2026-06-16T17:25:00Z,1769.7,1588.5,144.39,207.11
2026-06-16T17:30:00Z,1798.03,1560.64,144.62,207.48
2026-06-16T17:35:00Z,1805.47,1607.13,143.96,207.56
2026-06-16T17:40:00Z,1798.21,1592.23,144.19,206.22
2026-06-16T17:45:00Z,1774.41,1560.98,144.46,207.12
2026-06-16T17:50:00Z,1780.35,1607.56,143.83,206.24
2026-06-16T17:55:00Z,1704.09,1672.26,143.54,207.43
2026-06-16T18:00:00Z,1692.37,1631.96,144.27,208.88
2026-06-16T18:05:00Z,1684.35,1661.97,144.73,207.54
2026-06-16T18:10:00Z,1637.58,1645.24,144.28,206.11
2026-06-16T18:15:00Z,1604.15,1540.2,144.5,205.2
2026-06-16T18:20:00Z,1592.8,1634.81,144.45,207.15
2026-06-16T18:25:00Z,1570.48,1674.04,143.98,205.91
2026-06-16T18:30:00Z,1510.97,1681.74,144.03,204.59
2026-06-16T18:35:00Z,1492.7,1677.71,144.1,206.53
2026-06-16T18:40:00Z,1484.49,1711.29,144.19,207.68
2026-06-16T18:45:00Z,1495.49,1652.64,144.47,207.52
2026-06-16T18:50:00Z,1500.3,1670.77,144.22,205.15
2026-06-16T18:55:00Z,1484.32,1658.07,144.64,206.16
2026-06-16T19:00:00Z,1474.18,1579.56,144.85,206.83
2026-06-16T19:05:00Z,1491.85,1532.88,144.9,206.96
2026-06-16T19:10:00Z,1503.66,1473.42,144.51,209.77
2026-06-16T19:15:00Z,1502.42,1591.89,144.25,206.88
2026-06-16T19:20:00Z,1509.48,1616.54,143.99,207.62
2026-06-16T19:25:00Z,1483.93,1582.81,144.33,207.95
2026-06-16T19:30:00Z,1512.14,1553.34,143.89,209.15
2026-06-16T19:35:00Z,1477.17,1329.64,144.6,209.39
2026-06-16T19:40:00Z,1511.0,1450.13,144.19,208.66
2026-06-16T19:45:00Z,1510.62,1464.35,145.45,210.15
2026-06-16T19:50:00Z,1512.59,1378.71,145.37,210.05
2026-06-16T19:55:00Z,1511.87,1264.04,145.17,209.8
2026-06-16T20:00:00Z,1516.64,1201.31,145.97,210.37
2026-06-16T20:05:00Z,1519.38,1068.93,145.58,210.25
2026-06-16T20:10:00Z,1526.06,1020.79,145.12,209.44
2026-06-16T20:15:00Z,1498.3,1003.52,145.68,209.59
2026-06-16T20:20:00Z,1509.76,926.49,144.66,206.08
2026-06-16T20:25:00Z,1537.48,864.0,144.71,206.55
2026-06-16T20:30:00Z,1531.92,700.47,145.63,209.13
2026-06-16T20:35:00Z,1543.53,662.39,145.69,208.59
2026-06-16T20:40:00Z,1542.06,590.73,146.25,209.64
2026-06-16T20:45:00Z,1548.77,491.9,145.56,209.72
2026-06-16T20:50:00Z,1588.04,381.38,145.83,210.02
2026-06-16T20:55:00Z,1628.18,299.45,146.03,209.33
2026-06-16T21:00:00Z,1628.63,228.45,145.55,210.26
2026-06-16T21:05:00Z,1650.08,186.96,146.05,210.66
2026-06-16T21:10:00Z,1631.43,164.07,145.68,210.44
2026-06-16T21:15:00Z,1634.79,112.15,145.57,210.36
2026-06-16T21:20:00Z,1650.85,87.05,145.41,208.98
2026-06-16T21:25:00Z,1666.04,56.11,145.76,208.55
2026-06-16T21:30:00Z,1694.35,33.51,154.94,208.97
2026-06-16T21:35:00Z,1755.43,14.48,156.42,209.35
2026-06-16T21:40:00Z,1814.94,4.17,156.14,209.9
2026-06-16T21:45:00Z,1806.53,0,156.6,208.18
2026-06-16T21:50:00Z,1769.59,0,156.36,207.94
2026-06-16T21:55:00Z,1705.73,0,158.1,208.41
2026-06-16T22:00:00Z,1728.58,0,161.13,208.03
2026-06-16T22:05:00Z,1752.08,0,162.09,207.56
2026-06-16T22:10:00Z,1753.05,0,161.35,209.85
2026-06-16T22:15:00Z,1757.34,0,162.27,210.03
2026-06-16T22:20:00Z,1827.45,0,162.93,209.39
2026-06-16T22:25:00Z,1871.58,0,163.15,209.71
2026-06-16T22:30:00Z,1888.64,0,163.75,209.97
2026-06-16T22:35:00Z,1949.42,0,163.57,209.66
2026-06-16T22:40:00Z,2026.44,0,163.88,208.66
2026-06-16T22:45:00Z,2057.63,0,164.05,209.29
2026-06-16T22:50:00Z,2066.22,0,163.79,208.31
2026-06-16T22:55:00Z,2090.55,0,163.8,207.62
2026-06-16T23:00:00Z,2093.22,0,164.14,209.18
2026-06-16T23:05:00Z,2097.77,0,163.86,208.01
2026-06-16T23:10:00Z,2122.7,0,164.05,209.16
2026-06-16T23:15:00Z,2152.14,0,164.16,208.96
2026-06-16T23:20:00Z,2204.2,0,164.2,205.88
2026-06-16T23:25:00Z,2292.17,0,164.73,207.03
2026-06-16T23:30:00Z,2326.14,0,164.68,207.09
2026-06-16T23:35:00Z,2329.79,0,165.03,207.32
2026-06-16T23:40:00Z,2315.77,0,164.63,204.68
2026-06-16T23:45:00Z,2290.14,0,164.89,205.79
2026-06-16T23:50:00Z,2281.34,0,165.14,206.97
2026-06-16T23:55:00Z,2273.19,0,164.52,208.03
2026-06-17T00:00:00Z,2252.51,0,164.79,208.57
2026-06-17T00:05:00Z,2234.88,0,164.81,206.97
2026-06-17T00:10:00Z,2182.75,0,165.16,209.87
2026-06-17T00:15:00Z,2168.16,0,164.92,208.65
2026-06-17T00:20:00Z,2159.33,0,165.12,209.02
2026-06-17T00:25:00Z,2140.86,0,165.3,207.65
2026-06-17T00:30:00Z,2118.84,0,165.25,206.93
2026-06-17T00:35:00Z,2119.34,0,164.84,207.32
2026-06-17T00:40:00Z,2092.0,0,164.68,205.33
2026-06-17T00:45:00Z,2053.16,0,165.23,206.61
2026-06-17T00:50:00Z,2007.33,0,165.04,203.83
2026-06-17T00:55:00Z,1988.56,0,164.95,202.97
2026-06-17T01:00:00Z,1954.48,0,164.95,204.09
2026-06-17T01:05:00Z,1883.38,0,164.18,203.58
2026-06-17T01:10:00Z,1824.47,0,164.87,203.93
2026-06-17T01:15:00Z,1792.09,0,164.42,203.73
2026-06-17T01:20:00Z,1757.71,0,164.62,205.56
2026-06-17T01:25:00Z,1747.68,0,164.61,204.24
2026-06-17T01:30:00Z,1748.86,0,164.57,205.81
2026-06-17T01:35:00Z,1739.91,0,153.64,205.06
2026-06-17T01:40:00Z,1735.29,0,153.72,204.63
2026-06-17T01:45:00Z,1720.71,0,153.38,204.05
2026-06-17T01:50:00Z,1704.66,0,153.4,205.71
2026-06-17T01:55:00Z,1668.74,0,153.18,203.49
2026-06-17T02:00:00Z,1631.95,0,153.42,203.35
2026-06-17T02:05:00Z,1586.52,0,153.52,203.18
2026-06-17T02:10:00Z,1572.36,0,153.53,203.65
2026-06-17T02:15:00Z,1554.59,0,153.7,204.26
2026-06-17T02:20:00Z,1528.84,0,153.76,205.45
2026-06-17T02:25:00Z,1523.8,0,152.58,204.55
2026-06-17T02:30:00Z,1510.02,0,150.52,203.67
2026-06-17T02:35:00Z,1490.71,0,146.93,202.83
2026-06-17T02:40:00Z,1439.13,0,145.09,203.77
2026-06-17T02:45:00Z,1416.98,0,143.17,204.37
2026-06-17T02:50:00Z,1392.16,0,130.57,204.1
2026-06-17T02:55:00Z,1348.77,0,137.21,204.08
2026-06-17T03:00:00Z,1318.46,0,136.69,206.73
2026-06-18T03:05:00Z,3475.12,0,135.59,208.09
2026-06-18T03:10:00Z,3499.92,0,135.53,207.02
2026-06-18T03:15:00Z,3497.85,0,135.57,207.96
2026-06-18T03:20:00Z,3466.83,0,135.73,206.12
2026-06-18T03:25:00Z,3452.55,0,135.24,206.87
2026-06-18T03:30:00Z,3440.71,0,135.65,205.98
2026-06-18T03:35:00Z,3426.31,0,135.48,206.9
2026-06-18T03:40:00Z,3435.69,0,135.46,207.66
2026-06-18T03:45:00Z,3454.3,0,135.42,208.03
2026-06-18T03:50:00Z,3437.07,0,135.47,207.69
2026-06-18T03:55:00Z,3433.33,0,134.97,205.94
2026-06-18T04:00:00Z,3392.85,0,134.9,207.03
2026-06-18T04:05:00Z,3367.53,0,135.39,206.94
2026-06-18T04:10:00Z,3309.95,0,135.38,206.86
2026-06-18T04:15:00Z,3295.36,0,135.08,209.84
2026-06-18T04:20:00Z,3260.83,0,134.88,206.4
2026-06-18T04:25:00Z,3185.65,0,131.68,205.89
2026-06-18T04:30:00Z,3097.19,0,131.58,208.07
2026-06-18T04:35:00Z,3015.96,0,132.3,208.68
2026-06-18T04:40:00Z,2964.9,0,132.02,209.45
2026-06-18T04:45:00Z,2909.76,0,132.25,208.64
2026-06-18T04:50:00Z,2849.59,0,131.94,209.99
2026-06-18T04:55:00Z,2839.72,0,132.1,205.63
2026-06-18T05:00:00Z,2850.85,0,132.14,207.87
2026-06-18T05:05:00Z,2883.29,0,131.41,207.93
2026-06-18T05:10:00Z,2888.42,0,131.38,207.06
2026-06-18T05:15:00Z,2898.45,0,131.86,206.13
2026-06-18T05:20:00Z,2889.47,0,132.32,207.41
2026-06-18T05:25:00Z,2899.7,0,131.83,207.05
2026-06-18T05:30:00Z,2916.92,0,131.59,207.69
2026-06-18T05:35:00Z,2931.08,0,133.11,207.61
2026-06-18T05:40:00Z,2943.84,0,133.01,210.14
2026-06-18T05:45:00Z,2969.35,0,132.65,208.47
2026-06-18T05:50:00Z,2988.61,0,132.82,209.44
2026-06-18T05:55:00Z,3028.19,0,133.01,205.91
2026-06-18T06:00:00Z,3075.5,0,132.94,209.11
2026-06-18T06:05:00Z,3109.28,0,133.17,207.45
2026-06-18T06:10:00Z,3120.96,0,133.05,207.19
2026-06-18T06:15:00Z,3156.23,0,132.0,205.56
2026-06-18T06:20:00Z,3190.74,0,131.84,203.15
2026-06-18T06:25:00Z,3244.15,0,132.27,206.12
2026-06-18T06:30:00Z,3282.99,0,132.13,207.1
2026-06-18T06:35:00Z,3275.68,0,132.0,207.96
2026-06-18T06:40:00Z,3270.64,0,132.59,208.63
2026-06-18T06:45:00Z,3262.11,0,133.03,209.27
2026-06-18T06:50:00Z,3257.46,0,132.59,209.86
2026-06-18T06:55:00Z,3283.88,0,132.79,209.6
2026-06-18T07:00:00Z,3304.47,0,132.54,210.58
2026-06-18T07:05:00Z,3301.98,0,132.34,208.3
2026-06-18T07:10:00Z,3295.58,0,132.24,205.22
2026-06-18T07:15:00Z,3288.63,0,128.04,208.12
2026-06-18T07:20:00Z,3320.44,0,128.55,208.9
2026-06-18T07:25:00Z,3299.59,0,128.52,210.33
2026-06-18T07:30:00Z,3286.82,0,128.3,207.43
2026-06-18T07:35:00Z,3282.59,0,128.76,207.98
2026-06-18T07:40:00Z,3285.4,0,128.65,208.92
2026-06-18T07:45:00Z,3294.64,0,128.48,207.66
2026-06-18T07:50:00Z,3311.97,0,128.36,206.97
2026-06-18T07:55:00Z,3296.47,0,128.86,205.21
2026-06-18T08:00:00Z,3256.57,0,128.46,208.22
2026-06-18T08:05:00Z,3241.72,0,128.91,206.55
2026-06-18T08:10:00Z,3237.47,0,128.4,204.92
2026-06-18T08:15:00Z,3205.0,0,128.3,208.31
2026-06-18T08:20:00Z,3145.81,0,128.89,207.24
2026-06-18T08:25:00Z,3168.32,0,128.75,208.0
2026-06-18T08:30:00Z,3181.49,0,128.66,208.18
2026-06-18T08:35:00Z,3160.98,0,128.23,206.47
2026-06-18T08:40:00Z,3162.24,0,128.39,208.61
2026-06-18T08:45:00Z,3171.92,0,128.2,209.36
2026-06-18T08:50:00Z,3205.64,0,128.68,207.24
2026-06-18T08:55:00Z,3220.73,0,128.36,206.72
2026-06-18T09:00:00Z,3182.4,0,128.53,207.52
2026-06-18T09:05:00Z,3121.82,0,128.73,206.12
2026-06-18T09:10:00Z,3059.77,0,128.51,202.35
2026-06-18T09:15:00Z,3033.46,0,128.4,205.86
2026-06-18T09:20:00Z,3023.33,0,128.42,207.89
2026-06-18T09:25:00Z,3024.58,0,128.56,207.1
2026-06-18T09:30:00Z,3016.63,0,128.41,207.74
2026-06-18T09:35:00Z,3030.62,0,128.7,206.24
2026-06-18T09:40:00Z,3027.82,0,128.29,207.17
2026-06-18T09:45:00Z,3017.07,0,128.28,205.22
2026-06-18T09:50:00Z,3035.7,0,128.31,207.13
2026-06-18T09:55:00Z,3041.05,0,128.66,206.73
2026-06-18T10:00:00Z,3091.81,0,128.62,208.57
2026-06-18T10:05:00Z,3157.95,0,128.85,205.23
2026-06-18T10:10:00Z,3188.41,0,128.9,206.47
2026-06-18T10:15:00Z,3219.15,0,128.6,207.24
2026-06-18T10:20:00Z,3226.14,0,128.96,207.09
2026-06-18T10:25:00Z,3241.39,0,128.8,206.07
2026-06-18T10:30:00Z,3298.39,0,129.0,206.23
2026-06-18T10:35:00Z,3365.82,0,129.35,205.98
2026-06-18T10:40:00Z,3389.9,0,128.93,206.39
2026-06-18T10:45:00Z,3395.44,0,128.91,205.5
2026-06-18T10:50:00Z,3471.3,0,128.81,204.19
2026-06-18T10:55:00Z,3495.16,0,129.01,204.3
2026-06-18T11:00:00Z,3485.03,0,128.87,206.65
2026-06-18T11:05:00Z,3515.16,0,128.89,206.3
2026-06-18T11:10:00Z,3531.93,0,128.7,205.02
2026-06-18T11:15:00Z,3523.49,2.18,128.62,206.29
2026-06-18T11:20:00Z,3521.09,6.24,129.34,205.91
2026-06-18T11:25:00Z,3520.78,22.71,129.04,204.68
2026-06-18T11:30:00Z,3492.08,21.06,129.11,203.67
2026-06-18T11:35:00Z,3491.93,28.96,128.3,202.29
2026-06-18T11:40:00Z,3476.32,48.45,129.06,203.03
2026-06-18T11:45:00Z,3480.07,69.74,129.04,203.75
2026-06-18T11:50:00Z,3471.65,69.13,128.82,202.96
2026-06-18T11:55:00Z,3468.13,123.04,128.43,202.99
2026-06-18T12:00:00Z,3458.68,169.96,128.5,204.62
2026-06-18T12:05:00Z,3434.54,246.07,129.12,205.24
2026-06-18T12:10:00Z,3420.4,269.87,128.96,204.83
2026-06-18T12:15:00Z,3443.55,304.94,128.95,205.36
2026-06-18T12:20:00Z,3447.88,334.35,128.82,204.01
2026-06-18T12:25:00Z,3448.7,389.27,128.73,203.49
2026-06-18T12:30:00Z,3429.18,435.01,128.81,205.0
2026-06-18T12:35:00Z,3411.02,484.51,129.4,204.08
2026-06-18T12:40:00Z,3398.56,523.63,129.1,206.08
2026-06-18T12:45:00Z,3358.83,570.91,128.81,204.97
2026-06-18T12:50:00Z,3319.96,640.08,128.45,206.47
2026-06-18T12:55:00Z,3309.6,687.61,129.31,202.91
2026-06-18T13:00:00Z,3277.24,763.5,129.06,203.77
2026-06-18T13:05:00Z,3265.19,883.13,128.8,199.3
2026-06-18T13:10:00Z,3236.04,963.18,129.02,201.21
2026-06-18T13:15:00Z,3200.73,975.43,129.1,202.06
2026-06-18T13:20:00Z,3180.06,1049.83,129.09,204.76
2026-06-18T13:25:00Z,3151.09,919.46,128.71,200.44
2026-06-18T13:30:00Z,3207.63,956.73,128.89,202.55
2026-06-18T13:35:00Z,3185.65,995.54,128.65,203.96
2026-06-18T13:40:00Z,3170.4,950.69,128.59,202.53
2026-06-18T13:45:00Z,3144.22,857.43,128.64,201.7
2026-06-18T13:50:00Z,3130.16,831.04,129.18,202.44
2026-06-18T13:55:00Z,3128.5,905.35,128.32,205.82
2026-06-18T14:00:00Z,3129.78,966.1,127.77,206.19
2026-06-18T14:05:00Z,3136.4,969.15,126.98,202.39
2026-06-18T14:10:00Z,3143.87,1064.86,126.13,205.82
2026-06-18T14:15:00Z,3158.46,1088.99,126.53,205.22
2026-06-18T14:20:00Z,3173.62,1158.62,137.58,206.67
2026-06-18T14:25:00Z,3187.33,1106.31,137.75,206.39
2026-06-18T14:30:00Z,3192.2,1068.88,137.68,205.5
2026-06-18T14:35:00Z,3197.98,1146.4,138.41,205.76
2026-06-18T14:40:00Z,3203.58,1241.05,138.25,203.81
2026-06-18T14:45:00Z,3193.6,1204.79,138.62,203.36
2026-06-18T14:50:00Z,3226.86,1262.49,138.28,201.4
2026-06-18T14:55:00Z,3235.32,1193.6,138.5,201.54
2026-06-18T15:00:00Z,3223.55,1093.96,138.59,200.36
2026-06-18T15:05:00Z,3199.52,1101.97,138.36,200.66
2026-06-18T15:10:00Z,3161.03,1147.56,138.31,201.5
2026-06-18T15:15:00Z,3145.24,1170.38,138.54,204.56
2026-06-18T15:20:00Z,3125.61,1200.49,137.82,205.82
2026-06-18T15:25:00Z,3170.71,1257.33,136.86,205.35
2026-06-18T15:30:00Z,3178.67,1207.64,138.06,206.1
2026-06-18T15:35:00Z,3216.44,1148.05,138.59,205.62
2026-06-18T15:40:00Z,3246.62,1179.89,138.34,207.21
2026-06-18T15:45:00Z,3234.49,1174.23,140.27,208.66
2026-06-18T15:50:00Z,3223.61,1199.55,141.15,206.91
2026-06-18T15:55:00Z,3241.92,1144.64,140.7,207.39
2026-06-18T16:00:00Z,3250.32,1148.04,140.96,209.1
2026-06-18T16:05:00Z,3265.74,1088.7,141.9,206.65
2026-06-18T16:10:00Z,3219.94,1154.56,142.29,207.73
2026-06-18T16:15:00Z,3238.03,1087.52,142.64,208.55
2026-06-18T16:20:00Z,3240.69,1174.72,143.51,209.47
2026-06-18T16:25:00Z,3249.12,1228.04,143.06,205.98
2026-06-18T16:30:00Z,3231.44,1243.16,143.91,206.73
2026-06-18T16:35:00Z,3229.97,1140.68,143.81,205.72
2026-06-18T16:40:00Z,3224.52,1115.63,143.76,206.7
2026-06-18T16:45:00Z,3231.97,1096.59,143.82,206.54
2026-06-18T16:50:00Z,3244.03,1061.46,143.94,207.6
2026-06-18T16:55:00Z,3234.85,1066.15,144.27,208.25
2026-06-18T17:00:00Z,3178.73,1087.03,143.82,207.09
2026-06-18T17:05:00Z,3132.6,1116.95,143.77,205.81
2026-06-18T17:10:00Z,3142.08,1136.7,143.99,205.05
2026-06-18T17:15:00Z,3140.77,1155.61,143.67,204.77
2026-06-18T17:20:00Z,3149.35,1163.44,143.89,205.21
2026-06-18T17:25:00Z,3122.48,1197.3,143.78,205.93
2026-06-18T17:30:00Z,3162.29,1204.23,144.0,206.18
2026-06-18T17:35:00Z,3174.36,1230.58,143.97,204.43
2026-06-18T17:40:00Z,3162.8,1236.11,144.17,205.18
2026-06-18T17:45:00Z,3163.9,1217.94,144.08,208.6
2026-06-18T17:50:00Z,3187.86,1221.96,143.49,207.29
2026-06-18T17:55:00Z,3224.03,1244.84,144.03,205.52
2026-06-18T18:00:00Z,3233.76,1290.45,143.51,207.56
2026-06-18T18:05:00Z,3185.14,1408.53,143.43,205.09
2026-06-18T18:10:00Z,3147.63,1406.44,143.5,205.21
2026-06-18T18:15:00Z,3056.25,1309.56,143.81,206.95
2026-06-18T18:20:00Z,3021.33,1340.28,143.46,205.71
2026-06-18T18:25:00Z,2956.83,1356.9,143.55,206.74
2026-06-18T18:30:00Z,2916.91,1390.21,143.55,206.75
2026-06-18T18:35:00Z,2857.24,1503.36,143.74,206.18
2026-06-18T18:40:00Z,2854.03,1435.25,143.68,206.01
2026-06-18T18:45:00Z,2876.86,1526.3,143.42,206.98
2026-06-18T18:50:00Z,2854.77,1455.32,143.62,207.14
2026-06-18T18:55:00Z,2840.66,1428.12,141.75,208.56
2026-06-18T19:00:00Z,2824.76,1390.05,139.07,207.89
2026-06-18T19:05:00Z,2760.97,1422.71,142.6,206.01
2026-06-18T19:10:00Z,2760.86,1518.71,142.21,199.18
2026-06-18T19:15:00Z,2712.69,1471.4,142.78,192.84
2026-06-18T19:20:00Z,2707.65,1478.51,142.91,192.29
2026-06-18T19:25:00Z,2716.28,1359.36,142.62,202.86
2026-06-18T19:30:00Z,2739.75,1321.18,142.79,206.12
2026-06-18T19:35:00Z,2755.76,1208.73,142.75,203.29
2026-06-18T19:40:00Z,2699.2,1191.48,142.77,204.29
2026-06-18T19:45:00Z,2682.48,1180.64,142.78,205.78
2026-06-18T19:50:00Z,2672.9,1150.1,142.77,206.79
2026-06-18T19:55:00Z,2687.15,1100.87,142.45,206.8
2026-06-18T20:00:00Z,2707.36,1076.77,143.06,206.89
2026-06-18T20:05:00Z,2729.86,1010.26,142.71,206.08
2026-06-18T20:10:00Z,2708.26,922.37,143.05,205.09
2026-06-18T20:15:00Z,2641.77,786.94,142.9,203.86
2026-06-18T20:20:00Z,2602.92,726.22,142.74,202.12
2026-06-18T20:25:00Z,2553.97,652.11,142.95,203.57
2026-06-18T20:30:00Z,2498.96,566.17,142.46,206.09
2026-06-18T20:35:00Z,2479.35,505.24,143.37,205.59
2026-06-18T20:40:00Z,2440.83,452.0,143.12,204.14
2026-06-18T20:45:00Z,2396.9,421.01,143.39,207.01
2026-06-18T20:50:00Z,2386.52,347.29,144.9,206.36
2026-06-18T20:55:00Z,2385.89,274.24,144.8,208.4
2026-06-18T21:00:00Z,2360.0,202.88,145.31,212.08
2026-06-18T21:05:00Z,2340.32,152.81,145.49,211.29
2026-06-18T21:10:00Z,2344.11,97.02,145.43,213.27
2026-06-18T21:15:00Z,2308.34,59.17,145.62,212.99
2026-06-18T21:20:00Z,2293.99,37.66,145.58,213.52
2026-06-18T21:25:00Z,2279.39,27.14,145.55,213.18
2026-06-18T21:30:00Z,2296.23,17.15,145.73,211.28
2026-06-18T21:35:00Z,2295.52,9.56,145.61,212.53
2026-06-18T21:40:00Z,2260.5,3.92,153.31,213.29
2026-06-18T21:45:00Z,2199.65,0,157.29,206.43
2026-06-18T21:50:00Z,2194.51,0,160.51,207.4
2026-06-18T21:55:00Z,2171.84,0,159.93,207.84
2026-06-18T22:00:00Z,2181.68,0,159.36,209.62
2026-06-18T22:05:00Z,2160.22,0,161.12,209.12
2026-06-18T22:10:00Z,2167.21,0,161.84,208.97
2026-06-18T22:15:00Z,2166.82,0,162.37,206.15
2026-06-18T22:20:00Z,2169.55,0,162.19,207.17
2026-06-18T22:25:00Z,2181.63,0,162.44,209.81
2026-06-18T22:30:00Z,2182.99,0,162.22,211.36
2026-06-18T22:35:00Z,2164.06,0,162.29,210.67
2026-06-18T22:40:00Z,2142.84,0,162.19,209.64
2026-06-18T22:45:00Z,2117.57,0,163.12,213.01
2026-06-18T22:50:00Z,2151.31,0,163.7,211.82
2026-06-18T22:55:00Z,2152.38,0,163.65,211.69
2026-06-18T23:00:00Z,2144.77,0,163.39,210.1
2026-06-18T23:05:00Z,2120.83,0,163.47,209.17
2026-06-18T23:10:00Z,2096.43,0,163.54,209.01
2026-06-18T23:15:00Z,2090.19,0,163.59,206.9
2026-06-18T23:20:00Z,2105.08,0,163.68,209.29
2026-06-18T23:25:00Z,2083.71,0,163.52,210.45
2026-06-18T23:30:00Z,2106.81,0,163.14,209.01
2026-06-18T23:35:00Z,2116.55,0,163.42,209.62
2026-06-18T23:40:00Z,2118.12,0,163.55,210.34
2026-06-18T23:45:00Z,2128.05,0,164.0,207.87
2026-06-18T23:50:00Z,2141.29,0,163.6,209.74
2026-06-18T23:55:00Z,2112.71,0,163.25,209.54
2026-06-19T00:00:00Z,2098.03,0,163.61,208.78
2026-06-19T00:05:00Z,2046.33,0,163.71,206.42
2026-06-19T00:10:00Z,2029.07,0,163.33,209.59
2026-06-19T00:15:00Z,2027.46,0,164.08,207.87
2026-06-19T00:20:00Z,1995.44,0,163.96,209.22
2026-06-19T00:25:00Z,2039.13,0,163.81,208.21
2026-06-19T00:30:00Z,2120.38,0,164.04,210.17
2026-06-19T00:35:00Z,2119.18,0,163.84,208.93
2026-06-19T00:40:00Z,2148.3,0,163.93,208.12
2026-06-19T00:45:00Z,2176.22,0,163.9,208.52
2026-06-19T00:50:00Z,2247.82,0,163.4,207.56
2026-06-19T00:55:00Z,2267.08,0,164.05,207.71
2026-06-19T01:00:00Z,2278.58,0,164.1,209.82
2026-06-19T01:05:00Z,2260.17,0,164.87,206.63
2026-06-19T01:10:00Z,2254.05,0,164.02,206.5
2026-06-19T01:15:00Z,2224.76,0,164.07,207.68
2026-06-19T01:20:00Z,2213.02,0,164.38,207.36
2026-06-19T01:25:00Z,2190.9,0,164.08,208.02
2026-06-19T01:30:00Z,2158.05,0,163.28,207.29
2026-06-19T01:35:00Z,2148.83,0,152.45,209.09
2026-06-19T01:40:00Z,2136.31,0,152.11,207.83
2026-06-19T01:45:00Z,2128.32,0,152.02,206.4
2026-06-19T01:50:00Z,2124.3,0,152.15,206.83
2026-06-19T01:55:00Z,2125.6,0,151.89,208.43
2026-06-19T02:00:00Z,2100.62,0,152.27,207.61
2026-06-19T02:05:00Z,2053.61,0,152.82,207.38
2026-06-19T02:10:00Z,2048.31,0,152.28,207.66
2026-06-19T02:15:00Z,2024.73,0,152.8,204.42
2026-06-19T02:20:00Z,1974.49,0,153.11,201.99
2026-06-19T02:25:00Z,2000.41,0,149.26,202.4
2026-06-19T02:30:00Z,2012.21,0,147.19,206.77
2026-06-19T02:35:00Z,2037.53,0,147.73,206.99
2026-06-19T02:40:00Z,2030.11,0,145.67,205.69
2026-06-19T02:45:00Z,2050.04,0,144.24,207.85
2026-06-19T02:50:00Z,2082.7,0,140.59,208.93
2026-06-19T02:55:00Z,2131.32,0,140.11,209.3
2026-06-19T03:00:00Z,3204.15,0,113.1,169.73
2026-06-19T03:05:00Z,2140.69,0,134.79,208.85
2026-06-19T03:10:00Z,2138.34,0,134.85,210.14
2026-06-19T03:15:00Z,2162.51,0,134.77,209.89
2026-06-19T03:20:00Z,2167.18,0,134.47,212.39
2026-06-19T03:25:00Z,2182.64,0,135.08,210.11
2026-06-19T03:30:00Z,2198.29,0,134.9,212.81
2026-06-19T03:35:00Z,2187.05,0,134.9,212.64
2026-06-19T03:40:00Z,2209.02,0,134.86,211.59
2026-06-19T03:45:00Z,2211.65,0,134.63,213.28
2026-06-19T03:50:00Z,2218.53,0,134.92,211.65
2026-06-19T03:55:00Z,2248.9,0,135.18,210.91
2026-06-19T04:00:00Z,2276.95,0,134.81,210.49
2026-06-19T04:05:00Z,2290.27,0,135.03,208.35
2026-06-19T04:10:00Z,2301.65,0,134.77,205.37
2026-06-19T04:15:00Z,2307.97,0,134.66,209.96
2026-06-19T04:20:00Z,2336.93,0,134.99,206.56
2026-06-19T04:25:00Z,2365.97,0,134.7,209.02
2026-06-19T04:30:00Z,2393.93,0,134.61,204.36
2026-06-19T04:35:00Z,2439.93,0,132.16,209.7
2026-06-19T04:40:00Z,2455.85,0,131.72,208.85
2026-06-19T04:45:00Z,2466.27,0,131.89,208.86
2026-06-19T04:50:00Z,2483.81,0,132.22,207.07
2026-06-19T04:55:00Z,2490.81,0,131.94,206.54
2026-06-19T05:00:00Z,2526.6,0,131.64,203.09
2026-06-19T05:05:00Z,2548.85,0,131.99,204.22
2026-06-19T05:10:00Z,2586.01,0,132.37,203.5
2026-06-19T05:15:00Z,2617.98,0,132.33,202.24
2026-06-19T05:20:00Z,2622.76,0,131.22,203.08
2026-06-19T05:25:00Z,2624.74,0,131.62,205.07
2026-06-19T05:30:00Z,2628.02,0,131.76,208.13
2026-06-19T05:35:00Z,2611.3,0,132.76,208.98
2026-06-19T05:40:00Z,2619.93,0,132.51,210.55
2026-06-19T05:45:00Z,2642.78,0,132.6,205.62
2026-06-19T05:50:00Z,2664.2,0,132.56,208.64
2026-06-19T05:55:00Z,2700.15,0,132.39,206.7
2026-06-19T06:00:00Z,2744.39,0,132.34,209.97
2026-06-19T06:05:00Z,2790.28,0,131.07,207.0
2026-06-19T06:10:00Z,2828.25,0,130.34,210.58
2026-06-19T06:15:00Z,2867.67,0,130.98,209.02
2026-06-19T06:20:00Z,2905.88,0,132.0,212.17
2026-06-19T06:25:00Z,2928.42,0,132.51,209.86
2026-06-19T06:30:00Z,2920.71,0,132.82,207.76
2026-06-19T06:35:00Z,2927.32,0,132.53,209.91
2026-06-19T06:40:00Z,2915.31,0,132.89,208.49
2026-06-19T06:41:58Z,3337.3,0,112.93,168.12
2026-06-19T06:45:00Z,2898.17,0,132.52,209.15
2026-06-19T06:50:00Z,2884.11,0,132.85,210.07
2026-06-19T06:55:00Z,2855.87,0,132.53,211.27
2026-06-19T07:00:00Z,2818.54,0,132.82,210.07
2026-06-19T07:05:00Z,2754.81,0,133.17,211.28
2026-06-19T07:10:00Z,2694.47,0,133.25,211.74
2026-06-19T07:15:00Z,2810.34,0,133.22,208.34
2026-06-19T07:20:00Z,2800.99,0,132.97,210.09
2026-06-19T07:25:00Z,2781.71,0,133.13,208.88
2026-06-19T07:30:00Z,2763.37,0,133.18,211.27
2026-06-19T07:35:00Z,2749.07,0,132.93,209.07
2026-06-19T07:40:00Z,2719.03,0,132.89,210.89
2026-06-19T07:45:00Z,2736.5,0,132.69,206.6
2026-06-19T07:50:00Z,2747.19,0,132.93,208.31
2026-06-19T07:55:00Z,2732.46,0,133.0,209.22
2026-06-19T08:00:00Z,2714.63,0,132.98,206.84
2026-06-19T08:05:00Z,2740.14,0,133.33,209.48
2026-06-19T08:10:00Z,2795.3,0,132.55,209.79
2026-06-19T08:11:57Z,2975.29,1304.02,144.22,168.84
2026-06-19T08:15:00Z,2814.17,0,133.06,207.76
2026-06-19T08:20:00Z,2849.45,0,132.19,208.13
2026-06-19T08:25:00Z,2866.87,0,132.62,206.71
2026-06-19T08:30:00Z,2883.0,0,133.05,208.26
2026-06-19T08:35:00Z,2858.53,0,133.8,206.25
2026-06-19T08:40:00Z,2848.78,0,133.99,210.36
2026-06-19T08:45:00Z,2860.19,0,133.28,207.84
2026-06-19T08:50:00Z,2886.63,0,133.83,208.74
2026-06-19T08:55:00Z,2881.83,0,134.07,208.62
2026-06-19T09:00:00Z,2894.58,0,133.67,209.76
2026-06-19T09:05:00Z,2929.92,0,134.48,209.97
2026-06-19T09:10:00Z,2940.2,0,133.52,208.37
2026-06-19T09:15:00Z,2935.87,0,133.73,206.72
2026-06-19T09:20:00Z,2950.02,0,133.58,209.62
2026-06-19T09:25:00Z,2932.1,0,133.95,209.96
2026-06-19T09:30:00Z,2904.32,0,133.78,208.81
2026-06-19T09:35:00Z,2867.0,0,133.81,209.42
2026-06-19T09:40:00Z,2843.94,0,134.15,209.15
2026-06-19T09:41:59Z,3131.69,0,113.62,166.31
2026-06-19T09:45:00Z,2862.04,0,134.05,209.75
2026-06-19T09:50:00Z,2868.05,0,133.83,210.05
2026-06-19T09:55:00Z,2846.72,0,133.96,209.51
2026-06-19T10:00:00Z,2830.18,0,132.99,210.35
2026-06-19T10:05:00Z,2827.74,0,133.61,210.33
2026-06-19T10:10:00Z,2862.2,0,133.21,211.68
2026-06-19T10:15:00Z,2896.78,0,132.99,208.75
2026-06-19T10:20:00Z,2892.66,0,132.89,210.47
2026-06-19T10:25:00Z,2921.33,0,133.3,209.43
2026-06-19T10:30:00Z,2892.14,0,132.94,210.13
2026-06-19T10:35:00Z,2850.38,0,132.29,209.98
2026-06-19T10:40:00Z,2843.88,0,132.33,209.49
2026-06-19T10:45:00Z,2807.23,0,132.55,208.68
2026-06-19T10:50:00Z,2800.12,0,132.52,207.58
2026-06-19T10:55:00Z,2756.92,0,132.4,209.06
2026-06-19T11:00:00Z,2727.82,0,132.39,209.17
2026-06-19T11:05:00Z,2709.02,0,132.2,200.2
2026-06-19T11:10:00Z,2661.44,0.05,132.5,202.26
2026-06-19T11:15:00Z,2621.87,2.77,132.65,199.29
2026-06-19T11:20:00Z,2645.87,6.66,132.44,201.71
2026-06-19T11:25:00Z,2677.44,13.7,132.52,199.61
2026-06-19T11:30:00Z,2673.92,24.1,132.9,200.13
2026-06-19T11:35:00Z,2711.63,42.91,132.99,200.82
2026-06-19T11:40:00Z,2732.0,76.65,132.84,202.04
2026-06-19T11:45:00Z,2707.02,119.74,132.44,200.75
2026-06-19T11:50:00Z,2664.94,191.68,132.62,201.33
2026-06-19T11:55:00Z,2619.93,271.24,132.6,200.85
2026-06-19T12:00:00Z,2538.52,357.26,133.1,199.06
2026-06-19T12:05:00Z,2488.99,471.24,133.51,204.23
2026-06-19T12:10:00Z,2443.25,567.39,133.51,207.3
2026-06-19T12:15:00Z,2406.42,660.73,133.14,207.03
2026-06-19T12:20:00Z,2376.72,778.99,133.4,206.02
2026-06-19T12:25:00Z,2306.25,883.84,133.25,207.46
2026-06-19T12:30:00Z,2206.73,1018.52,132.9,208.29
2026-06-19T12:35:00Z,2113.99,1127.06,132.83,209.0
2026-06-19T12:40:00Z,2053.39,1219.44,132.73,209.16
2026-06-19T12:41:56Z,3553.79,0,164.83,163.83
2026-06-19T12:45:00Z,1976.72,1336.11,132.58,208.75
2026-06-19T12:50:00Z,1895.62,1428.8,132.54,207.18
2026-06-19T12:55:00Z,1841.78,1513.93,132.68,207.86
2026-06-19T13:00:00Z,1773.83,1595.25,132.58,208.76
2026-06-19T13:05:00Z,1723.08,1666.22,132.67,207.78
2026-06-19T13:10:00Z,1674.85,1730.0,132.95,207.78
2026-06-19T13:15:00Z,1641.51,1788.36,132.92,207.55
2026-06-19T13:20:00Z,1580.41,1787.04,133.12,210.19
2026-06-19T13:25:00Z,1449.27,1856.94,133.27,209.21
2026-06-19T13:30:00Z,1317.0,1794.79,130.13,210.02
2026-06-19T13:35:00Z,1262.1,1861.95,129.58,209.75
2026-06-19T13:40:00Z,1209.02,1870.37,129.96,211.58
2026-06-19T13:45:00Z,1163.03,1842.16,130.36,211.14
2026-06-19T13:50:00Z,1130.26,1831.84,130.72,209.03
2026-06-19T13:55:00Z,1102.4,1822.54,131.66,211.05
2026-06-19T14:00:00Z,1033.47,1823.49,131.53,212.39
2026-06-19T14:05:00Z,972.25,1831.08,131.44,210.33
2026-06-19T14:10:00Z,910.0,1789.65,131.72,211.87
2026-06-19T14:15:00Z,847.06,1718.71,130.97,210.95
2026-06-19T14:20:00Z,798.06,1710.16,142.27,211.18
2026-06-19T14:25:00Z,775.25,1705.28,142.18,211.35
2026-06-19T14:30:00Z,754.99,1786.51,142.0,208.42
2026-06-19T14:35:00Z,723.98,1761.29,141.64,212.01
2026-06-19T14:40:00Z,710.13,1816.42,134.75,211.37
2026-06-19T14:45:00Z,695.11,1834.34,139.47,212.22
2026-06-19T14:50:00Z,709.09,1809.03,142.22,211.78
2026-06-19T14:50:13Z,2833.21,1167.52,144.65,169.92
2026-06-19T14:55:00Z,753.88,1797.26,143.26,211.09
2026-06-19T15:00:00Z,775.18,1794.34,143.75,211.17
2026-06-19T15:05:00Z,807.71,1811.94,143.6,214.74
2026-06-19T15:10:00Z,841.05,1789.06,143.6,211.76
2026-06-19T15:15:00Z,850.78,1764.36,143.83,212.78
2026-06-19T15:20:00Z,843.35,1783.25,143.98,212.83
2026-06-19T15:25:00Z,845.9,1711.15,143.68,211.82
2026-06-19T15:30:00Z,799.58,1694.57,143.55,210.55
2026-06-19T15:35:00Z,756.69,1720.68,143.5,211.95
2026-06-19T15:40:00Z,754.64,1613.19,143.96,210.68
2026-06-19T15:45:00Z,760.69,1611.03,143.51,212.24
2026-06-19T15:50:00Z,761.92,1556.38,143.81,212.19
2026-06-19T15:55:00Z,746.68,1600.12,144.07,212.48
2026-06-19T16:00:00Z,738.4,1649.16,143.93,211.28
2026-06-19T16:05:00Z,745.07,1629.94,143.9,210.17
2026-06-19T16:10:00Z,771.06,1579.29,143.95,210.38
2026-06-19T16:15:00Z,759.04,1651.57,143.4,212.12
2026-06-19T16:20:00Z,760.32,1613.04,143.62,209.72
2026-06-19T16:25:00Z,760.77,1600.82,143.36,208.77
2026-06-19T16:30:00Z,760.8,1598.12,143.36,210.06
2026-06-19T16:35:00Z,796.28,1547.53,143.03,210.07
2026-06-19T16:40:00Z,820.97,1580.48,142.74,210.57
2026-06-19T16:45:00Z,834.99,1584.64,142.83,210.59
2026-06-19T16:50:00Z,862.83,1532.27,142.83,210.02
2026-06-19T16:55:00Z,869.24,1528.89,142.31,208.47
2026-06-19T17:00:00Z,812.49,1546.67,143.28,209.55
2026-06-19T17:05:00Z,824.47,1551.63,143.3,210.46
2026-06-19T17:10:00Z,810.27,1524.81,142.86,210.31
2026-06-19T17:15:00Z,821.17,1552.04,142.75,211.29
2026-06-19T17:20:00Z,833.53,1597.97,142.91,209.26
2026-06-19T17:25:00Z,833.25,1624.05,142.62,209.84
2026-06-19T17:30:00Z,866.89,1571.2,143.34,208.75
2026-06-19T17:35:00Z,904.62,1606.38,142.81,209.82
2026-06-19T17:40:00Z,900.46,1549.37,143.14,209.35
2026-06-19T17:45:00Z,933.58,1560.89,143.51,209.4
2026-06-19T17:50:00Z,922.67,1427.61,143.61,209.76
2026-06-19T17:55:00Z,951.77,1462.95,143.49,208.58
2026-06-19T18:00:00Z,924.66,1468.72,143.62,207.18
2026-06-19T18:05:00Z,920.58,1516.54,143.11,206.67
2026-06-19T18:10:00Z,942.08,1494.35,142.9,208.11
2026-06-19T18:15:00Z,938.42,1497.01,143.28,206.82
2026-06-19T18:20:00Z,968.68,1501.64,143.03,203.1
2026-06-19T18:25:00Z,985.86,1549.58,143.22,207.26
2026-06-19T18:30:00Z,1023.6,1513.28,143.35,206.09
2026-06-19T18:35:00Z,1048.08,1540.73,143.02,206.27
2026-06-19T18:40:00Z,1074.09,1477.54,143.36,205.51
2026-06-19T18:45:00Z,1081.57,1479.1,143.51,205.07
2026-06-19T18:50:00Z,1070.89,1533.21,142.9,204.6
2026-06-19T18:51:53Z,3186.47,0,113.99,164.62
2026-06-19T18:55:00Z,1112.61,1519.88,142.77,204.68
2026-06-19T19:00:00Z,1129.0,1452.45,143.47,205.83
2026-06-19T19:05:00Z,1130.8,1498.13,143.36,203.15
2026-06-19T19:10:00Z,1084.86,1489.14,143.5,206.29
2026-06-19T19:15:00Z,1064.25,1502.25,143.59,208.61
2026-06-19T19:20:00Z,1079.1,1495.6,143.6,207.07
2026-06-19T19:25:00Z,1093.12,1497.06,143.44,208.11
2026-06-19T19:30:00Z,1095.45,1390.94,143.1,203.99
2026-06-19T19:35:00Z,1111.97,1277.29,143.14,208.14
2026-06-19T19:40:00Z,1115.95,1288.45,143.46,206.24
2026-06-19T19:45:00Z,1089.29,1245.48,143.61,209.59
2026-06-19T19:50:00Z,1100.53,1237.24,143.05,208.96
2026-06-19T19:55:00Z,1118.59,1219.48,143.19,209.96
2026-06-19T20:00:00Z,1113.19,1165.13,143.3,211.93
2026-06-19T20:05:00Z,1126.45,1119.64,143.55,208.7
2026-06-19T20:10:00Z,1151.18,1051.8,143.94,211.78
2026-06-19T20:15:00Z,1189.4,955.93,142.94,211.58
2026-06-19T20:20:00Z,1290.14,883.59,143.39,211.39
2026-06-19T20:25:00Z,1394.2,819.72,143.62,211.38
2026-06-19T20:30:00Z,1482.87,704.83,143.65,210.02
2026-06-19T20:35:00Z,1565.64,634.32,143.41,209.97
2026-06-19T20:40:00Z,1623.86,623.78,143.49,209.69
2026-06-19T20:45:00Z,1655.38,562.55,143.34,209.95
2026-06-19T20:50:00Z,1676.12,489.75,144.15,211.47
2026-06-19T20:55:00Z,1676.87,405.81,143.41,210.67
2026-06-19T21:00:00Z,1672.53,357.73,143.57,210.42
2026-06-19T21:05:00Z,1715.6,276.79,144.05,210.5
2026-06-19T21:10:00Z,1743.96,218.68,143.85,212.24
2026-06-19T21:15:00Z,1781.73,151.67,144.08,209.18
2026-06-19T21:20:00Z,1838.64,95.97,143.63,208.45
2026-06-19T21:25:00Z,1895.98,61.27,143.5,209.17
2026-06-19T21:30:00Z,1912.24,35.99,143.38,209.27
2026-06-19T21:35:00Z,1925.53,18.9,144.64,209.85
2026-06-19T21:40:00Z,1928.73,7.11,146.64,202.09
2026-06-19T21:45:00Z,1910.45,1.38,147.86,199.12
2026-06-19T21:50:00Z,1910.46,0,156.54,201.41
2026-06-19T21:51:48Z,2385.11,1095.57,145.36,170.4
2026-06-19T21:55:00Z,1907.63,0,160.73,198.65
2026-06-19T22:00:00Z,1878.53,0,161.28,197.39
2026-06-19T22:05:00Z,1858.61,0,160.27,195.91
2026-06-19T22:10:00Z,1847.97,0,161.4,197.73
2026-06-19T22:15:00Z,1884.52,0,161.32,197.78
2026-06-19T22:20:00Z,1911.96,0,160.86,196.53
2026-06-19T22:25:00Z,1941.94,0,161.35,197.16
2026-06-19T22:30:00Z,1935.3,0,161.66,196.45
2026-06-19T22:35:00Z,1952.03,0,161.7,195.26
2026-06-19T22:40:00Z,1987.85,0,161.87,196.25
2026-06-19T22:45:00Z,1944.39,0,161.83,194.75
2026-06-19T22:50:00Z,1944.48,0,161.56,193.77
2026-06-19T22:55:00Z,1956.09,0,161.36,192.98
2026-06-19T23:00:00Z,1953.62,0,162.26,194.89
2026-06-19T23:05:00Z,1971.04,91.05,162.24,194.2
2026-06-19T23:10:00Z,1949.63,91.05,162.53,196.99
2026-06-19T23:15:00Z,1993.95,90.99,162.21,195.82
2026-06-19T23:20:00Z,2005.12,0,162.35,196.02
2026-06-19T23:25:00Z,2022.25,0,162.22,194.72
2026-06-19T23:30:00Z,2033.22,0,162.3,194.66
2026-06-19T23:35:00Z,2070.68,0,162.23,194.15
2026-06-19T23:40:00Z,2096.93,0,162.98,193.17
2026-06-19T23:45:00Z,2113.7,0,163.04,191.22
2026-06-19T23:50:00Z,2126.39,0,162.49,194.97
2026-06-19T23:51:48Z,3092.36,0,113.41,169.18
2026-06-19T23:55:00Z,2200.76,0,162.34,195.24
2026-06-20T00:00:00Z,2275.16,0,162.46,193.73
2026-06-20T00:05:00Z,2364.06,0,162.64,195.5
2026-06-20T00:10:00Z,2379.8,0,162.57,193.9
2026-06-20T00:15:00Z,2399.83,0,163.47,195.44
2026-06-20T00:20:00Z,2409.69,0,163.14,194.38
2026-06-20T00:25:00Z,2452.24,0,162.79,193.34
2026-06-20T00:30:00Z,2488.42,0,163.09,194.16
2026-06-20T00:35:00Z,2522.64,0,163.17,193.75
2026-06-20T00:40:00Z,2493.84,0,162.95,194.86
2026-06-20T00:45:00Z,2477.7,0,162.86,193.57
2026-06-20T00:50:00Z,2514.47,0,163.58,194.58
2026-06-20T00:55:00Z,2498.54,0,163.27,194.62
2026-06-20T01:00:00Z,2500.24,0,162.8,194.22
2026-06-20T01:05:00Z,2526.4,0,163.21,194.74
2026-06-20T01:10:00Z,2534.49,0,163.13,193.86
2026-06-20T01:15:00Z,2568.17,0,162.63,193.74
2026-06-20T01:20:00Z,2630.23,0,162.87,193.96
2026-06-20T01:25:00Z,2666.59,0,162.89,194.45
2026-06-20T01:30:00Z,2744.56,0,159.15,193.56
2026-06-20T01:35:00Z,2750.68,0,152.17,193.32
2026-06-20T01:40:00Z,2806.68,0,152.05,193.7
2026-06-20T01:45:00Z,2855.14,0,151.86,193.41
2026-06-20T01:50:00Z,2878.03,0,152.06,195.08
2026-06-20T01:55:00Z,2855.21,0,152.04,194.09
2026-06-20T02:00:00Z,2773.5,0,151.93,194.77
2026-06-20T02:05:00Z,2634.21,0,151.49,194.83
2026-06-20T02:10:00Z,2526.05,0,151.62,194.97
2026-06-20T02:15:00Z,2436.03,0,151.53,195.61
2026-06-20T02:20:00Z,2316.44,0,151.52,194.67
2026-06-20T02:25:00Z,2264.09,0,151.44,194.86
2026-06-20T02:30:00Z,2206.36,0,146.15,195.96
2026-06-20T02:35:00Z,2184.01,0,145.74,194.08
2026-06-20T02:40:00Z,2150.92,0,141.11,194.71
2026-06-20T02:45:00Z,2136.25,0,141.54,194.66
2026-06-20T02:50:00Z,2168.53,0,140.79,195.73
2026-06-20T02:55:00Z,2270.11,0,140.03,195.64
2026-06-20T03:00:00Z,3001.98,618.57,134.32,164.72
2026-06-20T03:05:00Z,2318.7,0,134.88,192.39
2026-06-20T03:10:00Z,2310.55,0,135.26,193.82
2026-06-20T03:15:00Z,2328.26,0,134.75,196.52
2026-06-20T03:20:00Z,2354.0,0,135.07,194.37
2026-06-20T03:25:00Z,2440.2,0,135.1,197.38
2026-06-20T03:30:00Z,2508.2,0,135.25,194.66
2026-06-20T03:35:00Z,2554.74,0,134.98,195.93
2026-06-20T03:40:00Z,2578.99,0,133.96,197.14
2026-06-20T03:45:00Z,2609.77,0,133.63,196.4
2026-06-20T03:50:00Z,2659.57,0,133.6,195.14
2026-06-20T03:55:00Z,2744.62,0,134.01,196.57
2026-06-20T04:00:00Z,2857.03,0,133.48,197.3
2026-06-20T04:05:00Z,2978.24,0,133.23,198.59
2026-06-20T04:10:00Z,3012.63,0,133.14,197.87
2026-06-20T04:12:00Z,2957.53,0,113.7,170.74
2026-06-20T04:15:00Z,3077.42,0,132.87,197.45
2026-06-20T04:20:00Z,3149.68,0,133.36,197.21
2026-06-20T04:25:00Z,3180.48,0,133.16,196.72
2026-06-20T04:30:00Z,3174.04,0,132.79,196.08
2026-06-20T04:35:00Z,3189.24,0,132.62,193.6
2026-06-20T04:40:00Z,3269.2,0,132.85,194.8
2026-06-20T04:45:00Z,3301.83,0,132.71,195.4
2026-06-20T04:50:00Z,3274.55,0,132.71,196.48
2026-06-20T04:55:00Z,3305.49,0,132.76,196.44
2026-06-20T05:00:00Z,3341.16,0,133.01,196.03
2026-06-20T05:05:00Z,3401.67,0,132.2,196.02
2026-06-20T05:10:00Z,3448.95,0,132.25,196.91
2026-06-20T05:15:00Z,3478.18,0,132.43,195.82
2026-06-20T05:20:00Z,3485.75,0,132.94,196.24
2026-06-20T05:25:00Z,3489.98,0,132.75,194.61
2026-06-20T05:30:00Z,3509.15,0,133.18,197.5
2026-06-20T05:35:00Z,3494.68,0,132.84,196.72
2026-06-20T05:40:00Z,3491.7,0,132.78,195.03
2026-06-20T05:45:00Z,3470.57,0,132.82,197.42
2026-06-20T05:50:00Z,3487.58,0,132.94,196.27
2026-06-20T05:55:00Z,3500.47,0,131.09,196.68
2026-06-20T06:00:00Z,3515.36,0,132.49,194.35
2026-06-20T06:05:00Z,3505.99,0,132.69,195.02
2026-06-20T06:10:00Z,3481.43,0,132.6,195.84
2026-06-20T06:15:00Z,3463.1,0,132.7,196.36
2026-06-20T06:20:00Z,3515.74,0,132.34,195.03
2026-06-20T06:25:00Z,3555.2,0,132.13,195.69
2026-06-20T06:30:00Z,3593.35,0,131.83,196.49
2026-06-20T06:35:00Z,3613.08,0,130.8,196.18
2026-06-20T06:40:00Z,3617.76,0,131.54,196.49
2026-06-20T06:45:00Z,3624.5,0,132.06,196.29
2026-06-20T06:50:00Z,3643.9,0,131.76,195.86
2026-06-20T06:55:00Z,3653.59,0,131.98,195.55
2026-06-20T07:00:00Z,3664.76,0,132.2,197.35
2026-06-20T07:05:00Z,3657.58,0,132.06,197.48
2026-06-20T07:10:00Z,3642.94,0,132.09,196.95
2026-06-20T07:15:00Z,3654.23,0,132.39,197.19
2026-06-20T07:20:00Z,3656.68,0,132.3,196.59
2026-06-20T07:25:00Z,3695.78,0,132.12,197.37
2026-06-20T07:30:00Z,3677.36,0,132.18,196.77
2026-06-20T07:35:00Z,3669.95,0,132.4,195.05
2026-06-20T07:40:00Z,3692.91,0,132.85,194.12
2026-06-20T07:41:55Z,3227.86,1295.5,144.43,165.13
2026-06-20T07:45:00Z,3726.19,0,132.53,197.24
2026-06-20T07:50:00Z,3760.54,0,132.43,195.6
2026-06-20T07:55:00Z,3731.92,0,132.22,197.88
2026-06-20T08:00:00Z,3737.23,0,132.67,195.96
2026-06-20T08:05:00Z,3725.3,0,132.57,196.0
2026-06-20T08:10:00Z,3718.92,0,132.62,196.13
2026-06-20T08:15:00Z,3735.89,0,132.11,195.38
2026-06-20T08:20:00Z,3781.2,0,132.21,196.46
2026-06-20T08:25:00Z,3784.96,0,131.85,195.17
2026-06-20T08:30:00Z,3798.72,0,131.91,197.08
2026-06-20T08:35:00Z,3810.47,0,132.15,196.97
2026-06-20T08:40:00Z,3802.33,0,132.54,197.61
2026-06-20T08:45:00Z,3807.19,0,132.63,195.79
2026-06-20T08:50:00Z,3826.45,0,132.55,195.83
2026-06-20T08:55:00Z,3827.39,0,132.52,196.26
2026-06-20T09:00:00Z,3812.7,0,132.49,197.57
2026-06-20T09:00:50Z,3202.01,0,113.32,169.6
2026-06-20T09:05:00Z,3794.92,0,132.92,198.39
2026-06-20T09:10:00Z,3795.39,0,132.11,198.97
2026-06-20T09:15:00Z,3776.94,0,132.27,196.14
2026-06-20T09:20:00Z,3751.98,0,131.71,198.24
2026-06-20T09:25:00Z,3728.47,0,132.19,200.85
2026-06-20T09:30:00Z,3723.12,0,132.22,198.2
2026-06-20T09:35:00Z,3736.94,0,132.23,198.37
2026-06-20T09:40:00Z,3754.37,0,132.01,197.69
2026-06-20T09:45:00Z,3783.0,0,131.7,200.93
2026-06-20T09:50:00Z,3785.29,0,131.66,201.91
2026-06-20T09:55:00Z,3776.77,0,132.73,202.6
2026-06-20T10:00:00Z,3783.77,0,132.43,201.24
2026-06-20T10:05:00Z,3768.15,0,132.46,201.82
2026-06-20T10:10:00Z,3751.12,0,132.56,202.71
2026-06-20T10:15:00Z,3755.07,0,132.51,203.34
2026-06-20T10:20:00Z,3758.94,0,133.54,204.22
2026-06-20T10:25:00Z,3744.41,0,133.24,204.09
2026-06-20T10:30:00Z,3745.97,0,133.04,204.4
2026-06-20T10:35:00Z,3697.77,0,133.32,204.5
2026-06-20T10:40:00Z,3700.99,0,132.9,205.15
2026-06-20T10:45:00Z,3680.21,0,132.48,203.91
2026-06-20T10:50:00Z,3655.11,0,132.43,204.4
2026-06-20T10:55:00Z,3655.41,0,132.37,202.35
2026-06-20T11:00:00Z,3646.27,0,132.48,199.3
2026-06-20T11:05:00Z,3577.15,1.53,132.2,200.23
2026-06-20T11:10:00Z,3610.45,5.4,132.42,203.69
2026-06-20T11:15:00Z,3614.38,10.62,132.81,186.09
2026-06-20T11:20:00Z,3589.44,22.26,132.63,185.37
2026-06-20T11:25:00Z,3597.2,36.39,132.79,189.34
2026-06-20T11:30:00Z,3586.95,53.24,132.39,192.19
2026-06-20T11:35:00Z,3601.27,76.02,132.82,196.52
2026-06-20T11:40:00Z,3642.8,111.62,132.36,195.49
2026-06-20T11:45:00Z,3625.32,153.07,132.18,195.64
2026-06-20T11:50:00Z,3643.3,207.53,132.39,197.08
2026-06-20T11:55:00Z,3646.61,266.63,132.15,195.35
2026-06-20T12:00:00Z,3619.42,321.99,132.37,194.62
2026-06-20T12:05:00Z,3579.5,384.25,132.69,202.0
2026-06-20T12:10:00Z,3556.9,450.08,133.48,205.06
2026-06-20T12:15:00Z,3561.06,516.05,133.71,207.17
2026-06-20T12:20:00Z,3561.3,574.15,132.44,208.67
2026-06-20T12:25:00Z,3561.08,639.43,132.35,206.84
2026-06-20T12:30:00Z,3556.36,732.33,132.35,208.88
2026-06-20T12:35:00Z,3563.58,810.59,132.17,207.97
2026-06-20T12:40:00Z,3596.87,903.5,132.0,209.4
2026-06-20T12:45:00Z,3596.84,991.19,131.34,209.54
2026-06-20T12:50:00Z,3596.15,1070.35,131.93,211.0
2026-06-20T12:55:00Z,3546.03,1174.48,132.07,211.8
2026-06-20T13:00:00Z,3559.46,1233.05,131.8,213.95
2026-06-20T13:05:00Z,3527.46,1269.91,131.88,214.54
2026-06-20T13:10:00Z,3517.3,1309.94,132.03,190.68
2026-06-20T13:15:00Z,3476.31,1404.89,131.86,176.57
2026-06-20T13:20:00Z,3418.97,1445.41,126.57,174.55
2026-06-20T13:25:00Z,3378.06,1413.77,111.9,177.29
2026-06-20T13:30:00Z,3313.45,1431.09,112.06,176.1
2026-06-20T13:35:00Z,3277.55,1401.66,112.6,177.93
2026-06-20T13:40:00Z,3248.38,1356.82,113.13,183.74
2026-06-20T13:45:00Z,3233.9,1537.35,112.04,190.08
2026-06-20T13:50:00Z,3217.0,1636.94,111.98,200.05
2026-06-20T13:55:00Z,3186.9,1641.91,112.03,204.94
2026-06-20T14:00:00Z,3136.65,1625.93,111.99,207.52
2026-06-20T14:05:00Z,3087.04,1638.19,112.05,208.75
2026-06-20T14:10:00Z,3105.27,1665.47,111.96,215.96
2026-06-20T14:15:00Z,3134.21,1628.53,123.13,216.19
2026-06-20T14:20:00Z,3100.37,1618.33,122.79,216.38
2026-06-20T14:25:00Z,3103.86,1631.04,122.4,215.42
2026-06-20T14:30:00Z,3110.9,1543.47,122.51,215.21
2026-06-20T14:35:00Z,3138.37,1640.12,122.24,216.92
2026-06-20T14:40:00Z,3199.57,1629.11,122.46,216.36
2026-06-20T14:45:00Z,3237.0,1636.57,122.42,213.44
2026-06-20T14:50:00Z,3250.23,1601.52,122.63,210.93
2026-06-20T14:55:00Z,3230.71,1614.56,123.21,210.0
2026-06-20T15:00:00Z,3206.73,1633.94,123.4,209.96
2026-06-20T15:05:00Z,3186.62,1604.53,123.36,209.12
2026-06-20T15:10:00Z,3239.46,1634.31,123.02,214.0
2026-06-20T15:15:00Z,3260.45,1674.62,123.37,211.15
2026-06-20T15:20:00Z,3246.58,1688.34,123.22,211.07
2026-06-20T15:25:00Z,3244.17,1677.92,122.97,211.5
2026-06-20T15:30:00Z,3176.15,1717.28,122.94,212.89
2026-06-20T15:35:00Z,3167.04,1758.41,123.01,210.29
2026-06-20T15:40:00Z,3148.3,1746.9,123.35,213.63
2026-06-20T15:45:00Z,3132.01,1665.16,123.42,212.5
2026-06-20T15:50:00Z,3176.71,1643.0,123.5,212.58
2026-06-20T15:55:00Z,3175.47,1650.87,123.63,211.72
2026-06-20T16:00:00Z,3195.14,1652.1,123.81,212.3
2026-06-20T16:05:00Z,3227.15,1682.2,123.42,214.5
2026-06-20T16:10:00Z,3253.36,1658.18,123.03,213.56
2026-06-20T16:15:00Z,3271.72,1706.3,122.49,214.23
2026-06-20T16:20:00Z,3274.93,1721.78,122.73,214.62
2026-06-20T16:25:00Z,3305.43,1724.79,122.63,213.81
2026-06-20T16:30:00Z,3303.31,1699.99,123.18,215.21
2026-06-20T16:35:00Z,3310.11,1622.23,123.23,214.69
2026-06-20T16:40:00Z,3326.7,1605.39,123.7,213.25
2026-06-20T16:45:00Z,3289.5,1641.74,122.87,213.09
2026-06-20T16:50:00Z,3287.49,1631.19,122.96,213.54
2026-06-20T16:55:00Z,3326.08,1639.29,122.87,214.02
2026-06-20T17:00:00Z,3281.3,1640.92,123.14,213.19
2026-06-20T17:05:00Z,3273.12,1627.9,123.28,213.39
2026-06-20T17:10:00Z,3264.15,1634.01,122.9,210.08
2026-06-20T17:15:00Z,3242.38,1574.05,122.97,207.39
2026-06-20T17:20:00Z,3199.87,1565.4,123.03,213.28
2026-06-20T17:25:00Z,3218.55,1512.28,123.25,212.99
2026-06-20T17:30:00Z,3242.83,1474.48,123.03,213.97
2026-06-20T17:35:00Z,3249.22,1464.44,123.27,211.03
2026-06-20T17:40:00Z,3224.45,1505.1,122.51,211.14
2026-06-20T17:45:00Z,3242.27,1515.52,122.85,211.63
2026-06-20T17:50:00Z,3239.71,1496.65,122.93,210.76
2026-06-20T17:55:00Z,3278.04,1488.35,122.62,211.0
2026-06-20T18:00:00Z,3322.51,1488.69,122.44,210.52
2026-06-20T18:05:00Z,3304.77,1462.51,122.5,211.05
2026-06-20T18:10:00Z,3309.01,1462.12,122.75,210.32
2026-06-20T18:15:00Z,3313.05,1422.08,122.95,207.49
2026-06-20T18:20:00Z,3289.83,1411.25,123.0,210.2
2026-06-20T18:25:00Z,3252.08,1432.34,122.92,207.4
2026-06-20T18:30:00Z,3257.5,1398.29,122.56,210.07
2026-06-20T18:31:52Z,3330.95,0,127.87,166.65
2026-06-20T18:35:00Z,3215.7,1455.72,122.44,211.34
2026-06-20T18:40:00Z,3207.31,1422.99,122.83,210.98
2026-06-20T18:45:00Z,3185.43,1439.0,122.84,209.89
2026-06-20T18:50:00Z,3130.25,1449.0,122.82,209.07
2026-06-20T18:55:00Z,3180.27,1433.46,122.73,212.59
2026-06-20T19:00:00Z,3287.68,1391.95,122.51,211.26
2026-06-20T19:05:00Z,3280.86,1375.16,122.96,210.55
2026-06-20T19:10:00Z,3268.07,1381.39,123.01,209.91
2026-06-20T19:15:00Z,3251.29,1402.48,123.0,210.32
2026-06-20T19:20:00Z,3233.14,1290.9,123.13,209.93
2026-06-20T19:25:00Z,3219.57,1255.34,121.91,212.14
2026-06-20T19:30:00Z,3170.5,1179.24,121.88,211.34
2026-06-20T19:35:00Z,3130.0,1126.76,122.92,211.05
2026-06-20T19:40:00Z,3138.6,1162.84,122.15,210.44
2026-06-20T19:45:00Z,3134.71,1163.26,122.88,210.21
2026-06-20T19:50:00Z,3105.33,1180.84,122.75,208.68
2026-06-20T19:51:50Z,3331.04,0,113.09,166.2
2026-06-20T19:55:00Z,3070.29,1105.63,122.79,211.72
2026-06-20T20:00:00Z,3050.62,967.23,122.62,209.39
2026-06-20T20:00:51Z,3152.22,0,113.33,171.02
2026-06-20T20:05:00Z,3032.71,914.86,123.02,208.88
2026-06-20T20:10:00Z,3018.67,838.62,123.48,211.18
2026-06-20T20:15:00Z,3022.52,841.15,121.97,209.7
2026-06-20T20:20:00Z,3020.31,762.45,121.98,209.65
2026-06-20T20:25:00Z,2978.96,665.7,122.11,209.22
2026-06-20T20:30:00Z,2918.55,646.18,122.32,209.84
2026-06-20T20:35:00Z,2874.96,523.26,122.36,209.25
2026-06-20T20:40:00Z,2863.4,502.29,121.82,209.39
2026-06-20T20:45:00Z,2863.39,495.91,122.51,214.35
2026-06-20T20:50:00Z,2829.11,398.85,139.09,211.19
2026-06-20T20:55:00Z,2812.58,331.05,139.88,210.86
2026-06-20T21:00:00Z,2781.19,360.8,145.6,211.61
2026-06-20T21:05:00Z,2755.75,302.69,145.45,211.22
2026-06-20T21:10:00Z,2722.03,266.46,145.0,211.13
2026-06-20T21:15:00Z,2731.21,230.37,158.35,210.63
2026-06-20T21:20:00Z,2687.83,189.22,159.04,211.37
2026-06-20T21:25:00Z,2693.81,174.44,158.77,213.21
2026-06-20T21:30:00Z,2679.71,158.02,158.88,211.73
2026-06-20T21:35:00Z,2699.09,141.2,159.09,208.84
2026-06-20T21:40:00Z,2732.5,132.86,158.94,209.55
2026-06-20T21:45:00Z,2754.36,129.01,159.79,209.59
2026-06-20T21:50:00Z,2764.14,127.38,159.6,211.33
2026-06-20T21:55:00Z,2791.99,126.51,159.73,210.43
2026-06-20T22:00:00Z,2832.76,126.02,160.08,208.94
2026-06-20T22:05:00Z,2888.17,125.62,160.23,208.45
2026-06-20T22:10:00Z,2926.77,125.32,160.39,209.72
2026-06-20T22:15:00Z,2945.7,125.21,160.2,209.4
2026-06-20T22:20:00Z,2948.51,125.48,161.09,209.78
2026-06-20T22:25:00Z,2950.32,125.49,160.85,210.07
2026-06-20T22:30:00Z,2947.37,125.6,160.82,210.6
2026-06-20T22:35:00Z,2932.97,125.32,161.15,209.32
2026-06-20T22:40:00Z,2952.28,125.66,161.17,207.36
2026-06-20T22:45:00Z,2981.7,125.53,160.55,211.82
2026-06-20T22:50:00Z,3003.08,125.53,160.89,210.37
2026-06-20T22:55:00Z,3003.73,125.53,160.79,210.43
2026-06-20T23:00:00Z,3053.71,0,160.89,210.91
2026-06-20T23:05:00Z,3106.35,0,160.78,210.09
2026-06-20T23:10:00Z,3133.66,0,160.43,213.6
2026-06-20T23:15:00Z,3119.43,0,160.44,211.96
2026-06-20T23:20:00Z,3123.88,0,161.77,211.55
2026-06-20T23:25:00Z,3128.63,0,161.56,214.52
2026-06-20T23:30:00Z,3142.23,0,161.18,211.84
2026-06-20T23:35:00Z,3157.25,0,161.4,212.86
2026-06-20T23:40:00Z,3171.91,0,161.42,210.88
2026-06-20T23:45:00Z,3173.84,0,161.59,210.02
2026-06-20T23:50:00Z,3171.85,0,161.46,209.87
2026-06-20T23:51:50Z,2931.78,0,113.57,170.81
2026-06-20T23:55:00Z,3195.12,0,161.53,213.06
2026-06-21T00:00:00Z,3187.59,0,161.63,213.12
2026-06-21T00:05:00Z,3192.27,0,161.38,211.26
2026-06-21T00:10:00Z,3228.84,0,162.26,211.93
2026-06-21T00:15:00Z,3254.25,0,161.76,212.68
2026-06-21T00:20:00Z,3260.63,0,161.45,210.35
2026-06-21T00:25:00Z,3242.58,0,161.47,209.2
2026-06-21T00:30:00Z,3252.6,0,161.8,212.81
2026-06-21T00:35:00Z,3252.19,0,161.63,209.68
2026-06-21T00:40:00Z,3258.89,0,161.93,208.66
2026-06-21T00:45:00Z,3322.4,0,161.37,211.49
2026-06-21T00:50:00Z,3340.01,0,161.12,212.45
2026-06-21T00:55:00Z,3344.81,0,161.41,208.58
2026-06-21T01:00:00Z,3356.35,0,160.83,209.73
2026-06-21T01:05:00Z,3347.13,0,161.39,208.8
2026-06-21T01:10:00Z,3314.62,0,161.25,210.1
2026-06-21T01:15:00Z,3254.05,0,161.63,214.51
2026-06-21T01:20:00Z,3240.5,0,162.35,211.75
2026-06-21T01:25:00Z,3224.88,0,161.44,212.22
2026-06-21T01:30:00Z,3266.08,0,161.12,211.91
2026-06-21T01:35:00Z,3245.38,0,151.07,213.17
2026-06-21T01:40:00Z,3198.84,0,150.72,211.56
2026-06-21T01:45:00Z,3143.08,0,150.72,207.49
2026-06-21T01:50:00Z,3069.87,0,150.9,213.73
2026-06-21T01:55:00Z,3020.82,0,150.66,211.55
2026-06-21T02:00:00Z,2988.57,0,150.63,211.55
2026-06-21T02:05:00Z,2968.39,0,150.21,214.87
2026-06-21T02:10:00Z,2974.86,0,150.39,214.52
2026-06-21T02:15:00Z,2984.68,0,150.9,214.91
2026-06-21T02:20:00Z,2949.49,0,150.66,214.04
2026-06-21T02:25:00Z,3005.9,0,150.61,215.27
2026-06-21T02:30:00Z,3021.47,0,150.41,213.74
2026-06-21T02:35:00Z,3036.57,0,150.96,212.92
2026-06-21T02:40:00Z,3047.57,0,150.95,215.17
2026-06-21T02:45:00Z,3101.24,0,145.2,215.01
2026-06-21T02:50:00Z,3116.37,0,143.16,214.35
2026-06-21T02:55:00Z,3173.77,0,139.2,212.74
2026-06-21T03:00:00Z,2960.52,0,113.24,173.21
2026-06-21T03:05:00Z,3232.56,0,141.54,210.9
2026-06-21T03:10:00Z,3242.09,0,123.52,212.17
2026-06-21T03:15:00Z,3267.34,0,123.82,212.49
2026-06-21T03:20:00Z,3311.72,0,124.52,213.24
2026-06-21T03:25:00Z,3387.82,0,124.62,212.73
2026-06-21T03:30:00Z,3483.23,0,124.15,213.48
2026-06-21T03:35:00Z,3556.3,0,118.61,214.11
2026-06-21T03:40:00Z,3516.52,0,115.0,212.34
2026-06-21T03:45:00Z,3512.71,0,102.86,213.27
2026-06-21T03:50:00Z,3547.16,0,101.02,215.61
2026-06-21T03:55:00Z,3552.02,0,101.23,212.25
2026-06-21T04:00:00Z,3546.28,0,101.12,214.2
2026-06-21T04:05:00Z,3550.8,0,101.13,215.25
2026-06-21T04:10:00Z,3542.09,0,101.18,215.1
2026-06-21T04:15:00Z,3556.81,0,101.4,214.9
2026-06-21T04:20:00Z,3570.37,0,101.26,211.77
2026-06-21T04:25:00Z,3558.96,0,101.55,209.48
2026-06-21T04:30:00Z,3540.53,0,101.39,212.52
2026-06-21T04:35:00Z,3557.08,0,101.28,215.14
2026-06-21T04:40:00Z,3555.67,0,101.51,213.64
2026-06-21T04:45:00Z,3525.41,0,101.27,212.61
2026-06-21T04:50:00Z,3538.64,0,101.17,213.8
2026-06-21T04:55:00Z,3554.15,0,101.0,208.52
2026-06-21T05:00:00Z,3588.89,0,101.03,216.0
2026-06-21T05:05:00Z,3598.95,0,100.89,213.74
2026-06-21T05:10:00Z,3578.43,0,101.26,214.99
2026-06-21T05:15:00Z,3555.67,0,100.91,214.62
2026-06-21T05:20:00Z,3554.87,0,101.39,208.93
2026-06-21T05:25:00Z,3579.07,0,101.34,207.08
2026-06-21T05:30:00Z,3641.13,0,101.17,214.59
2026-06-21T05:35:00Z,3689.22,0,101.25,215.98
2026-06-21T05:40:00Z,3697.49,0,100.07,209.94
2026-06-21T05:45:00Z,3694.89,0,101.33,215.52
2026-06-21T05:50:00Z,3672.83,0,101.4,216.06
2026-06-21T05:55:00Z,3658.81,0,100.92,213.82
2026-06-21T06:00:00Z,3641.83,0,101.23,211.38
2026-06-21T06:05:00Z,3638.58,0,101.0,213.97
2026-06-21T06:10:00Z,3643.65,0,100.45,213.44
2026-06-21T06:15:00Z,3624.74,0,100.17,211.89
2026-06-21T06:20:00Z,3616.46,0,100.78,206.02
2026-06-21T06:25:00Z,3632.18,0,100.72,213.85
2026-06-21T06:30:00Z,3626.75,0,100.86,212.29
2026-06-21T06:35:00Z,3614.93,0,100.94,212.73
2026-06-21T06:40:00Z,3595.76,0,100.96,211.9
2026-06-21T06:45:00Z,3606.01,0,101.05,211.84
2026-06-21T06:50:00Z,3625.41,0,101.06,214.4
2026-06-21T06:55:00Z,3650.53,0,101.03,213.11
2026-06-21T07:00:00Z,3659.56,0,101.0,211.79
2026-06-21T07:05:00Z,3611.1,0,101.02,212.09
2026-06-21T07:10:00Z,3584.49,0,101.05,213.23
2026-06-21T07:15:00Z,3608.39,0,101.19,214.77
2026-06-21T07:20:00Z,3624.31,0,101.13,214.1
2026-06-21T07:25:00Z,3647.0,0,101.15,213.16
2026-06-21T07:30:00Z,3660.94,0,100.94,212.82
2026-06-21T07:35:00Z,3664.15,0,101.24,212.33
2026-06-21T07:40:00Z,3662.64,0,101.18,212.01
2026-06-21T07:45:00Z,3649.96,0,101.07,212.78
2026-06-21T07:50:00Z,3654.24,0,101.09,214.21
2026-06-21T07:51:52Z,3340.39,0,153.76,161.57
2026-06-21T07:55:00Z,3665.09,0,101.06,213.1
2026-06-21T08:00:00Z,3678.08,0,100.97,212.55
2026-06-21T08:05:00Z,3691.88,0,100.17,211.17
2026-06-21T08:10:00Z,3692.91,0,100.55,213.34
2026-06-21T08:15:00Z,3650.61,0,101.13,213.76
2026-06-21T08:20:00Z,3641.87,0,101.16,211.63
2026-06-21T08:25:00Z,3642.81,0,101.04,213.26
2026-06-21T08:30:00Z,3655.06,0,101.13,215.3
2026-06-21T08:35:00Z,3660.54,0,101.17,212.95
2026-06-21T08:40:00Z,3638.12,0,100.99,212.67
2026-06-21T08:45:00Z,3641.71,0,101.05,212.61
2026-06-21T08:50:00Z,3642.95,0,101.16,213.28
2026-06-21T08:55:00Z,3642.78,0,101.23,214.43
2026-06-21T09:00:00Z,3633.83,0,101.27,214.16
2026-06-21T09:05:00Z,3624.77,0,101.57,214.42
2026-06-21T09:10:00Z,3625.35,0,101.38,215.61
2026-06-21T09:15:00Z,3611.47,0,101.44,214.31
2026-06-21T09:20:00Z,3565.81,0,101.46,215.14
2026-06-21T09:25:00Z,3531.88,0,101.56,214.27
2026-06-21T09:30:00Z,3536.94,0,101.74,214.57
2026-06-21T09:35:00Z,3542.11,0,101.75,214.54
2026-06-21T09:40:00Z,3524.32,0,101.54,213.49
2026-06-21T09:45:00Z,3516.78,0,101.7,213.05
2026-06-21T09:50:00Z,3514.47,0,101.85,215.06
2026-06-21T09:55:00Z,3490.37,0,101.66,214.71
2026-06-21T10:00:00Z,3436.83,0,101.81,214.33
2026-06-21T10:05:00Z,3433.77,0,101.71,212.82
2026-06-21T10:10:00Z,3375.36,0,101.87,212.52
2026-06-21T10:15:00Z,3320.92,0,101.54,212.31
2026-06-21T10:20:00Z,3315.1,0,101.51,213.93
2026-06-21T10:25:00Z,3280.37,0,101.85,214.84
2026-06-21T10:30:00Z,3259.72,0,101.59,213.6
2026-06-21T10:35:00Z,3246.59,0,101.82,213.28
2026-06-21T10:40:00Z,3213.21,0,102.1,213.2
2026-06-21T10:45:00Z,3184.4,0,101.74,214.42
2026-06-21T10:50:00Z,3178.1,0,101.64,217.07
2026-06-21T10:55:00Z,3198.35,0,101.77,215.32
2026-06-21T11:00:00Z,3178.14,0,101.69,215.02
2026-06-21T11:05:00Z,3168.3,0.83,101.7,213.98
2026-06-21T11:10:00Z,3185.84,3.4,101.69,214.49
2026-06-21T11:15:00Z,3144.93,7.88,101.86,213.1
2026-06-21T11:20:00Z,3105.92,17.67,101.91,212.72
2026-06-21T11:25:00Z,3087.23,29.42,101.59,211.61
2026-06-21T11:30:00Z,3054.72,45.08,101.95,212.37
2026-06-21T11:35:00Z,2999.26,64.93,102.0,214.4
2026-06-21T11:40:00Z,2938.32,100.63,101.8,213.1
2026-06-21T11:45:00Z,2900.11,142.02,101.85,213.93
2026-06-21T11:50:00Z,2885.19,190.35,102.11,214.29
2026-06-21T11:55:00Z,2857.8,251.21,102.21,212.51
2026-06-21T12:00:00Z,2865.19,320.88,102.16,210.37
2026-06-21T12:05:00Z,2885.93,392.63,101.9,213.02
2026-06-21T12:10:00Z,2974.39,453.98,101.95,213.86
