date,gwh,fetched_at_utc,note
2020-01-01,15.1839,2026-04-29T23:48:58.447154Z,bootstrap
2020-01-02,11.4858,2026-04-29T23:48:58.447154Z,bootstrap
2020-01-05,0.2864,2026-04-29T23:48:58.447154Z,bootstrap
2020-01-06,2.5460,2026-04-29T23:48:58.447154Z,bootstrap
2020-03-27,0.0002,2026-04-29T23:48:58.447154Z,bootstrap
2020-07-15,0.0012,2026-04-29T23:48:58.447154Z,bootstrap
2020-07-25,0.0021,2026-04-29T23:48:58.447154Z,bootstrap
2020-07-26,0.0019,2026-04-29T23:48:58.447154Z,bootstrap
2020-07-28,0.0493,2026-04-29T23:48:58.447154Z,bootstrap
2020-07-29,0.0165,2026-04-29T23:48:58.447154Z,bootstrap
2020-09-01,0.7633,2026-04-29T23:48:58.447154Z,bootstrap
2020-09-02,11.1175,2026-04-29T23:48:58.447154Z,bootstrap
2020-09-03,4.7430,2026-04-29T23:48:58.447154Z,bootstrap
2020-09-05,0.8874,2026-04-29T23:48:58.447154Z,bootstrap
2020-09-06,2.2839,2026-04-29T23:48:58.447154Z,bootstrap
2020-09-08,5.6546,2026-04-29T23:48:58.447154Z,bootstrap
2020-09-09,2.6116,2026-04-29T23:48:58.447154Z,bootstrap
2020-09-12,6.4905,2026-04-29T23:48:58.447154Z,bootstrap
2020-09-13,3.8472,2026-04-29T23:48:58.447154Z,bootstrap
2020-09-16,3.3797,2026-04-29T23:48:58.447154Z,bootstrap
2020-09-17,5.1505,2026-04-29T23:48:58.447154Z,bootstrap
2020-09-18,0.2363,2026-04-29T23:48:58.447154Z,bootstrap
2020-09-19,0.3605,2026-04-29T23:48:58.447154Z,bootstrap
2020-09-20,0.0024,2026-04-29T23:48:58.447154Z,bootstrap
2020-09-24,0.4229,2026-04-29T23:48:58.447154Z,bootstrap
2020-09-25,1.1799,2026-04-29T23:48:58.447154Z,bootstrap
2020-09-26,0.2354,2026-04-29T23:48:58.447154Z,bootstrap
2020-09-27,0.0431,2026-04-29T23:48:58.447154Z,bootstrap
2020-09-29,0.1019,2026-04-29T23:48:58.447154Z,bootstrap
2020-09-30,1.2371,2026-04-29T23:48:58.447154Z,bootstrap
2020-10-01,1.6584,2026-04-29T23:48:58.447154Z,bootstrap
2020-10-02,13.0216,2026-04-29T23:48:58.447154Z,bootstrap
2020-10-03,25.2209,2026-04-29T23:48:58.447154Z,bootstrap
2020-10-04,22.3751,2026-04-29T23:48:58.447154Z,bootstrap
2020-10-05,18.0214,2026-04-29T23:48:58.447154Z,bootstrap
2020-10-06,16.7681,2026-04-29T23:48:58.447154Z,bootstrap
2020-10-07,16.0203,2026-04-29T23:48:58.447154Z,bootstrap
2020-10-08,17.3254,2026-04-29T23:48:58.447154Z,bootstrap
2020-10-09,15.5058,2026-04-29T23:48:58.447154Z,bootstrap
2020-10-10,13.3367,2026-04-29T23:48:58.447154Z,bootstrap
2020-10-11,5.9943,2026-04-29T23:48:58.447154Z,bootstrap
2020-10-14,0.2018,2026-04-29T23:48:58.447154Z,bootstrap
2020-10-15,0.1265,2026-04-29T23:48:58.447154Z,bootstrap
2020-10-16,0.0277,2026-04-29T23:48:58.447154Z,bootstrap
2020-11-04,0.0286,2026-04-29T23:48:58.447154Z,bootstrap
2020-11-05,0.9929,2026-04-29T23:48:58.447154Z,bootstrap
2020-11-06,3.4100,2026-04-29T23:48:58.447154Z,bootstrap
2020-11-07,2.5897,2026-04-29T23:48:58.447154Z,bootstrap
2020-11-08,1.9760,2026-04-29T23:48:58.447154Z,bootstrap
2020-11-09,1.4724,2026-04-29T23:48:58.447154Z,bootstrap
2020-11-10,0.6681,2026-04-29T23:48:58.447154Z,bootstrap
2020-11-11,1.4920,2026-04-29T23:48:58.447154Z,bootstrap
2020-11-12,0.6535,2026-04-29T23:48:58.447154Z,bootstrap
2020-11-13,2.3553,2026-04-29T23:48:58.447154Z,bootstrap
2020-11-14,5.2932,2026-04-29T23:48:58.447154Z,bootstrap
2020-11-15,1.9826,2026-04-29T23:48:58.447154Z,bootstrap
2020-11-16,0.2565,2026-04-29T23:48:58.447154Z,bootstrap
2020-11-17,6.5397,2026-04-29T23:48:58.447154Z,bootstrap
2020-11-18,16.4893,2026-04-29T23:48:58.447154Z,bootstrap
2020-11-19,17.5844,2026-04-29T23:48:58.447154Z,bootstrap
2020-11-20,17.4277,2026-04-29T23:48:58.447154Z,bootstrap
2020-11-21,16.9369,2026-04-29T23:48:58.447154Z,bootstrap
2020-11-22,11.7342,2026-04-29T23:48:58.447154Z,bootstrap
2020-11-23,4.0846,2026-04-29T23:48:58.447154Z,bootstrap
2020-11-24,2.0918,2026-04-29T23:48:58.447154Z,bootstrap
2020-11-25,8.7404,2026-04-29T23:48:58.447154Z,bootstrap
2020-11-26,9.1753,2026-04-29T23:48:58.447154Z,bootstrap
2020-11-27,8.8217,2026-04-29T23:48:58.447154Z,bootstrap
2020-11-28,13.0288,2026-04-29T23:48:58.447154Z,bootstrap
2020-11-29,22.5685,2026-04-29T23:48:58.447154Z,bootstrap
2020-11-30,23.7654,2026-04-29T23:48:58.447154Z,bootstrap
2020-12-01,14.3601,2026-04-29T23:48:58.447154Z,bootstrap
2020-12-02,11.7032,2026-04-29T23:48:58.447154Z,bootstrap
2020-12-03,15.7494,2026-04-29T23:48:58.447154Z,bootstrap
2020-12-04,7.2080,2026-04-29T23:48:58.447154Z,bootstrap
2020-12-05,1.7875,2026-04-29T23:48:58.447154Z,bootstrap
2020-12-06,1.1116,2026-04-29T23:48:58.447154Z,bootstrap
2020-12-07,2.7741,2026-04-29T23:48:58.447154Z,bootstrap
2020-12-08,2.3712,2026-04-29T23:48:58.447154Z,bootstrap
2020-12-09,3.6387,2026-04-29T23:48:58.447154Z,bootstrap
2020-12-10,1.4523,2026-04-29T23:48:58.447154Z,bootstrap
2020-12-11,0.5780,2026-04-29T23:48:58.447154Z,bootstrap
2020-12-12,0.2011,2026-04-29T23:48:58.447154Z,bootstrap
2020-12-13,0.1879,2026-04-29T23:48:58.447154Z,bootstrap
2020-12-14,0.6414,2026-04-29T23:48:58.447154Z,bootstrap
2020-12-15,1.0105,2026-04-29T23:48:58.447154Z,bootstrap
2020-12-16,0.1184,2026-04-29T23:48:58.447154Z,bootstrap
2020-12-17,0.3337,2026-04-29T23:48:58.447154Z,bootstrap
2020-12-18,0.3417,2026-04-29T23:48:58.447154Z,bootstrap
2020-12-19,0.5944,2026-04-29T23:48:58.447154Z,bootstrap
2020-12-20,0.5427,2026-04-29T23:48:58.447154Z,bootstrap
2020-12-21,0.1796,2026-04-29T23:48:58.447154Z,bootstrap
2020-12-22,0.1477,2026-04-29T23:48:58.447154Z,bootstrap
2020-12-23,0.0405,2026-04-29T23:48:58.447154Z,bootstrap
2020-12-24,0.2298,2026-04-29T23:48:58.447154Z,bootstrap
2020-12-25,0.3973,2026-04-29T23:48:58.447154Z,bootstrap
2020-12-26,10.1011,2026-04-29T23:48:58.447154Z,bootstrap
2020-12-27,1.0413,2026-04-29T23:48:58.447154Z,bootstrap
2021-02-06,0.0002,2026-04-29T23:48:58.447154Z,bootstrap
2021-02-09,0.0144,2026-04-29T23:48:58.447154Z,bootstrap
2021-02-10,0.0290,2026-04-29T23:48:58.447154Z,bootstrap
2021-02-18,0.0296,2026-04-29T23:48:58.447154Z,bootstrap
2021-02-19,0.1662,2026-04-29T23:48:58.447154Z,bootstrap
2021-02-24,0.0000,2026-04-29T23:48:58.447154Z,bootstrap
2021-02-26,0.6652,2026-04-29T23:48:58.447154Z,bootstrap
2021-02-27,0.9317,2026-04-29T23:48:58.447154Z,bootstrap
2021-02-28,1.3485,2026-04-29T23:48:58.447154Z,bootstrap
2021-03-01,0.7198,2026-04-29T23:48:58.447154Z,bootstrap
2021-03-02,0.0572,2026-04-29T23:48:58.447154Z,bootstrap
2021-03-04,0.0675,2026-04-29T23:48:58.447154Z,bootstrap
2021-03-05,0.4910,2026-04-29T23:48:58.447154Z,bootstrap
2021-03-06,0.1768,2026-04-29T23:48:58.447154Z,bootstrap
2021-03-07,0.4060,2026-04-29T23:48:58.447154Z,bootstrap
2021-03-08,1.4619,2026-04-29T23:48:58.447154Z,bootstrap
2021-03-09,0.8277,2026-04-29T23:48:58.447154Z,bootstrap
2021-03-10,0.8262,2026-04-29T23:48:58.447154Z,bootstrap
2021-03-11,0.2443,2026-04-29T23:48:58.447154Z,bootstrap
2021-03-12,0.2011,2026-04-29T23:48:58.447154Z,bootstrap
2021-03-13,1.0261,2026-04-29T23:48:58.447154Z,bootstrap
2021-03-14,1.0907,2026-04-29T23:48:58.447154Z,bootstrap
2021-03-15,1.6070,2026-04-29T23:48:58.447154Z,bootstrap
2021-03-16,1.6604,2026-04-29T23:48:58.447154Z,bootstrap
2021-03-17,0.6857,2026-04-29T23:48:58.447154Z,bootstrap
2021-03-18,0.3830,2026-04-29T23:48:58.447154Z,bootstrap
2021-03-19,0.0154,2026-04-29T23:48:58.447154Z,bootstrap
2021-04-09,0.3678,2026-04-29T23:48:58.447154Z,bootstrap
2021-04-10,0.5993,2026-04-29T23:48:58.447154Z,bootstrap
2021-04-11,0.1412,2026-04-29T23:48:58.447154Z,bootstrap
2021-04-12,0.3575,2026-04-29T23:48:58.447154Z,bootstrap
2021-04-13,0.2449,2026-04-29T23:48:58.447154Z,bootstrap
2021-04-14,0.3658,2026-04-29T23:48:58.447154Z,bootstrap
2021-04-15,0.4627,2026-04-29T23:48:58.447154Z,bootstrap
2021-04-16,0.4044,2026-04-29T23:48:58.447154Z,bootstrap
2021-04-17,0.2021,2026-04-29T23:48:58.447154Z,bootstrap
2021-04-18,0.0001,2026-04-29T23:48:58.447154Z,bootstrap
2021-05-03,0.0034,2026-04-29T23:48:58.447154Z,bootstrap
2021-05-04,7.1633,2026-04-29T23:48:58.447154Z,bootstrap
2021-05-05,51.6026,2026-04-29T23:48:58.447154Z,bootstrap
2021-05-06,27.1812,2026-04-29T23:48:58.447154Z,bootstrap
2021-05-07,19.5229,2026-04-29T23:48:58.447154Z,bootstrap
2021-05-08,7.8471,2026-04-29T23:48:58.447154Z,bootstrap
2021-05-09,2.6755,2026-04-29T23:48:58.447154Z,bootstrap
2021-05-10,2.4423,2026-04-29T23:48:58.447154Z,bootstrap
2021-05-11,1.6447,2026-04-29T23:48:58.447154Z,bootstrap
2021-05-12,1.4951,2026-04-29T23:48:58.447154Z,bootstrap
2021-05-13,2.6159,2026-04-29T23:48:58.447154Z,bootstrap
2021-05-14,1.6540,2026-04-29T23:48:58.447154Z,bootstrap
2021-05-15,0.5520,2026-04-29T23:48:58.447154Z,bootstrap
2021-05-16,0.1547,2026-04-29T23:48:58.447154Z,bootstrap
2021-05-17,2.1269,2026-04-29T23:48:58.447154Z,bootstrap
2021-05-18,15.6591,2026-04-29T23:48:58.447154Z,bootstrap
2021-05-19,24.3691,2026-04-29T23:48:58.447154Z,bootstrap
2021-05-20,25.4158,2026-04-29T23:48:58.447154Z,bootstrap
2021-05-21,25.7151,2026-04-29T23:48:58.447154Z,bootstrap
2021-05-22,27.3461,2026-04-29T23:48:58.447154Z,bootstrap
2021-05-23,42.0644,2026-04-29T23:48:58.447154Z,bootstrap
2021-05-24,36.5815,2026-04-29T23:48:58.447154Z,bootstrap
2021-05-25,44.1608,2026-04-29T23:48:58.447154Z,bootstrap
2021-05-26,62.7100,2026-04-29T23:48:58.447154Z,bootstrap
2021-05-27,45.5183,2026-04-29T23:48:58.447154Z,bootstrap
2021-05-28,36.5437,2026-04-29T23:48:58.447154Z,bootstrap
2021-05-29,39.9863,2026-04-29T23:48:58.447154Z,bootstrap
2021-05-30,48.7129,2026-04-29T23:48:58.447154Z,bootstrap
2021-05-31,55.0441,2026-04-29T23:48:58.447154Z,bootstrap
2021-06-01,78.4913,2026-04-29T23:48:58.447154Z,bootstrap
2021-06-02,98.4297,2026-04-29T23:48:58.447154Z,bootstrap
2021-06-03,92.6000,2026-04-29T23:48:58.447154Z,bootstrap
2021-06-04,79.2846,2026-04-29T23:48:58.447154Z,bootstrap
2021-06-05,88.7349,2026-04-29T23:48:58.447154Z,bootstrap
2021-06-06,89.0229,2026-04-29T23:48:58.447154Z,bootstrap
2021-06-07,88.3533,2026-04-29T23:48:58.447154Z,bootstrap
2021-06-08,98.9068,2026-04-29T23:48:58.447154Z,bootstrap
2021-06-09,123.7877,2026-04-29T23:48:58.447154Z,bootstrap
2021-06-10,111.2627,2026-04-29T23:48:58.447154Z,bootstrap
2021-06-11,78.4322,2026-04-29T23:48:58.447154Z,bootstrap
2021-06-12,103.4694,2026-04-29T23:48:58.447154Z,bootstrap
2021-06-13,124.7106,2026-04-29T23:48:58.447154Z,bootstrap
2021-06-14,140.5255,2026-04-29T23:48:58.447154Z,bootstrap
2021-06-15,123.5594,2026-04-29T23:48:58.447154Z,bootstrap
2021-06-16,89.9239,2026-04-29T23:48:58.447154Z,bootstrap
2021-06-17,81.3843,2026-04-29T23:48:58.447154Z,bootstrap
2021-06-18,55.3983,2026-04-29T23:48:58.447154Z,bootstrap
2021-06-19,59.7226,2026-04-29T23:48:58.447154Z,bootstrap
2021-06-20,108.1531,2026-04-29T23:48:58.447154Z,bootstrap
2021-06-21,133.8139,2026-04-29T23:48:58.447154Z,bootstrap
2021-06-22,122.1056,2026-04-29T23:48:58.447154Z,bootstrap
2021-06-23,97.1594,2026-04-29T23:48:58.447154Z,bootstrap
2021-06-24,104.1363,2026-04-29T23:48:58.447154Z,bootstrap
2021-06-25,99.9449,2026-04-29T23:48:58.447154Z,bootstrap
2021-06-26,82.0679,2026-04-29T23:48:58.447154Z,bootstrap
2021-06-27,74.3783,2026-04-29T23:48:58.447154Z,bootstrap
2021-06-28,76.6649,2026-04-29T23:48:58.447154Z,bootstrap
2021-06-29,68.5283,2026-04-29T23:48:58.447154Z,bootstrap
2021-06-30,53.2893,2026-04-29T23:48:58.447154Z,bootstrap
2021-07-01,42.8323,2026-04-29T23:48:58.447154Z,bootstrap
2021-07-02,38.6340,2026-04-29T23:48:58.447154Z,bootstrap
2021-07-03,29.4256,2026-04-29T23:48:58.447154Z,bootstrap
2021-07-04,25.8398,2026-04-29T23:48:58.447154Z,bootstrap
2021-07-05,16.5984,2026-04-29T23:48:58.447154Z,bootstrap
2021-07-06,8.5216,2026-04-29T23:48:58.447154Z,bootstrap
2021-07-07,6.0659,2026-04-29T23:48:58.447154Z,bootstrap
2021-07-08,24.7177,2026-04-29T23:48:58.447154Z,bootstrap
2021-07-09,59.6158,2026-04-29T23:48:58.447154Z,bootstrap
2021-07-10,60.7249,2026-04-29T23:48:58.447154Z,bootstrap
2021-07-11,66.3952,2026-04-29T23:48:58.447154Z,bootstrap
2021-07-12,53.1991,2026-04-29T23:48:58.447154Z,bootstrap
2021-07-13,34.5093,2026-04-29T23:48:58.447154Z,bootstrap
2021-07-14,40.0705,2026-04-29T23:48:58.447154Z,bootstrap
2021-07-15,38.6573,2026-04-29T23:48:58.447154Z,bootstrap
2021-07-16,34.1584,2026-04-29T23:48:58.447154Z,bootstrap
2021-07-17,35.9651,2026-04-29T23:48:58.447154Z,bootstrap
2021-07-18,61.9244,2026-04-29T23:48:58.447154Z,bootstrap
2021-07-19,56.1316,2026-04-29T23:48:58.447154Z,bootstrap
2021-07-20,40.1617,2026-04-29T23:48:58.447154Z,bootstrap
2021-07-21,63.7936,2026-04-29T23:48:58.447154Z,bootstrap
2021-07-22,104.4474,2026-04-29T23:48:58.447154Z,bootstrap
2021-07-23,87.6776,2026-04-29T23:48:58.447154Z,bootstrap
2021-07-24,78.5044,2026-04-29T23:48:58.447154Z,bootstrap
2021-07-25,40.9091,2026-04-29T23:48:58.447154Z,bootstrap
2021-07-26,48.3338,2026-04-29T23:48:58.447154Z,bootstrap
2021-07-27,50.9726,2026-04-29T23:48:58.447154Z,bootstrap
2021-07-28,28.5306,2026-04-29T23:48:58.447154Z,bootstrap
2021-07-29,22.5884,2026-04-29T23:48:58.447154Z,bootstrap
2021-07-30,41.2179,2026-04-29T23:48:58.447154Z,bootstrap
2021-07-31,37.9599,2026-04-29T23:48:58.447154Z,bootstrap
2021-08-01,13.8136,2026-04-29T23:48:58.447154Z,bootstrap
2021-08-02,54.7290,2026-04-29T23:48:58.447154Z,bootstrap
2021-08-03,73.7171,2026-04-29T23:48:58.447154Z,bootstrap
2021-08-04,19.7847,2026-04-29T23:48:58.447154Z,bootstrap
2021-08-05,11.6162,2026-04-29T23:48:58.447154Z,bootstrap
2021-08-06,12.6981,2026-04-29T23:48:58.447154Z,bootstrap
2021-08-07,1.5972,2026-04-29T23:48:58.447154Z,bootstrap
2021-08-08,6.4928,2026-04-29T23:48:58.447154Z,bootstrap
2021-08-09,1.6839,2026-04-29T23:48:58.447154Z,bootstrap
2021-08-10,30.5654,2026-04-29T23:48:58.447154Z,bootstrap
2021-08-11,31.3002,2026-04-29T23:48:58.447154Z,bootstrap
2021-08-12,0.6228,2026-04-29T23:48:58.447154Z,bootstrap
2021-08-13,41.8555,2026-04-29T23:48:58.447154Z,bootstrap
2021-08-14,31.9041,2026-04-29T23:48:58.447154Z,bootstrap
2021-08-15,33.0286,2026-04-29T23:48:58.447154Z,bootstrap
2021-08-16,38.8044,2026-04-29T23:48:58.447154Z,bootstrap
2021-08-17,78.2063,2026-04-29T23:48:58.447154Z,bootstrap
2021-08-18,54.4432,2026-04-29T23:48:58.447154Z,bootstrap
2021-08-19,39.2663,2026-04-29T23:48:58.447154Z,bootstrap
2021-08-20,43.3918,2026-04-29T23:48:58.447154Z,bootstrap
2021-08-21,44.3471,2026-04-29T23:48:58.447154Z,bootstrap
2021-08-22,41.9275,2026-04-29T23:48:58.447154Z,bootstrap
2021-08-23,18.5014,2026-04-29T23:48:58.447154Z,bootstrap
2021-08-24,40.1361,2026-04-29T23:48:58.447154Z,bootstrap
2021-08-25,37.9758,2026-04-29T23:48:58.447154Z,bootstrap
2021-08-26,34.3072,2026-04-29T23:48:58.447154Z,bootstrap
2021-08-27,26.2988,2026-04-29T23:48:58.447154Z,bootstrap
2021-08-28,87.4900,2026-04-29T23:48:58.447154Z,bootstrap
2021-08-29,33.7477,2026-04-29T23:48:58.447154Z,bootstrap
2021-08-30,23.2751,2026-04-29T23:48:58.447154Z,bootstrap
2021-08-31,37.6123,2026-04-29T23:48:58.447154Z,bootstrap
2021-09-01,42.6502,2026-04-29T23:48:58.447154Z,bootstrap
2021-09-02,15.3154,2026-04-29T23:48:58.447154Z,bootstrap
2021-09-03,5.5881,2026-04-29T23:48:58.447154Z,bootstrap
2021-09-04,13.9590,2026-04-29T23:48:58.447154Z,bootstrap
2021-09-05,17.6218,2026-04-29T23:48:58.447154Z,bootstrap
2021-09-06,20.4967,2026-04-29T23:48:58.447154Z,bootstrap
2021-09-07,29.9489,2026-04-29T23:48:58.447154Z,bootstrap
2021-09-08,32.0718,2026-04-29T23:48:58.447154Z,bootstrap
2021-09-09,32.0498,2026-04-29T23:48:58.447154Z,bootstrap
2021-09-10,29.3224,2026-04-29T23:48:58.447154Z,bootstrap
2021-09-11,64.5518,2026-04-29T23:48:58.447154Z,bootstrap
2021-09-12,108.9389,2026-04-29T23:48:58.447154Z,bootstrap
2021-09-13,46.6968,2026-04-29T23:48:58.447154Z,bootstrap
2021-09-14,25.3863,2026-04-29T23:48:58.447154Z,bootstrap
2021-09-15,20.3820,2026-04-29T23:48:58.447154Z,bootstrap
2021-09-16,18.1949,2026-04-29T23:48:58.447154Z,bootstrap
2021-09-17,11.4659,2026-04-29T23:48:58.447154Z,bootstrap
2021-09-18,3.4796,2026-04-29T23:48:58.447154Z,bootstrap
2021-09-19,9.9291,2026-04-29T23:48:58.447154Z,bootstrap
2021-09-20,3.9068,2026-04-29T23:48:58.447154Z,bootstrap
2021-09-21,5.3273,2026-04-29T23:48:58.447154Z,bootstrap
2021-09-22,8.5837,2026-04-29T23:48:58.447154Z,bootstrap
2021-09-23,61.9496,2026-04-29T23:48:58.447154Z,bootstrap
2021-09-24,60.0351,2026-04-29T23:48:58.447154Z,bootstrap
2021-09-25,52.9890,2026-04-29T23:48:58.447154Z,bootstrap
2021-09-26,29.7359,2026-04-29T23:48:58.447154Z,bootstrap
2021-09-27,12.0169,2026-04-29T23:48:58.447154Z,bootstrap
2021-09-28,3.2481,2026-04-29T23:48:58.447154Z,bootstrap
2021-09-29,2.6730,2026-04-29T23:48:58.447154Z,bootstrap
2021-09-30,11.0962,2026-04-29T23:48:58.447154Z,bootstrap
2021-10-01,25.8672,2026-04-29T23:48:58.447154Z,bootstrap
2021-10-02,26.3467,2026-04-29T23:48:58.447154Z,bootstrap
2021-10-03,24.4967,2026-04-29T23:48:58.447154Z,bootstrap
2021-10-04,29.9330,2026-04-29T23:48:58.447154Z,bootstrap
2021-10-05,30.1977,2026-04-29T23:48:58.447154Z,bootstrap
2021-10-06,17.1136,2026-04-29T23:48:58.447154Z,bootstrap
2021-10-07,12.4151,2026-04-29T23:48:58.447154Z,bootstrap
2021-10-08,15.0997,2026-04-29T23:48:58.447154Z,bootstrap
2021-10-09,21.6604,2026-04-29T23:48:58.447154Z,bootstrap
2021-10-10,29.0632,2026-04-29T23:48:58.447154Z,bootstrap
2021-10-11,23.8912,2026-04-29T23:48:58.447154Z,bootstrap
2021-10-12,19.3767,2026-04-29T23:48:58.447154Z,bootstrap
2021-10-13,18.1042,2026-04-29T23:48:58.447154Z,bootstrap
2021-10-14,10.4831,2026-04-29T23:48:58.447154Z,bootstrap
2021-10-15,11.8842,2026-04-29T23:48:58.447154Z,bootstrap
2021-10-16,19.4521,2026-04-29T23:48:58.447154Z,bootstrap
2021-10-17,21.9943,2026-04-29T23:48:58.447154Z,bootstrap
2021-10-18,19.9825,2026-04-29T23:48:58.447154Z,bootstrap
2021-10-19,20.9600,2026-04-29T23:48:58.447154Z,bootstrap
2021-10-20,18.3987,2026-04-29T23:48:58.447154Z,bootstrap
2021-10-21,18.0473,2026-04-29T23:48:58.447154Z,bootstrap
2021-10-22,14.9054,2026-04-29T23:48:58.447154Z,bootstrap
2021-10-23,11.5206,2026-04-29T23:48:58.447154Z,bootstrap
2021-10-24,16.4609,2026-04-29T23:48:58.447154Z,bootstrap
2021-10-25,15.8064,2026-04-29T23:48:58.447154Z,bootstrap
2021-10-26,18.9791,2026-04-29T23:48:58.447154Z,bootstrap
2021-10-27,25.2879,2026-04-29T23:48:58.447154Z,bootstrap
2021-10-28,26.1680,2026-04-29T23:48:58.447154Z,bootstrap
2021-10-29,36.6166,2026-04-29T23:48:58.447154Z,bootstrap
2021-10-30,83.5587,2026-04-29T23:48:58.447154Z,bootstrap
2021-10-31,77.6804,2026-04-29T23:48:58.447154Z,bootstrap
2021-11-01,51.4622,2026-04-29T23:48:58.447154Z,bootstrap
2021-11-02,53.0934,2026-04-29T23:48:58.447154Z,bootstrap
2021-11-03,45.7546,2026-04-29T23:48:58.447154Z,bootstrap
2021-11-04,101.7432,2026-04-29T23:48:58.447154Z,bootstrap
2021-11-05,63.7310,2026-04-29T23:48:58.447154Z,bootstrap
2021-11-06,34.4890,2026-04-29T23:48:58.447154Z,bootstrap
2021-11-07,29.3390,2026-04-29T23:48:58.447154Z,bootstrap
2021-11-08,18.8327,2026-04-29T23:48:58.447154Z,bootstrap
2021-11-09,10.4208,2026-04-29T23:48:58.447154Z,bootstrap
2021-11-10,9.4767,2026-04-29T23:48:58.447154Z,bootstrap
2021-11-11,7.9493,2026-04-29T23:48:58.447154Z,bootstrap
2021-11-12,5.5567,2026-04-29T23:48:58.447154Z,bootstrap
2021-11-13,5.8117,2026-04-29T23:48:58.447154Z,bootstrap
2021-11-14,6.6047,2026-04-29T23:48:58.447154Z,bootstrap
2021-11-15,11.2900,2026-04-29T23:48:58.447154Z,bootstrap
2021-11-16,6.5541,2026-04-29T23:48:58.447154Z,bootstrap
2021-11-17,5.5185,2026-04-29T23:48:58.447154Z,bootstrap
2021-11-18,4.0703,2026-04-29T23:48:58.447154Z,bootstrap
2021-11-19,3.6029,2026-04-29T23:48:58.447154Z,bootstrap
2021-11-20,2.6311,2026-04-29T23:48:58.447154Z,bootstrap
2021-11-21,3.6102,2026-04-29T23:48:58.447154Z,bootstrap
2021-11-22,4.0788,2026-04-29T23:48:58.447154Z,bootstrap
2021-11-23,3.0529,2026-04-29T23:48:58.447154Z,bootstrap
2021-11-24,5.1443,2026-04-29T23:48:58.447154Z,bootstrap
2021-11-25,8.8258,2026-04-29T23:48:58.447154Z,bootstrap
2021-11-26,17.1151,2026-04-29T23:48:58.447154Z,bootstrap
2021-11-27,19.1839,2026-04-29T23:48:58.447154Z,bootstrap
2021-11-28,17.9117,2026-04-29T23:48:58.447154Z,bootstrap
2021-11-29,14.1091,2026-04-29T23:48:58.447154Z,bootstrap
2021-11-30,11.2557,2026-04-29T23:48:58.447154Z,bootstrap
2021-12-01,11.2704,2026-04-29T23:48:58.447154Z,bootstrap
2021-12-02,9.2255,2026-04-29T23:48:58.447154Z,bootstrap
2021-12-03,6.4486,2026-04-29T23:48:58.447154Z,bootstrap
2021-12-04,6.9934,2026-04-29T23:48:58.447154Z,bootstrap
2021-12-05,6.0697,2026-04-29T23:48:58.447154Z,bootstrap
2021-12-06,5.7297,2026-04-29T23:48:58.447154Z,bootstrap
2021-12-07,5.1164,2026-04-29T23:48:58.447154Z,bootstrap
2021-12-08,4.5030,2026-04-29T23:48:58.447154Z,bootstrap
2021-12-09,4.0253,2026-04-29T23:48:58.447154Z,bootstrap
2021-12-10,3.3905,2026-04-29T23:48:58.447154Z,bootstrap
2021-12-11,4.6540,2026-04-29T23:48:58.447154Z,bootstrap
2021-12-12,11.1881,2026-04-29T23:48:58.447154Z,bootstrap
2021-12-13,5.9940,2026-04-29T23:48:58.447154Z,bootstrap
2021-12-14,2.4126,2026-04-29T23:48:58.447154Z,bootstrap
2021-12-15,0.9204,2026-04-29T23:48:58.447154Z,bootstrap
2021-12-16,0.6056,2026-04-29T23:48:58.447154Z,bootstrap
2021-12-17,0.4125,2026-04-29T23:48:58.447154Z,bootstrap
2021-12-18,0.2858,2026-04-29T23:48:58.447154Z,bootstrap
2021-12-19,0.1128,2026-04-29T23:48:58.447154Z,bootstrap
2021-12-20,0.0037,2026-04-29T23:48:58.447154Z,bootstrap
2021-12-22,0.4274,2026-04-29T23:48:58.447154Z,bootstrap
2021-12-23,0.6179,2026-04-29T23:48:58.447154Z,bootstrap
2021-12-24,0.0505,2026-04-29T23:48:58.447154Z,bootstrap
2021-12-27,0.0403,2026-04-29T23:48:58.447154Z,bootstrap
2022-01-01,0.2874,2026-04-29T23:48:58.447154Z,bootstrap
2022-01-02,0.0477,2026-04-29T23:48:58.447154Z,bootstrap
2022-01-16,0.0512,2026-04-29T23:48:58.447154Z,bootstrap
2022-01-19,0.2355,2026-04-29T23:48:58.447154Z,bootstrap
2022-01-20,0.5607,2026-04-29T23:48:58.447154Z,bootstrap
2022-01-21,0.0649,2026-04-29T23:48:58.447154Z,bootstrap
2022-01-22,0.0097,2026-04-29T23:48:58.447154Z,bootstrap
2022-03-01,0.0987,2026-04-29T23:48:58.447154Z,bootstrap
2022-03-02,0.0017,2026-04-29T23:48:58.447154Z,bootstrap
2022-03-08,0.1154,2026-04-29T23:48:58.447154Z,bootstrap
2022-03-09,0.0020,2026-04-29T23:48:58.447154Z,bootstrap
2022-03-14,0.0019,2026-04-29T23:48:58.447154Z,bootstrap
2022-03-15,0.4891,2026-04-29T23:48:58.447154Z,bootstrap
2022-03-16,0.3366,2026-04-29T23:48:58.447154Z,bootstrap
2022-03-17,0.8876,2026-04-29T23:48:58.447154Z,bootstrap
2022-03-18,1.2116,2026-04-29T23:48:58.447154Z,bootstrap
2022-03-19,0.2681,2026-04-29T23:48:58.447154Z,bootstrap
2022-03-23,0.0252,2026-04-29T23:48:58.447154Z,bootstrap
2022-03-24,0.3249,2026-04-29T23:48:58.447154Z,bootstrap
2022-03-25,1.3648,2026-04-29T23:48:58.447154Z,bootstrap
2022-03-26,2.2683,2026-04-29T23:48:58.447154Z,bootstrap
2022-03-27,1.1494,2026-04-29T23:48:58.447154Z,bootstrap
2022-03-28,1.1298,2026-04-29T23:48:58.447154Z,bootstrap
2022-03-29,0.3045,2026-04-29T23:48:58.447154Z,bootstrap
2022-03-30,0.0079,2026-04-29T23:48:58.447154Z,bootstrap
2022-03-31,0.0229,2026-04-29T23:48:58.447154Z,bootstrap
2022-04-01,0.0464,2026-04-29T23:48:58.447154Z,bootstrap
2022-04-02,1.1082,2026-04-29T23:48:58.447154Z,bootstrap
2022-04-03,1.1308,2026-04-29T23:48:58.447154Z,bootstrap
2022-04-04,0.7511,2026-04-29T23:48:58.447154Z,bootstrap
2022-04-05,2.5480,2026-04-29T23:48:58.447154Z,bootstrap
2022-04-06,6.6865,2026-04-29T23:48:58.447154Z,bootstrap
2022-04-07,6.8605,2026-04-29T23:48:58.447154Z,bootstrap
2022-04-08,7.2085,2026-04-29T23:48:58.447154Z,bootstrap
2022-04-09,2.5204,2026-04-29T23:48:58.447154Z,bootstrap
2022-04-10,1.3402,2026-04-29T23:48:58.447154Z,bootstrap
2022-04-11,1.1724,2026-04-29T23:48:58.447154Z,bootstrap
2022-04-12,3.1177,2026-04-29T23:48:58.447154Z,bootstrap
2022-04-13,2.0745,2026-04-29T23:48:58.447154Z,bootstrap
2022-04-14,0.9165,2026-04-29T23:48:58.447154Z,bootstrap
2022-04-15,2.0824,2026-04-29T23:48:58.447154Z,bootstrap
2022-04-16,1.5143,2026-04-29T23:48:58.447154Z,bootstrap
2022-04-17,1.3184,2026-04-29T23:48:58.447154Z,bootstrap
2022-04-18,1.7949,2026-04-29T23:48:58.447154Z,bootstrap
2022-04-19,0.6053,2026-04-29T23:48:58.447154Z,bootstrap
2022-04-20,0.3205,2026-04-29T23:48:58.447154Z,bootstrap
2022-04-21,1.5488,2026-04-29T23:48:58.447154Z,bootstrap
2022-04-22,7.0360,2026-04-29T23:48:58.447154Z,bootstrap
2022-04-23,12.9340,2026-04-29T23:48:58.447154Z,bootstrap
2022-04-24,10.9210,2026-04-29T23:48:58.447154Z,bootstrap
2022-04-25,7.3744,2026-04-29T23:48:58.447154Z,bootstrap
2022-04-26,4.1937,2026-04-29T23:48:58.447154Z,bootstrap
2022-04-27,4.1947,2026-04-29T23:48:58.447154Z,bootstrap
2022-04-28,7.7721,2026-04-29T23:48:58.447154Z,bootstrap
2022-04-29,16.1553,2026-04-29T23:48:58.447154Z,bootstrap
2022-04-30,12.0657,2026-04-29T23:48:58.447154Z,bootstrap
2022-05-01,5.9474,2026-04-29T23:48:58.447154Z,bootstrap
2022-05-02,4.9631,2026-04-29T23:48:58.447154Z,bootstrap
2022-05-03,3.5651,2026-04-29T23:48:58.447154Z,bootstrap
2022-05-04,2.3765,2026-04-29T23:48:58.447154Z,bootstrap
2022-05-05,1.8674,2026-04-29T23:48:58.447154Z,bootstrap
2022-05-06,1.8983,2026-04-29T23:48:58.447154Z,bootstrap
2022-05-07,1.9181,2026-04-29T23:48:58.447154Z,bootstrap
2022-05-08,7.9132,2026-04-29T23:48:58.447154Z,bootstrap
2022-05-09,10.5209,2026-04-29T23:48:58.447154Z,bootstrap
2022-05-10,9.6697,2026-04-29T23:48:58.447154Z,bootstrap
2022-05-11,10.0976,2026-04-29T23:48:58.447154Z,bootstrap
2022-05-12,8.4199,2026-04-29T23:48:58.447154Z,bootstrap
2022-05-13,7.0992,2026-04-29T23:48:58.447154Z,bootstrap
2022-05-14,6.7475,2026-04-29T23:48:58.447154Z,bootstrap
2022-05-15,5.2241,2026-04-29T23:48:58.447154Z,bootstrap
2022-05-16,4.0111,2026-04-29T23:48:58.447154Z,bootstrap
2022-05-17,4.9133,2026-04-29T23:48:58.447154Z,bootstrap
2022-05-18,6.7892,2026-04-29T23:48:58.447154Z,bootstrap
2022-05-19,17.5551,2026-04-29T23:48:58.447154Z,bootstrap
2022-05-20,14.2661,2026-04-29T23:48:58.447154Z,bootstrap
2022-05-21,20.1080,2026-04-29T23:48:58.447154Z,bootstrap
2022-05-22,21.2459,2026-04-29T23:48:58.447154Z,bootstrap
2022-05-23,20.3317,2026-04-29T23:48:58.447154Z,bootstrap
2022-05-24,16.2349,2026-04-29T23:48:58.447154Z,bootstrap
2022-05-25,11.4807,2026-04-29T23:48:58.447154Z,bootstrap
2022-05-26,11.1649,2026-04-29T23:48:58.447154Z,bootstrap
2022-05-27,9.8002,2026-04-29T23:48:58.447154Z,bootstrap
2022-05-28,10.4973,2026-04-29T23:48:58.447154Z,bootstrap
2022-05-29,10.9717,2026-04-29T23:48:58.447154Z,bootstrap
2022-05-30,8.9126,2026-04-29T23:48:58.447154Z,bootstrap
2022-05-31,11.5548,2026-04-29T23:48:58.447154Z,bootstrap
2022-06-01,9.4117,2026-04-29T23:48:58.447154Z,bootstrap
2022-06-02,10.8586,2026-04-29T23:48:58.447154Z,bootstrap
2022-06-03,14.2099,2026-04-29T23:48:58.447154Z,bootstrap
2022-06-04,16.4517,2026-04-29T23:48:58.447154Z,bootstrap
2022-06-05,13.3979,2026-04-29T23:48:58.447154Z,bootstrap
2022-06-06,12.9430,2026-04-29T23:48:58.447154Z,bootstrap
2022-06-07,19.2251,2026-04-29T23:48:58.447154Z,bootstrap
2022-06-08,17.3088,2026-04-29T23:48:58.447154Z,bootstrap
2022-06-09,17.5306,2026-04-29T23:48:58.447154Z,bootstrap
2022-06-10,16.2278,2026-04-29T23:48:58.447154Z,bootstrap
2022-06-11,25.2804,2026-04-29T23:48:58.447154Z,bootstrap
2022-06-12,26.9946,2026-04-29T23:48:58.447154Z,bootstrap
2022-06-13,26.9079,2026-04-29T23:48:58.447154Z,bootstrap
2022-06-14,26.5313,2026-04-29T23:48:58.447154Z,bootstrap
2022-06-15,25.0941,2026-04-29T23:48:58.447154Z,bootstrap
2022-06-16,23.9886,2026-04-29T23:48:58.447154Z,bootstrap
2022-06-17,31.0516,2026-04-29T23:48:58.447154Z,bootstrap
2022-06-18,31.1774,2026-04-29T23:48:58.447154Z,bootstrap
2022-06-19,34.2347,2026-04-29T23:48:58.447154Z,bootstrap
2022-06-20,31.5503,2026-04-29T23:48:58.447154Z,bootstrap
2022-06-21,27.6583,2026-04-29T23:48:58.447154Z,bootstrap
2022-06-22,24.2523,2026-04-29T23:48:58.447154Z,bootstrap
2022-06-23,18.9241,2026-04-29T23:48:58.447154Z,bootstrap
2022-06-24,9.4490,2026-04-29T23:48:58.447154Z,bootstrap
2022-06-25,4.8464,2026-04-29T23:48:58.447154Z,bootstrap
2022-06-26,42.3994,2026-04-29T23:48:58.447154Z,bootstrap
2022-06-27,57.4654,2026-04-29T23:48:58.447154Z,bootstrap
2022-06-28,51.8719,2026-04-29T23:48:58.447154Z,bootstrap
2022-06-29,64.0922,2026-04-29T23:48:58.447154Z,bootstrap
2022-06-30,79.0800,2026-04-29T23:48:58.447154Z,bootstrap
2022-07-01,73.6674,2026-04-29T23:48:58.447154Z,bootstrap
2022-07-02,70.6258,2026-04-29T23:48:58.447154Z,bootstrap
2022-07-03,78.3108,2026-04-29T23:48:58.447154Z,bootstrap
2022-07-04,78.1346,2026-04-29T23:48:58.447154Z,bootstrap
2022-07-05,71.6903,2026-04-29T23:48:58.447154Z,bootstrap
2022-07-06,54.2715,2026-04-29T23:48:58.447154Z,bootstrap
2022-07-07,18.3326,2026-04-29T23:48:58.447154Z,bootstrap
2022-07-08,37.5656,2026-04-29T23:48:58.447154Z,bootstrap
2022-07-09,58.8859,2026-04-29T23:48:58.447154Z,bootstrap
2022-07-10,43.4846,2026-04-29T23:48:58.447154Z,bootstrap
2022-07-11,43.2594,2026-04-29T23:48:58.447154Z,bootstrap
2022-07-12,47.6535,2026-04-29T23:48:58.447154Z,bootstrap
2022-07-13,49.3942,2026-04-29T23:48:58.447154Z,bootstrap
2022-07-14,35.2704,2026-04-29T23:48:58.447154Z,bootstrap
2022-07-15,32.3624,2026-04-29T23:48:58.447154Z,bootstrap
2022-07-16,29.2965,2026-04-29T23:48:58.447154Z,bootstrap
2022-07-17,10.7261,2026-04-29T23:48:58.447154Z,bootstrap
2022-07-18,7.7723,2026-04-29T23:48:58.447154Z,bootstrap
2022-07-19,6.1474,2026-04-29T23:48:58.447154Z,bootstrap
2022-07-20,20.9624,2026-04-29T23:48:58.447154Z,bootstrap
2022-07-21,14.7638,2026-04-29T23:48:58.447154Z,bootstrap
2022-07-22,13.2065,2026-04-29T23:48:58.447154Z,bootstrap
2022-07-23,14.3932,2026-04-29T23:48:58.447154Z,bootstrap
2022-07-24,14.1973,2026-04-29T23:48:58.447154Z,bootstrap
2022-07-25,19.3714,2026-04-29T23:48:58.447154Z,bootstrap
2022-07-26,36.3503,2026-04-29T23:48:58.447154Z,bootstrap
2022-07-27,40.6258,2026-04-29T23:48:58.447154Z,bootstrap
2022-07-28,56.8367,2026-04-29T23:48:58.447154Z,bootstrap
2022-07-29,42.7418,2026-04-29T23:48:58.447154Z,bootstrap
2022-07-30,35.6949,2026-04-29T23:48:58.447154Z,bootstrap
2022-07-31,66.6109,2026-04-29T23:48:58.447154Z,bootstrap
2022-08-01,58.4838,2026-04-29T23:48:58.447154Z,bootstrap
2022-08-02,109.5702,2026-04-29T23:48:58.447154Z,bootstrap
2022-08-03,104.3872,2026-04-29T23:48:58.447154Z,bootstrap
2022-08-04,71.1372,2026-04-29T23:48:58.447154Z,bootstrap
2022-08-05,105.5732,2026-04-29T23:48:58.447154Z,bootstrap
2022-08-06,179.0176,2026-04-29T23:48:58.447154Z,bootstrap
2022-08-07,136.7407,2026-04-29T23:48:58.447154Z,bootstrap
2022-08-08,71.4859,2026-04-29T23:48:58.447154Z,bootstrap
2022-08-09,63.0946,2026-04-29T23:48:58.447154Z,bootstrap
2022-08-10,40.5054,2026-04-29T23:48:58.447154Z,bootstrap
2022-08-11,31.3962,2026-04-29T23:48:58.447154Z,bootstrap
2022-08-12,21.7832,2026-04-29T23:48:58.447154Z,bootstrap
2022-08-13,33.8884,2026-04-29T23:48:58.447154Z,bootstrap
2022-08-14,44.8274,2026-04-29T23:48:58.447154Z,bootstrap
2022-08-15,52.8202,2026-04-29T23:48:58.447154Z,bootstrap
2022-08-16,45.4583,2026-04-29T23:48:58.447154Z,bootstrap
2022-08-17,38.3967,2026-04-29T23:48:58.447154Z,bootstrap
2022-08-18,19.7083,2026-04-29T23:48:58.447154Z,bootstrap
2022-08-19,9.1641,2026-04-29T23:48:58.447154Z,bootstrap
2022-08-20,5.2394,2026-04-29T23:48:58.447154Z,bootstrap
2022-08-21,3.7219,2026-04-29T23:48:58.447154Z,bootstrap
2022-08-22,5.6497,2026-04-29T23:48:58.447154Z,bootstrap
2022-08-23,11.4884,2026-04-29T23:48:58.447154Z,bootstrap
2022-08-24,14.0644,2026-04-29T23:48:58.447154Z,bootstrap
2022-08-25,6.0554,2026-04-29T23:48:58.447154Z,bootstrap
2022-08-26,2.2510,2026-04-29T23:48:58.447154Z,bootstrap
2022-08-27,3.8608,2026-04-29T23:48:58.447154Z,bootstrap
2022-08-28,9.9283,2026-04-29T23:48:58.447154Z,bootstrap
2022-08-29,17.0842,2026-04-29T23:48:58.447154Z,bootstrap
2022-08-30,20.8364,2026-04-29T23:48:58.447154Z,bootstrap
2022-08-31,15.7433,2026-04-29T23:48:58.447154Z,bootstrap
2022-09-01,9.0555,2026-04-29T23:48:58.447154Z,bootstrap
2022-09-02,15.4919,2026-04-29T23:48:58.447154Z,bootstrap
2022-09-03,23.0054,2026-04-29T23:48:58.447154Z,bootstrap
2022-09-04,29.8050,2026-04-29T23:48:58.447154Z,bootstrap
2022-09-05,22.6347,2026-04-29T23:48:58.447154Z,bootstrap
2022-09-06,17.9225,2026-04-29T23:48:58.447154Z,bootstrap
2022-09-07,11.5653,2026-04-29T23:48:58.447154Z,bootstrap
2022-09-08,4.9172,2026-04-29T23:48:58.447154Z,bootstrap
2022-09-09,22.4461,2026-04-29T23:48:58.447154Z,bootstrap
2022-09-10,4.6366,2026-04-29T23:48:58.447154Z,bootstrap
2022-09-11,8.6881,2026-04-29T23:48:58.447154Z,bootstrap
2022-09-12,6.4658,2026-04-29T23:48:58.447154Z,bootstrap
2022-09-13,2.9056,2026-04-29T23:48:58.447154Z,bootstrap
2022-09-14,8.7900,2026-04-29T23:48:58.447154Z,bootstrap
2022-09-15,9.5126,2026-04-29T23:48:58.447154Z,bootstrap
2022-09-16,33.1464,2026-04-29T23:48:58.447154Z,bootstrap
2022-09-17,31.9496,2026-04-29T23:48:58.447154Z,bootstrap
2022-09-18,31.0259,2026-04-29T23:48:58.447154Z,bootstrap
2022-09-19,46.7886,2026-04-29T23:48:58.447154Z,bootstrap
2022-09-20,46.7440,2026-04-29T23:48:58.447154Z,bootstrap
2022-09-21,59.9993,2026-04-29T23:48:58.447154Z,bootstrap
2022-09-22,35.5759,2026-04-29T23:48:58.447154Z,bootstrap
2022-09-23,27.5860,2026-04-29T23:48:58.447154Z,bootstrap
2022-09-24,33.5581,2026-04-29T23:48:58.447154Z,bootstrap
2022-09-25,44.9995,2026-04-29T23:48:58.447154Z,bootstrap
2022-09-26,47.6810,2026-04-29T23:48:58.447154Z,bootstrap
2022-09-27,49.1370,2026-04-29T23:48:58.447154Z,bootstrap
2022-09-28,49.7846,2026-04-29T23:48:58.447154Z,bootstrap
2022-09-29,45.9422,2026-04-29T23:48:58.447154Z,bootstrap
2022-09-30,40.2272,2026-04-29T23:48:58.447154Z,bootstrap
2022-10-01,99.1225,2026-04-29T23:48:58.447154Z,bootstrap
2022-10-02,82.9352,2026-04-29T23:48:58.447154Z,bootstrap
2022-10-03,65.2052,2026-04-29T23:48:58.447154Z,bootstrap
2022-10-04,46.9786,2026-04-29T23:48:58.447154Z,bootstrap
2022-10-05,54.7103,2026-04-29T23:48:58.447154Z,bootstrap
2022-10-06,66.0720,2026-04-29T23:48:58.447154Z,bootstrap
2022-10-07,68.0604,2026-04-29T23:48:58.447154Z,bootstrap
2022-10-08,76.0130,2026-04-29T23:48:58.447154Z,bootstrap
2022-10-09,76.0077,2026-04-29T23:48:58.447154Z,bootstrap
2022-10-10,72.8115,2026-04-29T23:48:58.447154Z,bootstrap
2022-10-11,75.4939,2026-04-29T23:48:58.447154Z,bootstrap
2022-10-12,69.6775,2026-04-29T23:48:58.447154Z,bootstrap
2022-10-13,76.6994,2026-04-29T23:48:58.447154Z,bootstrap
2022-10-14,61.8331,2026-04-29T23:48:58.447154Z,bootstrap
2022-10-15,53.5346,2026-04-29T23:48:58.447154Z,bootstrap
2022-10-16,52.4325,2026-04-29T23:48:58.447154Z,bootstrap
2022-10-17,66.8142,2026-04-29T23:48:58.447154Z,bootstrap
2022-10-18,72.4548,2026-04-29T23:48:58.447154Z,bootstrap
2022-10-19,75.1886,2026-04-29T23:48:58.447154Z,bootstrap
2022-10-20,103.3847,2026-04-29T23:48:58.447154Z,bootstrap
2022-10-21,118.1165,2026-04-29T23:48:58.447154Z,bootstrap
2022-10-22,101.7837,2026-04-29T23:48:58.447154Z,bootstrap
2022-10-23,119.2790,2026-04-29T23:48:58.447154Z,bootstrap
2022-10-24,145.2212,2026-04-29T23:48:58.447154Z,bootstrap
2022-10-25,123.7477,2026-04-29T23:48:58.447154Z,bootstrap
2022-10-26,135.2282,2026-04-29T23:48:58.447154Z,bootstrap
2022-10-27,129.8324,2026-04-29T23:48:58.447154Z,bootstrap
2022-10-28,147.4942,2026-04-29T23:48:58.447154Z,bootstrap
2022-10-29,156.9645,2026-04-29T23:48:58.447154Z,bootstrap
2022-10-30,159.6102,2026-04-29T23:48:58.447154Z,bootstrap
2022-10-31,136.4829,2026-04-29T23:48:58.447154Z,bootstrap
2022-11-01,116.5337,2026-04-29T23:48:58.447154Z,bootstrap
2022-11-02,98.0660,2026-04-29T23:48:58.447154Z,bootstrap
2022-11-03,93.9394,2026-04-29T23:48:58.447154Z,bootstrap
2022-11-04,100.4286,2026-04-29T23:48:58.447154Z,bootstrap
2022-11-05,102.3752,2026-04-29T23:48:58.447154Z,bootstrap
2022-11-06,87.7730,2026-04-29T23:48:58.447154Z,bootstrap
2022-11-07,89.4658,2026-04-29T23:48:58.447154Z,bootstrap
2022-11-08,92.5450,2026-04-29T23:48:58.447154Z,bootstrap
2022-11-09,115.5426,2026-04-29T23:48:58.447154Z,bootstrap
2022-11-10,137.6204,2026-04-29T23:48:58.447154Z,bootstrap
2022-11-11,139.4924,2026-04-29T23:48:58.447154Z,bootstrap
2022-11-12,60.7967,2026-04-29T23:48:58.447154Z,bootstrap
2022-11-13,167.4633,2026-04-29T23:48:58.447154Z,bootstrap
2022-11-14,184.6724,2026-04-29T23:48:58.447154Z,bootstrap
2022-11-15,168.6016,2026-04-29T23:48:58.447154Z,bootstrap
2022-11-16,173.1633,2026-04-29T23:48:58.447154Z,bootstrap
2022-11-17,167.2300,2026-04-29T23:48:58.447154Z,bootstrap
2022-11-18,80.5136,2026-04-29T23:48:58.447154Z,bootstrap
2022-11-19,156.6919,2026-04-29T23:48:58.447154Z,bootstrap
2022-11-20,149.7186,2026-04-29T23:48:58.447154Z,bootstrap
2022-11-21,136.3987,2026-04-29T23:48:58.447154Z,bootstrap
2022-11-22,120.3478,2026-04-29T23:48:58.447154Z,bootstrap
2022-11-23,117.9247,2026-04-29T23:48:58.447154Z,bootstrap
2022-11-24,121.4889,2026-04-29T23:48:58.447154Z,bootstrap
2022-11-25,111.4861,2026-04-29T23:48:58.447154Z,bootstrap
2022-11-26,113.0782,2026-04-29T23:48:58.447154Z,bootstrap
2022-11-27,100.4222,2026-04-29T23:48:58.447154Z,bootstrap
2022-11-28,112.1005,2026-04-29T23:48:58.447154Z,bootstrap
2022-11-29,115.8156,2026-04-29T23:48:58.447154Z,bootstrap
2022-11-30,143.3722,2026-04-29T23:48:58.447154Z,bootstrap
2022-12-01,126.3262,2026-04-29T23:48:58.447154Z,bootstrap
2022-12-02,108.4445,2026-04-29T23:48:58.447154Z,bootstrap
2022-12-03,90.5085,2026-04-29T23:48:58.447154Z,bootstrap
2022-12-04,81.7283,2026-04-29T23:48:58.447154Z,bootstrap
2022-12-05,79.2160,2026-04-29T23:48:58.447154Z,bootstrap
2022-12-06,77.1966,2026-04-29T23:48:58.447154Z,bootstrap
2022-12-07,77.3968,2026-04-29T23:48:58.447154Z,bootstrap
2022-12-08,81.6232,2026-04-29T23:48:58.447154Z,bootstrap
2022-12-09,86.2234,2026-04-29T23:48:58.447154Z,bootstrap
2022-12-10,85.0737,2026-04-29T23:48:58.447154Z,bootstrap
2022-12-11,76.6727,2026-04-29T23:48:58.447154Z,bootstrap
2022-12-12,81.0296,2026-04-29T23:48:58.447154Z,bootstrap
2022-12-13,84.8474,2026-04-29T23:48:58.447154Z,bootstrap
2022-12-14,72.0707,2026-04-29T23:48:58.447154Z,bootstrap
2022-12-15,60.5148,2026-04-29T23:48:58.447154Z,bootstrap
2022-12-16,55.8222,2026-04-29T23:48:58.447154Z,bootstrap
2022-12-17,47.7287,2026-04-29T23:48:58.447154Z,bootstrap
2022-12-18,44.1395,2026-04-29T23:48:58.447154Z,bootstrap
2022-12-19,43.7166,2026-04-29T23:48:58.447154Z,bootstrap
2022-12-20,39.4381,2026-04-29T23:48:58.447154Z,bootstrap
2022-12-21,37.2918,2026-04-29T23:48:58.447154Z,bootstrap
2022-12-22,36.2383,2026-04-29T23:48:58.447154Z,bootstrap
2022-12-23,34.3183,2026-04-29T23:48:58.447154Z,bootstrap
2022-12-24,33.8764,2026-04-29T23:48:58.447154Z,bootstrap
2022-12-25,34.4964,2026-04-29T23:48:58.447154Z,bootstrap
2022-12-26,37.1213,2026-04-29T23:48:58.447154Z,bootstrap
2022-12-27,42.7278,2026-04-29T23:48:58.447154Z,bootstrap
2022-12-28,46.5894,2026-04-29T23:48:58.447154Z,bootstrap
2022-12-29,44.2512,2026-04-29T23:48:58.447154Z,bootstrap
2022-12-30,41.2239,2026-04-29T23:48:58.447154Z,bootstrap
2022-12-31,34.7018,2026-04-29T23:48:58.447154Z,bootstrap
2023-01-01,31.1906,2026-04-29T23:48:58.447154Z,bootstrap
2023-01-02,37.7545,2026-04-29T23:48:58.447154Z,bootstrap
2023-01-03,48.4522,2026-04-29T23:48:58.447154Z,bootstrap
2023-01-04,66.3064,2026-04-29T23:48:58.447154Z,bootstrap
2023-01-05,52.1127,2026-04-29T23:48:58.447154Z,bootstrap
2023-01-06,46.5149,2026-04-29T23:48:58.447154Z,bootstrap
2023-01-07,45.8796,2026-04-29T23:48:58.447154Z,bootstrap
2023-01-08,51.4692,2026-04-29T23:48:58.447154Z,bootstrap
2023-01-09,50.6574,2026-04-29T23:48:58.447154Z,bootstrap
2023-01-10,55.6925,2026-04-29T23:48:58.447154Z,bootstrap
2023-01-11,64.2309,2026-04-29T23:48:58.447154Z,bootstrap
2023-01-12,67.2343,2026-04-29T23:48:58.447154Z,bootstrap
2023-01-13,67.8687,2026-04-29T23:48:58.447154Z,bootstrap
2023-01-14,68.4008,2026-04-29T23:48:58.447154Z,bootstrap
2023-01-15,76.5956,2026-04-29T23:48:58.447154Z,bootstrap
2023-01-16,69.9650,2026-04-29T23:48:58.447154Z,bootstrap
2023-01-17,61.1806,2026-04-29T23:48:58.447154Z,bootstrap
2023-01-18,55.8501,2026-04-29T23:48:58.447154Z,bootstrap
2023-01-19,55.4358,2026-04-29T23:48:58.447154Z,bootstrap
2023-01-20,59.8630,2026-04-29T23:48:58.447154Z,bootstrap
2023-01-21,55.4183,2026-04-29T23:48:58.447154Z,bootstrap
2023-01-22,49.8095,2026-04-29T23:48:58.447154Z,bootstrap
2023-01-23,53.2857,2026-04-29T23:48:58.447154Z,bootstrap
2023-01-24,46.6632,2026-04-29T23:48:58.447154Z,bootstrap
2023-01-25,44.5598,2026-04-29T23:48:58.447154Z,bootstrap
2023-01-26,40.9104,2026-04-29T23:48:58.447154Z,bootstrap
2023-01-27,39.1709,2026-04-29T23:48:58.447154Z,bootstrap
2023-01-28,38.0267,2026-04-29T23:48:58.447154Z,bootstrap
2023-01-29,31.6369,2026-04-29T23:48:58.447154Z,bootstrap
2023-01-30,32.4902,2026-04-29T23:48:58.447154Z,bootstrap
2023-01-31,37.1286,2026-04-29T23:48:58.447154Z,bootstrap
2023-02-01,33.9173,2026-04-29T23:48:58.447154Z,bootstrap
2023-02-02,27.8914,2026-04-29T23:48:58.447154Z,bootstrap
2023-02-03,25.2974,2026-04-29T23:48:58.447154Z,bootstrap
2023-02-04,24.6917,2026-04-29T23:48:58.447154Z,bootstrap
2023-02-05,28.4282,2026-04-29T23:48:58.447154Z,bootstrap
2023-02-06,28.6800,2026-04-29T23:48:58.447154Z,bootstrap
2023-02-07,24.0209,2026-04-29T23:48:58.447154Z,bootstrap
2023-02-08,19.2096,2026-04-29T23:48:58.447154Z,bootstrap
2023-02-09,22.0848,2026-04-29T23:48:58.447154Z,bootstrap
2023-02-10,23.2373,2026-04-29T23:48:58.447154Z,bootstrap
2023-02-11,22.0896,2026-04-29T23:48:58.447154Z,bootstrap
2023-02-12,20.2278,2026-04-29T23:48:58.447154Z,bootstrap
2023-02-13,19.8517,2026-04-29T23:48:58.447154Z,bootstrap
2023-02-14,20.0058,2026-04-29T23:48:58.447154Z,bootstrap
2023-02-15,18.4786,2026-04-29T23:48:58.447154Z,bootstrap
2023-02-16,24.1154,2026-04-29T23:48:58.447154Z,bootstrap
2023-02-17,28.8952,2026-04-29T23:48:58.447154Z,bootstrap
2023-02-18,28.0839,2026-04-29T23:48:58.447154Z,bootstrap
2023-02-19,23.2213,2026-04-29T23:48:58.447154Z,bootstrap
2023-02-20,17.8789,2026-04-29T23:48:58.447154Z,bootstrap
2023-02-21,24.1733,2026-04-29T23:48:58.447154Z,bootstrap
2023-02-22,28.6840,2026-04-29T23:48:58.447154Z,bootstrap
2023-02-23,25.3645,2026-04-29T23:48:58.447154Z,bootstrap
2023-02-24,20.7819,2026-04-29T23:48:58.447154Z,bootstrap
2023-02-25,20.1479,2026-04-29T23:48:58.447154Z,bootstrap
2023-02-26,21.7549,2026-04-29T23:48:58.447154Z,bootstrap
2023-02-27,22.7391,2026-04-29T23:48:58.447154Z,bootstrap
2023-02-28,27.7793,2026-04-29T23:48:58.447154Z,bootstrap
2023-03-01,25.1069,2026-04-29T23:48:58.447154Z,bootstrap
2023-03-02,25.0297,2026-04-29T23:48:58.447154Z,bootstrap
2023-03-03,22.5464,2026-04-29T23:48:58.447154Z,bootstrap
2023-03-04,21.6252,2026-04-29T23:48:58.447154Z,bootstrap
2023-03-05,23.7655,2026-04-29T23:48:58.447154Z,bootstrap
2023-03-06,27.2899,2026-04-29T23:48:58.447154Z,bootstrap
2023-03-07,27.7189,2026-04-29T23:48:58.447154Z,bootstrap
2023-03-08,27.7589,2026-04-29T23:48:58.447154Z,bootstrap
2023-03-09,38.3253,2026-04-29T23:48:58.447154Z,bootstrap
2023-03-10,58.2139,2026-04-29T23:48:58.447154Z,bootstrap
2023-03-11,62.3807,2026-04-29T23:48:58.447154Z,bootstrap
2023-03-12,77.5671,2026-04-29T23:48:58.447154Z,bootstrap
2023-03-13,63.5802,2026-04-29T23:48:58.447154Z,bootstrap
2023-03-14,70.4311,2026-04-29T23:48:58.447154Z,bootstrap
2023-03-15,74.2214,2026-04-29T23:48:58.447154Z,bootstrap
2023-03-16,93.5997,2026-04-29T23:48:58.447154Z,bootstrap
2023-03-17,82.5583,2026-04-29T23:48:58.447154Z,bootstrap
2023-03-18,80.1649,2026-04-29T23:48:58.447154Z,bootstrap
2023-03-19,81.0440,2026-04-29T23:48:58.447154Z,bootstrap
2023-03-20,69.8314,2026-04-29T23:48:58.447154Z,bootstrap
2023-03-21,67.2126,2026-04-29T23:48:58.447154Z,bootstrap
2023-03-22,62.2641,2026-04-29T23:48:58.447154Z,bootstrap
2023-03-23,49.9048,2026-04-29T23:48:58.447154Z,bootstrap
2023-03-24,50.1231,2026-04-29T23:48:58.447154Z,bootstrap
2023-03-25,59.5887,2026-04-29T23:48:58.447154Z,bootstrap
2023-03-26,61.5266,2026-04-29T23:48:58.447154Z,bootstrap
2023-03-27,54.7738,2026-04-29T23:48:58.447154Z,bootstrap
2023-03-28,58.0077,2026-04-29T23:48:58.447154Z,bootstrap
2023-03-29,58.6100,2026-04-29T23:48:58.447154Z,bootstrap
2023-03-30,66.7734,2026-04-29T23:48:58.447154Z,bootstrap
2023-03-31,59.4117,2026-04-29T23:48:58.447154Z,bootstrap
2023-04-01,52.1037,2026-04-29T23:48:58.447154Z,bootstrap
2023-04-02,53.9620,2026-04-29T23:48:58.447154Z,bootstrap
2023-04-03,53.2494,2026-04-29T23:48:58.447154Z,bootstrap
2023-04-04,50.2179,2026-04-29T23:48:58.447154Z,bootstrap
2023-04-05,44.3754,2026-04-29T23:48:58.447154Z,bootstrap
2023-04-06,45.9222,2026-04-29T23:48:58.447154Z,bootstrap
2023-04-07,44.3348,2026-04-29T23:48:58.447154Z,bootstrap
2023-04-08,53.3459,2026-04-29T23:48:58.447154Z,bootstrap
2023-04-09,54.6175,2026-04-29T23:48:58.447154Z,bootstrap
2023-04-10,45.0173,2026-04-29T23:48:58.447154Z,bootstrap
2023-04-11,39.5905,2026-04-29T23:48:58.447154Z,bootstrap
2023-04-12,39.7833,2026-04-29T23:48:58.447154Z,bootstrap
2023-04-13,36.8715,2026-04-29T23:48:58.447154Z,bootstrap
2023-04-14,37.3763,2026-04-29T23:48:58.447154Z,bootstrap
2023-04-15,38.5496,2026-04-29T23:48:58.447154Z,bootstrap
2023-04-16,32.2258,2026-04-29T23:48:58.447154Z,bootstrap
2023-04-17,41.0109,2026-04-29T23:48:58.447154Z,bootstrap
2023-04-18,49.6527,2026-04-29T23:48:58.447154Z,bootstrap
2023-04-19,52.4712,2026-04-29T23:48:58.447154Z,bootstrap
2023-04-20,43.5171,2026-04-29T23:48:58.447154Z,bootstrap
2023-04-21,45.9972,2026-04-29T23:48:58.447154Z,bootstrap
2023-04-22,55.0861,2026-04-29T23:48:58.447154Z,bootstrap
2023-04-23,47.1099,2026-04-29T23:48:58.447154Z,bootstrap
2023-04-24,43.2285,2026-04-29T23:48:58.447154Z,bootstrap
2023-04-25,41.4203,2026-04-29T23:48:58.447154Z,bootstrap
2023-04-26,41.8952,2026-04-29T23:48:58.447154Z,bootstrap
2023-04-27,44.3602,2026-04-29T23:48:58.447154Z,bootstrap
2023-04-28,43.0561,2026-04-29T23:48:58.447154Z,bootstrap
2023-04-29,51.3193,2026-04-29T23:48:58.447154Z,bootstrap
2023-04-30,42.2951,2026-04-29T23:48:58.447154Z,bootstrap
2023-05-01,40.0593,2026-04-29T23:48:58.447154Z,bootstrap
2023-05-02,32.8930,2026-04-29T23:48:58.447154Z,bootstrap
2023-05-03,28.0831,2026-04-29T23:48:58.447154Z,bootstrap
2023-05-04,23.9432,2026-04-29T23:48:58.447154Z,bootstrap
2023-05-05,24.9226,2026-04-29T23:48:58.447154Z,bootstrap
2023-05-06,24.8939,2026-04-29T23:48:58.447154Z,bootstrap
2023-05-07,35.2259,2026-04-29T23:48:58.447154Z,bootstrap
2023-05-08,18.9434,2026-04-29T23:48:58.447154Z,bootstrap
2023-05-09,19.8273,2026-04-29T23:48:58.447154Z,bootstrap
2023-05-10,19.7122,2026-04-29T23:48:58.447154Z,bootstrap
2023-05-11,19.7542,2026-04-29T23:48:58.447154Z,bootstrap
2023-05-12,19.9903,2026-04-29T23:48:58.447154Z,bootstrap
2023-05-13,19.7033,2026-04-29T23:48:58.447154Z,bootstrap
2023-05-14,19.9394,2026-04-29T23:48:58.447154Z,bootstrap
2023-05-15,20.8052,2026-04-29T23:48:58.447154Z,bootstrap
2023-05-16,24.7035,2026-04-29T23:48:58.447154Z,bootstrap
2023-05-17,25.4778,2026-04-29T23:48:58.447154Z,bootstrap
2023-05-18,29.4942,2026-04-29T23:48:58.447154Z,bootstrap
2023-05-19,19.9821,2026-04-29T23:48:58.447154Z,bootstrap
2023-05-20,18.8672,2026-04-29T23:48:58.447154Z,bootstrap
2023-05-21,36.3318,2026-04-29T23:48:58.447154Z,bootstrap
2023-05-22,32.6534,2026-04-29T23:48:58.447154Z,bootstrap
2023-05-23,49.9160,2026-04-29T23:48:58.447154Z,bootstrap
2023-05-24,53.0072,2026-04-29T23:48:58.447154Z,bootstrap
2023-05-25,50.4161,2026-04-29T23:48:58.447154Z,bootstrap
2023-05-26,62.5985,2026-04-29T23:48:58.447154Z,bootstrap
2023-05-27,49.8911,2026-04-29T23:48:58.447154Z,bootstrap
2023-05-28,56.4534,2026-04-29T23:48:58.447154Z,bootstrap
2023-05-29,56.7474,2026-04-29T23:48:58.447154Z,bootstrap
2023-05-30,71.3313,2026-04-29T23:48:58.447154Z,bootstrap
2023-05-31,62.9121,2026-04-29T23:48:58.447154Z,bootstrap
2023-06-01,49.2768,2026-04-29T23:48:58.447154Z,bootstrap
2023-06-02,56.9862,2026-04-29T23:48:58.447154Z,bootstrap
2023-06-03,46.6259,2026-04-29T23:48:58.447154Z,bootstrap
2023-06-04,31.9110,2026-04-29T23:48:58.447154Z,bootstrap
2023-06-05,32.1402,2026-04-29T23:48:58.447154Z,bootstrap
2023-06-06,36.9950,2026-04-29T23:48:58.447154Z,bootstrap
2023-06-07,37.2058,2026-04-29T23:48:58.447154Z,bootstrap
2023-06-08,21.8083,2026-04-29T23:48:58.447154Z,bootstrap
2023-06-09,29.8141,2026-04-29T23:48:58.447154Z,bootstrap
2023-06-10,34.4141,2026-04-29T23:48:58.447154Z,bootstrap
2023-06-11,32.3309,2026-04-29T23:48:58.447154Z,bootstrap
2023-06-12,33.3461,2026-04-29T23:48:58.447154Z,bootstrap
2023-06-13,25.3947,2026-04-29T23:48:58.447154Z,bootstrap
2023-06-14,24.7139,2026-04-29T23:48:58.447154Z,bootstrap
2023-06-15,25.8964,2026-04-29T23:48:58.447154Z,bootstrap
2023-06-16,24.9366,2026-04-29T23:48:58.447154Z,bootstrap
2023-06-17,23.9608,2026-04-29T23:48:58.447154Z,bootstrap
2023-06-18,23.7101,2026-04-29T23:48:58.447154Z,bootstrap
2023-06-19,21.5137,2026-04-29T23:48:58.447154Z,bootstrap
2023-06-20,20.0628,2026-04-29T23:48:58.447154Z,bootstrap
2023-06-21,19.9853,2026-04-29T23:48:58.447154Z,bootstrap
2023-06-22,20.0394,2026-04-29T23:48:58.447154Z,bootstrap
2023-06-23,21.7385,2026-04-29T23:48:58.447154Z,bootstrap
2023-06-24,22.1380,2026-04-29T23:48:58.447154Z,bootstrap
2023-06-25,24.0156,2026-04-29T23:48:58.447154Z,bootstrap
2023-06-26,34.0779,2026-04-29T23:48:58.447154Z,bootstrap
2023-06-27,27.8951,2026-04-29T23:48:58.447154Z,bootstrap
2023-06-28,23.2492,2026-04-29T23:48:58.447154Z,bootstrap
2023-06-29,22.6825,2026-04-29T23:48:58.447154Z,bootstrap
2023-06-30,21.4286,2026-04-29T23:48:58.447154Z,bootstrap
2023-07-01,20.2831,2026-04-29T23:48:58.447154Z,bootstrap
2023-07-02,17.8626,2026-04-29T23:48:58.447154Z,bootstrap
2023-07-03,17.3499,2026-04-29T23:48:58.447154Z,bootstrap
2023-07-04,20.6277,2026-04-29T23:48:58.447154Z,bootstrap
2023-07-05,26.8409,2026-04-29T23:48:58.447154Z,bootstrap
2023-07-06,24.6915,2026-04-29T23:48:58.447154Z,bootstrap
2023-07-07,34.8877,2026-04-29T23:48:58.447154Z,bootstrap
2023-07-08,38.8657,2026-04-29T23:48:58.447154Z,bootstrap
2023-07-09,33.3015,2026-04-29T23:48:58.447154Z,bootstrap
2023-07-10,25.5381,2026-04-29T23:48:58.447154Z,bootstrap
2023-07-11,23.6017,2026-04-29T23:48:58.447154Z,bootstrap
2023-07-12,23.7028,2026-04-29T23:48:58.447154Z,bootstrap
2023-07-13,23.8158,2026-04-29T23:48:58.447154Z,bootstrap
2023-07-14,22.4145,2026-04-29T23:48:58.447154Z,bootstrap
2023-07-15,18.8033,2026-04-29T23:48:58.447154Z,bootstrap
2023-07-16,17.1045,2026-04-29T23:48:58.447154Z,bootstrap
2023-07-17,17.4983,2026-04-29T23:48:58.447154Z,bootstrap
2023-07-18,24.2012,2026-04-29T23:48:58.447154Z,bootstrap
2023-07-19,16.9501,2026-04-29T23:48:58.447154Z,bootstrap
2023-07-20,15.5602,2026-04-29T23:48:58.447154Z,bootstrap
2023-07-21,14.2650,2026-04-29T23:48:58.447154Z,bootstrap
2023-07-22,13.8413,2026-04-29T23:48:58.447154Z,bootstrap
2023-07-23,16.8988,2026-04-29T23:48:58.447154Z,bootstrap
2023-07-24,20.2043,2026-04-29T23:48:58.447154Z,bootstrap
2023-07-25,15.9539,2026-04-29T23:48:58.447154Z,bootstrap
2023-07-26,8.7226,2026-04-29T23:48:58.447154Z,bootstrap
2023-07-27,8.7280,2026-04-29T23:48:58.447154Z,bootstrap
2023-07-28,8.7213,2026-04-29T23:48:58.447154Z,bootstrap
2023-07-29,10.0667,2026-04-29T23:48:58.447154Z,bootstrap
2023-07-30,11.7502,2026-04-29T23:48:58.447154Z,bootstrap
2023-07-31,14.8939,2026-04-29T23:48:58.447154Z,bootstrap
2023-08-01,13.1751,2026-04-29T23:48:58.447154Z,bootstrap
2023-08-02,11.9446,2026-04-29T23:48:58.447154Z,bootstrap
2023-08-03,10.2351,2026-04-29T23:48:58.447154Z,bootstrap
2023-08-04,9.6431,2026-04-29T23:48:58.447154Z,bootstrap
2023-08-05,9.2837,2026-04-29T23:48:58.447154Z,bootstrap
2023-08-06,8.8118,2026-04-29T23:48:58.447154Z,bootstrap
2023-08-07,47.3655,2026-04-29T23:48:58.447154Z,bootstrap
2023-08-08,33.2602,2026-04-29T23:48:58.447154Z,bootstrap
2023-08-09,43.4417,2026-04-29T23:48:58.447154Z,bootstrap
2023-08-10,14.4964,2026-04-29T23:48:58.447154Z,bootstrap
2023-08-11,8.4397,2026-04-29T23:48:58.447154Z,bootstrap
2023-08-12,10.2111,2026-04-29T23:48:58.447154Z,bootstrap
2023-08-13,39.2307,2026-04-29T23:48:58.447154Z,bootstrap
2023-08-14,8.5280,2026-04-29T23:48:58.447154Z,bootstrap
2023-08-15,8.8819,2026-04-29T23:48:58.447154Z,bootstrap
2023-08-16,12.3276,2026-04-29T23:48:58.447154Z,bootstrap
2023-08-17,14.9784,2026-04-29T23:48:58.447154Z,bootstrap
2023-08-18,16.0981,2026-04-29T23:48:58.447154Z,bootstrap
2023-08-19,14.3254,2026-04-29T23:48:58.447154Z,bootstrap
2023-08-20,12.4903,2026-04-29T23:48:58.447154Z,bootstrap
2023-08-21,17.8446,2026-04-29T23:48:58.447154Z,bootstrap
2023-08-22,31.0651,2026-04-29T23:48:58.447154Z,bootstrap
2023-08-23,38.1868,2026-04-29T23:48:58.447154Z,bootstrap
2023-08-24,27.7663,2026-04-29T23:48:58.447154Z,bootstrap
2023-08-25,24.7546,2026-04-29T23:48:58.447154Z,bootstrap
2023-08-26,23.5080,2026-04-29T23:48:58.447154Z,bootstrap
2023-08-27,21.8950,2026-04-29T23:48:58.447154Z,bootstrap
2023-08-28,12.8850,2026-04-29T23:48:58.447154Z,bootstrap
2023-08-29,11.5041,2026-04-29T23:48:58.447154Z,bootstrap
2023-08-30,11.5499,2026-04-29T23:48:58.447154Z,bootstrap
2023-08-31,10.9603,2026-04-29T23:48:58.447154Z,bootstrap
2023-09-01,9.6511,2026-04-29T23:48:58.447154Z,bootstrap
2023-09-02,8.8299,2026-04-29T23:48:58.447154Z,bootstrap
2023-09-03,8.2265,2026-04-29T23:48:58.447154Z,bootstrap
2023-09-04,9.1432,2026-04-29T23:48:58.447154Z,bootstrap
2023-09-05,11.5621,2026-04-29T23:48:58.447154Z,bootstrap
2023-09-06,8.2419,2026-04-29T23:48:58.447154Z,bootstrap
2023-09-07,6.8493,2026-04-29T23:48:58.447154Z,bootstrap
2023-09-08,7.8007,2026-04-29T23:48:58.447154Z,bootstrap
2023-09-09,7.0127,2026-04-29T23:48:58.447154Z,bootstrap
2023-09-10,3.4693,2026-04-29T23:48:58.447154Z,bootstrap
2023-09-11,8.0028,2026-04-29T23:48:58.447154Z,bootstrap
2023-09-12,11.3838,2026-04-29T23:48:58.447154Z,bootstrap
2023-09-13,6.8963,2026-04-29T23:48:58.447154Z,bootstrap
2023-09-14,7.4562,2026-04-29T23:48:58.447154Z,bootstrap
2023-09-15,7.7051,2026-04-29T23:48:58.447154Z,bootstrap
2023-09-16,6.7142,2026-04-29T23:48:58.447154Z,bootstrap
2023-09-17,6.5930,2026-04-29T23:48:58.447154Z,bootstrap
2023-09-18,6.5450,2026-04-29T23:48:58.447154Z,bootstrap
2023-09-19,6.7987,2026-04-29T23:48:58.447154Z,bootstrap
2023-09-20,2.3790,2026-04-29T23:48:58.447154Z,bootstrap
2023-10-01,0.9575,2026-04-29T23:48:58.447154Z,bootstrap
2023-10-02,4.8244,2026-04-29T23:48:58.447154Z,bootstrap
2023-10-03,7.0347,2026-04-29T23:48:58.447154Z,bootstrap
2023-10-04,8.8040,2026-04-29T23:48:58.447154Z,bootstrap
2023-10-05,11.7140,2026-04-29T23:48:58.447154Z,bootstrap
2023-10-06,12.8235,2026-04-29T23:48:58.447154Z,bootstrap
2023-10-07,16.9761,2026-04-29T23:48:58.447154Z,bootstrap
2023-10-08,16.7758,2026-04-29T23:48:58.447154Z,bootstrap
2023-10-09,16.0290,2026-04-29T23:48:58.447154Z,bootstrap
2023-10-10,13.4538,2026-04-29T23:48:58.447154Z,bootstrap
2023-10-11,13.2689,2026-04-29T23:48:58.447154Z,bootstrap
2023-10-12,12.7541,2026-04-29T23:48:58.447154Z,bootstrap
2023-10-13,20.1030,2026-04-29T23:48:58.447154Z,bootstrap
2023-10-14,13.9486,2026-04-29T23:48:58.447154Z,bootstrap
2023-10-15,13.8014,2026-04-29T23:48:58.447154Z,bootstrap
2023-10-16,11.1139,2026-04-29T23:48:58.447154Z,bootstrap
2023-10-17,13.1125,2026-04-29T23:48:58.447154Z,bootstrap
2023-10-18,15.0669,2026-04-29T23:48:58.447154Z,bootstrap
2023-10-19,12.6241,2026-04-29T23:48:58.447154Z,bootstrap
2023-10-20,12.7855,2026-04-29T23:48:58.447154Z,bootstrap
2023-10-21,11.8142,2026-04-29T23:48:58.447154Z,bootstrap
2023-10-22,11.2949,2026-04-29T23:48:58.447154Z,bootstrap
2023-10-23,11.6763,2026-04-29T23:48:58.447154Z,bootstrap
2023-10-24,14.1564,2026-04-29T23:48:58.447154Z,bootstrap
2023-10-25,17.2554,2026-04-29T23:48:58.447154Z,bootstrap
2023-10-26,17.3643,2026-04-29T23:48:58.447154Z,bootstrap
2023-10-27,18.4272,2026-04-29T23:48:58.447154Z,bootstrap
2023-10-28,25.7174,2026-04-29T23:48:58.447154Z,bootstrap
2023-10-29,24.2719,2026-04-29T23:48:58.447154Z,bootstrap
2023-10-30,24.5961,2026-04-29T23:48:58.447154Z,bootstrap
2023-10-31,29.1753,2026-04-29T23:48:58.447154Z,bootstrap
2023-11-01,28.9718,2026-04-29T23:48:58.447154Z,bootstrap
2023-11-02,33.4481,2026-04-29T23:48:58.447154Z,bootstrap
2023-11-03,43.4627,2026-04-29T23:48:58.447154Z,bootstrap
2023-11-04,40.4126,2026-04-29T23:48:58.447154Z,bootstrap
2023-11-05,31.2190,2026-04-29T23:48:58.447154Z,bootstrap
2023-11-06,29.2466,2026-04-29T23:48:58.447154Z,bootstrap
2023-11-07,33.5035,2026-04-29T23:48:58.447154Z,bootstrap
2023-11-08,26.4301,2026-04-29T23:48:58.447154Z,bootstrap
2023-11-09,16.9457,2026-04-29T23:48:58.447154Z,bootstrap
2023-11-10,13.4076,2026-04-29T23:48:58.447154Z,bootstrap
2023-11-11,10.0005,2026-04-29T23:48:58.447154Z,bootstrap
2023-11-12,4.1129,2026-04-29T23:48:58.447154Z,bootstrap
2023-11-13,9.1373,2026-04-29T23:48:58.447154Z,bootstrap
2023-11-14,9.2504,2026-04-29T23:48:58.447154Z,bootstrap
2023-11-15,13.7391,2026-04-29T23:48:58.447154Z,bootstrap
2023-11-16,11.4055,2026-04-29T23:48:58.447154Z,bootstrap
2023-11-17,7.9395,2026-04-29T23:48:58.447154Z,bootstrap
2023-11-18,10.7803,2026-04-29T23:48:58.447154Z,bootstrap
2023-11-19,22.9066,2026-04-29T23:48:58.447154Z,bootstrap
2023-11-20,24.8660,2026-04-29T23:48:58.447154Z,bootstrap
2023-11-21,26.7047,2026-04-29T23:48:58.447154Z,bootstrap
2023-11-22,26.6442,2026-04-29T23:48:58.447154Z,bootstrap
2023-11-23,23.4429,2026-04-29T23:48:58.447154Z,bootstrap
2023-11-24,10.1773,2026-04-29T23:48:58.447154Z,bootstrap
2023-11-25,19.4776,2026-04-29T23:48:58.447154Z,bootstrap
2023-11-26,14.0325,2026-04-29T23:48:58.447154Z,bootstrap
2023-11-27,7.3209,2026-04-29T23:48:58.447154Z,bootstrap
2023-11-28,3.1832,2026-04-29T23:48:58.447154Z,bootstrap
2023-11-30,1.4045,2026-04-29T23:48:58.447154Z,bootstrap
2023-12-05,2.7536,2026-04-29T23:48:58.447154Z,bootstrap
2023-12-06,5.1986,2026-04-29T23:48:58.447154Z,bootstrap
2023-12-11,0.1999,2026-04-29T23:48:58.447154Z,bootstrap
2023-12-14,1.7180,2026-04-29T23:48:58.447154Z,bootstrap
2023-12-15,5.2132,2026-04-29T23:48:58.447154Z,bootstrap
2023-12-17,5.1054,2026-04-29T23:48:58.447154Z,bootstrap
2023-12-18,6.8038,2026-04-29T23:48:58.447154Z,bootstrap
2023-12-19,1.1269,2026-04-29T23:48:58.447154Z,bootstrap
2023-12-29,0.2322,2026-04-29T23:48:58.447154Z,bootstrap
2023-12-30,7.9603,2026-04-29T23:48:58.447154Z,bootstrap
2023-12-31,4.0236,2026-04-29T23:48:58.447154Z,bootstrap
2024-01-11,2.3847,2026-04-29T23:48:58.447154Z,bootstrap
2024-01-12,2.8212,2026-04-29T23:48:58.447154Z,bootstrap
2024-02-03,1.4060,2026-04-29T23:48:58.447154Z,bootstrap
2024-02-04,7.5048,2026-04-29T23:48:58.447154Z,bootstrap
2024-02-05,1.5104,2026-04-29T23:48:58.447154Z,bootstrap
2024-02-06,4.6667,2026-04-29T23:48:58.447154Z,bootstrap
2024-02-07,1.7508,2026-04-29T23:48:58.447154Z,bootstrap
2024-02-09,2.7193,2026-04-29T23:48:58.447154Z,bootstrap
2024-03-19,0.0009,2026-04-29T23:48:58.447154Z,bootstrap
2024-04-20,3.1258,2026-04-29T23:48:58.447154Z,bootstrap
2024-04-21,2.6211,2026-04-29T23:48:58.447154Z,bootstrap
2024-04-22,7.8245,2026-04-29T23:48:58.447154Z,bootstrap
2024-04-23,14.9468,2026-04-29T23:48:58.447154Z,bootstrap
2024-04-24,11.3583,2026-04-29T23:48:58.447154Z,bootstrap
2024-04-25,10.3043,2026-04-29T23:48:58.447154Z,bootstrap
2024-04-26,24.2884,2026-04-29T23:48:58.447154Z,bootstrap
2024-04-27,20.1453,2026-04-29T23:48:58.447154Z,bootstrap
2024-04-28,11.0453,2026-04-29T23:48:58.447154Z,bootstrap
2024-04-29,18.4549,2026-04-29T23:48:58.447154Z,bootstrap
2024-04-30,16.1467,2026-04-29T23:48:58.447154Z,bootstrap
2024-05-01,15.7326,2026-04-29T23:48:58.447154Z,bootstrap
2024-05-02,20.2080,2026-04-29T23:48:58.447154Z,bootstrap
2024-05-03,17.6773,2026-04-29T23:48:58.447154Z,bootstrap
2024-05-04,19.6451,2026-04-29T23:48:58.447154Z,bootstrap
2024-05-05,21.2397,2026-04-29T23:48:58.447154Z,bootstrap
2024-05-06,25.0238,2026-04-29T23:48:58.447154Z,bootstrap
2024-05-07,21.2571,2026-04-29T23:48:58.447154Z,bootstrap
2024-05-08,32.6394,2026-04-29T23:48:58.447154Z,bootstrap
2024-05-09,46.4411,2026-04-29T23:48:58.447154Z,bootstrap
2024-05-10,53.0185,2026-04-29T23:48:58.447154Z,bootstrap
2024-05-11,52.4947,2026-04-29T23:48:58.447154Z,bootstrap
2024-05-12,58.6187,2026-04-29T23:48:58.447154Z,bootstrap
2024-05-13,48.2471,2026-04-29T23:48:58.447154Z,bootstrap
2024-05-14,32.8056,2026-04-29T23:48:58.447154Z,bootstrap
2024-05-15,49.6565,2026-04-29T23:48:58.447154Z,bootstrap
2024-05-16,52.8931,2026-04-29T23:48:58.447154Z,bootstrap
2024-05-17,33.9617,2026-04-29T23:48:58.447154Z,bootstrap
2024-05-18,30.0550,2026-04-29T23:48:58.447154Z,bootstrap
2024-05-19,28.2488,2026-04-29T23:48:58.447154Z,bootstrap
2024-05-20,22.1446,2026-04-29T23:48:58.447154Z,bootstrap
2024-05-21,26.5178,2026-04-29T23:48:58.447154Z,bootstrap
2024-05-22,22.0842,2026-04-29T23:48:58.447154Z,bootstrap
2024-05-23,21.3321,2026-04-29T23:48:58.447154Z,bootstrap
2024-05-24,20.2844,2026-04-29T23:48:58.447154Z,bootstrap
2024-05-25,22.3867,2026-04-29T23:48:58.447154Z,bootstrap
2024-05-26,18.4635,2026-04-29T23:48:58.447154Z,bootstrap
2024-05-27,23.0503,2026-04-29T23:48:58.447154Z,bootstrap
2024-05-28,21.5647,2026-04-29T23:48:58.447154Z,bootstrap
2024-05-29,27.9853,2026-04-29T23:48:58.447154Z,bootstrap
2024-05-30,41.3322,2026-04-29T23:48:58.447154Z,bootstrap
2024-05-31,44.9250,2026-04-29T23:48:58.447154Z,bootstrap
2024-06-01,29.5441,2026-04-29T23:48:58.447154Z,bootstrap
2024-06-02,20.6531,2026-04-29T23:48:58.447154Z,bootstrap
2024-06-03,24.5804,2026-04-29T23:48:58.447154Z,bootstrap
2024-06-04,28.5560,2026-04-29T23:48:58.447154Z,bootstrap
2024-06-05,28.0105,2026-04-29T23:48:58.447154Z,bootstrap
2024-06-06,24.0282,2026-04-29T23:48:58.447154Z,bootstrap
2024-06-07,21.1291,2026-04-29T23:48:58.447154Z,bootstrap
2024-06-08,19.4389,2026-04-29T23:48:58.447154Z,bootstrap
2024-06-09,24.7309,2026-04-29T23:48:58.447154Z,bootstrap
2024-06-10,24.4457,2026-04-29T23:48:58.447154Z,bootstrap
2024-06-11,25.5939,2026-04-29T23:48:58.447154Z,bootstrap
2024-06-12,24.9687,2026-04-29T23:48:58.447154Z,bootstrap
2024-06-13,54.3593,2026-04-29T23:48:58.447154Z,bootstrap
2024-06-14,41.1924,2026-04-29T23:48:58.447154Z,bootstrap
2024-06-15,92.8266,2026-04-29T23:48:58.447154Z,bootstrap
2024-06-16,122.0121,2026-04-29T23:48:58.447154Z,bootstrap
2024-06-17,112.3874,2026-04-29T23:48:58.447154Z,bootstrap
2024-06-18,107.4869,2026-04-29T23:48:58.447154Z,bootstrap
2024-06-19,110.4030,2026-04-29T23:48:58.447154Z,bootstrap
2024-06-20,106.3789,2026-04-29T23:48:58.447154Z,bootstrap
2024-06-21,74.6748,2026-04-29T23:48:58.447154Z,bootstrap
2024-06-22,74.1913,2026-04-29T23:48:58.447154Z,bootstrap
2024-06-23,128.2257,2026-04-29T23:48:58.447154Z,bootstrap
2024-06-24,117.3930,2026-04-29T23:48:58.447154Z,bootstrap
2024-06-25,104.3935,2026-04-29T23:48:58.447154Z,bootstrap
2024-06-26,133.4556,2026-04-29T23:48:58.447154Z,bootstrap
2024-06-27,135.8265,2026-04-29T23:48:58.447154Z,bootstrap
2024-06-28,149.9662,2026-04-29T23:48:58.447154Z,bootstrap
2024-06-29,148.1010,2026-04-29T23:48:58.447154Z,bootstrap
2024-06-30,115.3021,2026-04-29T23:48:58.447154Z,bootstrap
2024-07-01,106.6945,2026-04-29T23:48:58.447154Z,bootstrap
2024-07-02,107.6192,2026-04-29T23:48:58.447154Z,bootstrap
2024-07-03,88.6062,2026-04-29T23:48:58.447154Z,bootstrap
2024-07-04,93.3661,2026-04-29T23:48:58.447154Z,bootstrap
2024-07-05,143.9949,2026-04-29T23:48:58.447154Z,bootstrap
2024-07-06,144.2010,2026-04-29T23:48:58.447154Z,bootstrap
2024-07-07,127.4563,2026-04-29T23:48:58.447154Z,bootstrap
2024-07-08,114.9156,2026-04-29T23:48:58.447154Z,bootstrap
2024-07-09,79.0183,2026-04-29T23:48:58.447154Z,bootstrap
2024-07-10,84.2902,2026-04-29T23:48:58.447154Z,bootstrap
2024-07-11,57.4692,2026-04-29T23:48:58.447154Z,bootstrap
2024-07-12,47.8309,2026-04-29T23:48:58.447154Z,bootstrap
2024-07-13,46.5983,2026-04-29T23:48:58.447154Z,bootstrap
2024-07-14,40.1962,2026-04-29T23:48:58.447154Z,bootstrap
2024-07-15,36.3400,2026-04-29T23:48:58.447154Z,bootstrap
2024-07-16,31.0875,2026-04-29T23:48:58.447154Z,bootstrap
2024-07-17,26.0138,2026-04-29T23:48:58.447154Z,bootstrap
2024-07-18,23.9529,2026-04-29T23:48:58.447154Z,bootstrap
2024-07-19,21.7017,2026-04-29T23:48:58.447154Z,bootstrap
2024-07-20,22.0464,2026-04-29T23:48:58.447154Z,bootstrap
2024-07-21,58.7264,2026-04-29T23:48:58.447154Z,bootstrap
2024-07-22,66.2520,2026-04-29T23:48:58.447154Z,bootstrap
2024-07-23,44.7482,2026-04-29T23:48:58.447154Z,bootstrap
2024-07-24,13.5536,2026-04-29T23:48:58.447154Z,bootstrap
2024-07-25,13.4306,2026-04-29T23:48:58.447154Z,bootstrap
2024-07-26,13.2797,2026-04-29T23:48:58.447154Z,bootstrap
2024-07-27,14.1118,2026-04-29T23:48:58.447154Z,bootstrap
2024-07-28,29.6410,2026-04-29T23:48:58.447154Z,bootstrap
2024-07-29,21.0355,2026-04-29T23:48:58.447154Z,bootstrap
2024-07-30,27.2777,2026-04-29T23:48:58.447154Z,bootstrap
2024-07-31,60.4501,2026-04-29T23:48:58.447154Z,bootstrap
2024-08-01,55.4990,2026-04-29T23:48:58.447154Z,bootstrap
2024-08-02,17.4953,2026-04-29T23:48:58.447154Z,bootstrap
2024-08-03,10.2516,2026-04-29T23:48:58.447154Z,bootstrap
2024-08-04,6.8439,2026-04-29T23:48:58.447154Z,bootstrap
2024-08-05,7.6581,2026-04-29T23:48:58.447154Z,bootstrap
2024-08-06,13.2885,2026-04-29T23:48:58.447154Z,bootstrap
2024-08-07,18.0763,2026-04-29T23:48:58.447154Z,bootstrap
2024-08-08,10.3135,2026-04-29T23:48:58.447154Z,bootstrap
2024-08-09,7.6822,2026-04-29T23:48:58.447154Z,bootstrap
2024-08-10,10.4602,2026-04-29T23:48:58.447154Z,bootstrap
2024-08-11,7.5414,2026-04-29T23:48:58.447154Z,bootstrap
2024-08-12,6.5059,2026-04-29T23:48:58.447154Z,bootstrap
2024-08-13,9.6736,2026-04-29T23:48:58.447154Z,bootstrap
2024-08-14,6.6535,2026-04-29T23:48:58.447154Z,bootstrap
2024-08-15,6.5550,2026-04-29T23:48:58.447154Z,bootstrap
2024-08-16,2.9636,2026-04-29T23:48:58.447154Z,bootstrap
2024-08-17,0.0017,2026-04-29T23:48:58.447154Z,bootstrap
2024-08-23,0.1524,2026-04-29T23:48:58.447154Z,bootstrap
2024-08-24,3.1532,2026-04-29T23:48:58.447154Z,bootstrap
2024-08-25,3.6675,2026-04-29T23:48:58.447154Z,bootstrap
2024-08-26,0.9504,2026-04-29T23:48:58.447154Z,bootstrap
2024-09-05,5.0324,2026-04-29T23:48:58.447154Z,bootstrap
2024-09-06,3.5168,2026-04-29T23:48:58.447154Z,bootstrap
2024-10-04,0.2504,2026-04-29T23:48:58.447154Z,bootstrap
2024-10-09,3.5045,2026-04-29T23:48:58.447154Z,bootstrap
2024-10-10,5.8310,2026-04-29T23:48:58.447154Z,bootstrap
2024-10-11,2.9348,2026-04-29T23:48:58.447154Z,bootstrap
2024-10-20,0.2486,2026-04-29T23:48:58.447154Z,bootstrap
2024-10-21,0.1646,2026-04-29T23:48:58.447154Z,bootstrap
2024-10-31,6.8933,2026-04-29T23:48:58.447154Z,bootstrap
2024-11-01,6.8671,2026-04-29T23:48:58.447154Z,bootstrap
2024-11-02,4.9549,2026-04-29T23:48:58.447154Z,bootstrap
2024-11-08,1.6570,2026-04-29T23:48:58.447154Z,bootstrap
2024-11-09,20.3228,2026-04-29T23:48:58.447154Z,bootstrap
2024-11-10,11.1713,2026-04-29T23:48:58.447154Z,bootstrap
2024-11-11,23.9940,2026-04-29T23:48:58.447154Z,bootstrap
2024-11-12,17.8510,2026-04-29T23:48:58.447154Z,bootstrap
2024-11-13,9.7059,2026-04-29T23:48:58.447154Z,bootstrap
2024-11-14,10.5247,2026-04-29T23:48:58.447154Z,bootstrap
2024-11-15,14.6157,2026-04-29T23:48:58.447154Z,bootstrap
2024-11-16,23.4535,2026-04-29T23:48:58.447154Z,bootstrap
2024-11-17,30.2219,2026-04-29T23:48:58.447154Z,bootstrap
2024-11-18,24.0760,2026-04-29T23:48:58.447154Z,bootstrap
2024-11-19,28.9641,2026-04-29T23:48:58.447154Z,bootstrap
2024-11-20,36.9525,2026-04-29T23:48:58.447154Z,bootstrap
2024-11-21,38.8728,2026-04-29T23:48:58.447154Z,bootstrap
2024-11-22,82.3430,2026-04-29T23:48:58.447154Z,bootstrap
2024-11-23,62.7662,2026-04-29T23:48:58.447154Z,bootstrap
2024-11-24,76.1417,2026-04-29T23:48:58.447154Z,bootstrap
2024-11-25,39.8955,2026-04-29T23:48:58.447154Z,bootstrap
2024-11-26,27.7898,2026-04-29T23:48:58.447154Z,bootstrap
2024-11-27,28.2707,2026-04-29T23:48:58.447154Z,bootstrap
2024-11-28,16.4055,2026-04-29T23:48:58.447154Z,bootstrap
2024-11-29,9.6239,2026-04-29T23:48:58.447154Z,bootstrap
2024-11-30,7.6902,2026-04-29T23:48:58.447154Z,bootstrap
2024-12-01,6.8063,2026-04-29T23:48:58.447154Z,bootstrap
2024-12-02,6.7090,2026-04-29T23:48:58.447154Z,bootstrap
2024-12-03,6.7523,2026-04-29T23:48:58.447154Z,bootstrap
2024-12-04,6.5482,2026-04-29T23:48:58.447154Z,bootstrap
2024-12-05,6.4137,2026-04-29T23:48:58.447154Z,bootstrap
2024-12-06,6.9600,2026-04-29T23:48:58.447154Z,bootstrap
2024-12-07,7.4854,2026-04-29T23:48:58.447154Z,bootstrap
2024-12-08,6.7235,2026-04-29T23:48:58.447154Z,bootstrap
2024-12-09,6.5541,2026-04-29T23:48:58.447154Z,bootstrap
2024-12-10,5.7699,2026-04-29T23:48:58.447154Z,bootstrap
2024-12-23,0.1557,2026-04-29T23:48:58.447154Z,bootstrap
2024-12-24,0.6103,2026-04-29T23:48:58.447154Z,bootstrap
2024-12-25,0.0011,2026-04-29T23:48:58.447154Z,bootstrap
2024-12-27,0.7303,2026-04-29T23:48:58.447154Z,bootstrap
2024-12-28,5.8911,2026-04-29T23:48:58.447154Z,bootstrap
2024-12-29,6.6552,2026-04-29T23:48:58.447154Z,bootstrap
2024-12-30,18.9076,2026-04-29T23:48:58.447154Z,bootstrap
2024-12-31,16.8370,2026-04-29T23:48:58.447154Z,bootstrap
2025-01-01,19.5492,2026-04-29T23:48:58.447154Z,bootstrap
2025-01-02,12.7160,2026-04-29T23:48:58.447154Z,bootstrap
2025-01-03,22.0675,2026-04-29T23:48:58.447154Z,bootstrap
2025-01-04,22.8317,2026-04-29T23:48:58.447154Z,bootstrap
2025-01-05,35.3331,2026-04-29T23:48:58.447154Z,bootstrap
2025-01-06,23.6158,2026-04-29T23:48:58.447154Z,bootstrap
2025-01-07,12.9484,2026-04-29T23:48:58.447154Z,bootstrap
2025-01-08,11.7100,2026-04-29T23:48:58.447154Z,bootstrap
2025-01-09,15.7032,2026-04-29T23:48:58.447154Z,bootstrap
2025-01-10,16.5506,2026-04-29T23:48:58.447154Z,bootstrap
2025-01-11,14.3092,2026-04-29T23:48:58.447154Z,bootstrap
2025-01-12,11.6252,2026-04-29T23:48:58.447154Z,bootstrap
2025-01-13,10.6577,2026-04-29T23:48:58.447154Z,bootstrap
2025-01-14,13.9631,2026-04-29T23:48:58.447154Z,bootstrap
2025-01-15,13.5304,2026-04-29T23:48:58.447154Z,bootstrap
2025-01-16,10.3510,2026-04-29T23:48:58.447154Z,bootstrap
2025-01-17,9.0878,2026-04-29T23:48:58.447154Z,bootstrap
2025-01-18,9.6209,2026-04-29T23:48:58.447154Z,bootstrap
2025-01-19,7.6124,2026-04-29T23:48:58.447154Z,bootstrap
2025-01-20,6.8479,2026-04-29T23:48:58.447154Z,bootstrap
2025-01-21,6.6929,2026-04-29T23:48:58.447154Z,bootstrap
2025-01-22,6.6063,2026-04-29T23:48:58.447154Z,bootstrap
2025-01-23,6.6030,2026-04-29T23:48:58.447154Z,bootstrap
2025-01-24,6.6348,2026-04-29T23:48:58.447154Z,bootstrap
2025-01-25,6.5134,2026-04-29T23:48:58.447154Z,bootstrap
2025-01-26,5.8449,2026-04-29T23:48:58.447154Z,bootstrap
2025-01-27,0.0123,2026-04-29T23:48:58.447154Z,bootstrap
2025-01-28,1.1198,2026-04-29T23:48:58.447154Z,bootstrap
2025-01-29,2.6567,2026-04-29T23:48:58.447154Z,bootstrap
2025-01-30,3.6996,2026-04-29T23:48:58.447154Z,bootstrap
2025-01-31,4.3695,2026-04-29T23:48:58.447154Z,bootstrap
2025-02-01,2.4105,2026-04-29T23:48:58.447154Z,bootstrap
2025-02-02,1.8509,2026-04-29T23:48:58.447154Z,bootstrap
2025-02-03,1.5688,2026-04-29T23:48:58.447154Z,bootstrap
2025-02-04,2.6399,2026-04-29T23:48:58.447154Z,bootstrap
2025-02-05,12.8465,2026-04-29T23:48:58.447154Z,bootstrap
2025-02-06,8.9214,2026-04-29T23:48:58.447154Z,bootstrap
2025-02-07,7.0487,2026-04-29T23:48:58.447154Z,bootstrap
2025-02-08,6.0077,2026-04-29T23:48:58.447154Z,bootstrap
2025-02-09,8.4433,2026-04-29T23:48:58.447154Z,bootstrap
2025-02-10,8.2142,2026-04-29T23:48:58.447154Z,bootstrap
2025-02-11,10.8850,2026-04-29T23:48:58.447154Z,bootstrap
2025-02-12,16.5356,2026-04-29T23:48:58.447154Z,bootstrap
2025-02-13,12.9136,2026-04-29T23:48:58.447154Z,bootstrap
2025-02-14,21.6871,2026-04-29T23:48:58.447154Z,bootstrap
2025-02-15,23.7687,2026-04-29T23:48:58.447154Z,bootstrap
2025-02-16,32.3972,2026-04-29T23:48:58.447154Z,bootstrap
2025-02-17,52.9458,2026-04-29T23:48:58.447154Z,bootstrap
2025-02-18,61.7810,2026-04-29T23:48:58.447154Z,bootstrap
2025-02-19,61.3445,2026-04-29T23:48:58.447154Z,bootstrap
2025-02-20,54.0375,2026-04-29T23:48:58.447154Z,bootstrap
2025-02-21,47.5076,2026-04-29T23:48:58.447154Z,bootstrap
2025-02-22,39.4514,2026-04-29T23:48:58.447154Z,bootstrap
2025-02-23,32.2209,2026-04-29T23:48:58.447154Z,bootstrap
2025-02-24,32.6117,2026-04-29T23:48:58.447154Z,bootstrap
2025-02-25,37.1979,2026-04-29T23:48:58.447154Z,bootstrap
2025-02-26,36.9147,2026-04-29T23:48:58.447154Z,bootstrap
2025-02-27,38.0305,2026-04-29T23:48:58.447154Z,bootstrap
2025-02-28,33.0571,2026-04-29T23:48:58.447154Z,bootstrap
2025-03-01,34.8332,2026-04-29T23:48:58.447154Z,bootstrap
2025-03-02,38.0241,2026-04-29T23:48:58.447154Z,bootstrap
2025-03-03,35.4597,2026-04-29T23:48:58.447154Z,bootstrap
2025-03-04,33.6352,2026-04-29T23:48:58.447154Z,bootstrap
2025-03-05,32.9871,2026-04-29T23:48:58.447154Z,bootstrap
2025-03-06,39.1194,2026-04-29T23:48:58.447154Z,bootstrap
2025-03-07,43.6499,2026-04-29T23:48:58.447154Z,bootstrap
2025-03-08,38.6056,2026-04-29T23:48:58.447154Z,bootstrap
2025-03-09,35.4908,2026-04-29T23:48:58.447154Z,bootstrap
2025-03-10,37.4065,2026-04-29T23:48:58.447154Z,bootstrap
2025-03-11,36.2914,2026-04-29T23:48:58.447154Z,bootstrap
2025-03-12,40.8325,2026-04-29T23:48:58.447154Z,bootstrap
2025-03-13,38.5336,2026-04-29T23:48:58.447154Z,bootstrap
2025-03-14,54.8508,2026-04-29T23:48:58.447154Z,bootstrap
2025-03-15,60.6398,2026-04-29T23:48:58.447154Z,bootstrap
2025-03-16,51.9602,2026-04-29T23:48:58.447154Z,bootstrap
2025-03-17,50.1345,2026-04-29T23:48:58.447154Z,bootstrap
2025-03-18,54.0228,2026-04-29T23:48:58.447154Z,bootstrap
2025-03-19,50.3068,2026-04-29T23:48:58.447154Z,bootstrap
2025-03-20,45.7110,2026-04-29T23:48:58.447154Z,bootstrap
2025-03-21,48.8901,2026-04-29T23:48:58.447154Z,bootstrap
2025-03-22,43.3029,2026-04-29T23:48:58.447154Z,bootstrap
2025-03-23,36.2748,2026-04-29T23:48:58.447154Z,bootstrap
2025-03-24,29.9460,2026-04-29T23:48:58.447154Z,bootstrap
2025-03-25,25.8670,2026-04-29T23:48:58.447154Z,bootstrap
2025-03-26,27.6654,2026-04-29T23:48:58.447154Z,bootstrap
2025-03-27,24.7236,2026-04-29T23:48:58.447154Z,bootstrap
2025-03-28,21.2747,2026-04-29T23:48:58.447154Z,bootstrap
2025-03-29,26.1695,2026-04-29T23:48:58.447154Z,bootstrap
2025-03-30,26.5573,2026-04-29T23:48:58.447154Z,bootstrap
2025-03-31,39.0662,2026-04-29T23:48:58.447154Z,bootstrap
2025-04-01,35.4996,2026-04-29T23:48:58.447154Z,bootstrap
2025-04-02,49.8478,2026-04-29T23:48:58.447154Z,bootstrap
2025-04-03,43.4033,2026-04-29T23:48:58.447154Z,bootstrap
2025-04-04,41.8683,2026-04-29T23:48:58.447154Z,bootstrap
2025-04-05,54.9899,2026-04-29T23:48:58.447154Z,bootstrap
2025-04-06,38.4407,2026-04-29T23:48:58.447154Z,bootstrap
2025-04-07,47.4846,2026-04-29T23:48:58.447154Z,bootstrap
2025-04-08,55.1083,2026-04-29T23:48:58.447154Z,bootstrap
2025-04-09,51.1938,2026-04-29T23:48:58.447154Z,bootstrap
2025-04-10,56.8429,2026-04-29T23:48:58.447154Z,bootstrap
2025-04-11,94.8816,2026-04-29T23:48:58.447154Z,bootstrap
2025-04-12,92.4150,2026-04-29T23:48:58.447154Z,bootstrap
2025-04-13,60.8911,2026-04-29T23:48:58.447154Z,bootstrap
2025-04-14,51.7381,2026-04-29T23:48:58.447154Z,bootstrap
2025-04-15,45.6612,2026-04-29T23:48:58.447154Z,bootstrap
2025-04-16,43.5826,2026-04-29T23:48:58.447154Z,bootstrap
2025-04-17,34.6169,2026-04-29T23:48:58.447154Z,bootstrap
2025-04-18,29.3535,2026-04-29T23:48:58.447154Z,bootstrap
2025-04-19,26.5824,2026-04-29T23:48:58.447154Z,bootstrap
2025-04-20,30.8037,2026-04-29T23:48:58.447154Z,bootstrap
2025-04-21,32.9578,2026-04-29T23:48:58.447154Z,bootstrap
2025-04-22,31.0516,2026-04-29T23:48:58.447154Z,bootstrap
2025-04-23,29.5809,2026-04-29T23:48:58.447154Z,bootstrap
2025-04-24,35.0703,2026-04-29T23:48:58.447154Z,bootstrap
2025-04-25,29.4942,2026-04-29T23:48:58.447154Z,bootstrap
2025-04-26,40.7013,2026-04-29T23:48:58.447154Z,bootstrap
2025-04-27,40.8749,2026-04-29T23:48:58.447154Z,bootstrap
2025-04-28,57.1024,2026-04-29T23:48:58.447154Z,bootstrap
2025-04-29,59.0872,2026-04-29T23:48:58.447154Z,bootstrap
2025-04-30,82.3352,2026-04-29T23:48:58.447154Z,bootstrap
2025-05-01,104.4212,2026-04-29T23:48:58.447154Z,bootstrap
2025-05-02,83.4645,2026-04-29T23:48:58.447154Z,bootstrap
2025-05-03,115.2209,2026-04-29T23:48:58.447154Z,bootstrap
2025-05-04,111.7328,2026-04-29T23:48:58.447154Z,bootstrap
2025-05-05,112.6638,2026-04-29T23:48:58.447154Z,bootstrap
2025-05-06,126.8172,2026-04-29T23:48:58.447154Z,bootstrap
2025-05-07,139.9937,2026-04-29T23:48:58.447154Z,bootstrap
2025-05-08,121.4315,2026-04-29T23:48:58.447154Z,bootstrap
2025-05-09,128.5279,2026-04-29T23:48:58.447154Z,bootstrap
2025-05-10,87.0868,2026-04-29T23:48:58.447154Z,bootstrap
2025-05-11,82.0532,2026-04-29T23:48:58.447154Z,bootstrap
2025-05-12,75.1626,2026-04-29T23:48:58.447154Z,bootstrap
2025-05-13,65.9109,2026-04-29T23:48:58.447154Z,bootstrap
2025-05-14,59.4336,2026-04-29T23:48:58.447154Z,bootstrap
2025-05-15,60.7857,2026-04-29T23:48:58.447154Z,bootstrap
2025-05-16,73.6188,2026-04-29T23:48:58.447154Z,bootstrap
2025-05-17,99.8699,2026-04-29T23:48:58.447154Z,bootstrap
2025-05-18,111.4150,2026-04-29T23:48:58.447154Z,bootstrap
2025-05-19,106.6934,2026-04-29T23:48:58.447154Z,bootstrap
2025-05-20,116.3202,2026-04-29T23:48:58.447154Z,bootstrap
2025-05-21,110.6520,2026-04-29T23:48:58.447154Z,bootstrap
2025-05-22,134.4369,2026-04-29T23:48:58.447154Z,bootstrap
2025-05-23,127.1593,2026-04-29T23:48:58.447154Z,bootstrap
2025-05-24,99.9364,2026-04-29T23:48:58.447154Z,bootstrap
2025-05-25,81.6602,2026-04-29T23:48:58.447154Z,bootstrap
2025-05-26,63.2556,2026-04-29T23:48:58.447154Z,bootstrap
2025-05-27,48.4035,2026-04-29T23:48:58.447154Z,bootstrap
2025-05-28,43.9652,2026-04-29T23:48:58.447154Z,bootstrap
2025-05-29,35.6585,2026-04-29T23:48:58.447154Z,bootstrap
2025-05-30,32.8483,2026-04-29T23:48:58.447154Z,bootstrap
2025-05-31,35.7159,2026-04-29T23:48:58.447154Z,bootstrap
2025-06-01,33.8791,2026-04-29T23:48:58.447154Z,bootstrap
2025-06-02,36.4078,2026-04-29T23:48:58.447154Z,bootstrap
2025-06-03,61.7970,2026-04-29T23:48:58.447154Z,bootstrap
2025-06-04,76.7682,2026-04-29T23:48:58.447154Z,bootstrap
2025-06-05,95.2786,2026-04-29T23:48:58.447154Z,bootstrap
2025-06-06,163.1048,2026-04-29T23:48:58.447154Z,bootstrap
2025-06-07,173.5855,2026-04-29T23:48:58.447154Z,bootstrap
2025-06-08,87.1833,2026-04-29T23:48:58.447154Z,bootstrap
2025-06-09,139.8471,2026-04-29T23:48:58.447154Z,bootstrap
2025-06-10,157.9492,2026-04-29T23:48:58.447154Z,bootstrap
2025-06-11,133.2178,2026-04-29T23:48:58.447154Z,bootstrap
2025-06-12,101.2746,2026-04-29T23:48:58.447154Z,bootstrap
2025-06-13,133.8487,2026-04-29T23:48:58.447154Z,bootstrap
2025-06-14,180.5411,2026-04-29T23:48:58.447154Z,bootstrap
2025-06-15,139.5718,2026-04-29T23:48:58.447154Z,bootstrap
2025-06-16,112.6611,2026-04-29T23:48:58.447154Z,bootstrap
2025-06-17,129.5728,2026-04-29T23:48:58.447154Z,bootstrap
2025-06-18,140.6012,2026-04-29T23:48:58.447154Z,bootstrap
2025-06-19,95.4800,2026-04-29T23:48:58.447154Z,bootstrap
2025-06-20,104.5064,2026-04-29T23:48:58.447154Z,bootstrap
2025-06-21,92.2032,2026-04-29T23:48:58.447154Z,bootstrap
2025-06-22,84.6175,2026-04-29T23:48:58.447154Z,bootstrap
2025-06-23,116.9389,2026-04-29T23:48:58.447154Z,bootstrap
2025-06-24,151.1544,2026-04-29T23:48:58.447154Z,bootstrap
2025-06-25,144.3623,2026-04-29T23:48:58.447154Z,bootstrap
2025-06-26,91.7309,2026-04-29T23:48:58.447154Z,bootstrap
2025-06-27,133.9512,2026-04-29T23:48:58.447154Z,bootstrap
2025-06-28,118.2686,2026-04-29T23:48:58.447154Z,bootstrap
2025-06-29,128.6364,2026-04-29T23:48:58.447154Z,bootstrap
2025-06-30,119.8176,2026-04-29T23:48:58.447154Z,bootstrap
2025-07-01,131.6579,2026-04-29T23:48:58.447154Z,bootstrap
2025-07-02,128.9766,2026-04-29T23:48:58.447154Z,bootstrap
2025-07-03,149.2513,2026-04-29T23:48:58.447154Z,bootstrap
2025-07-04,153.2595,2026-04-29T23:48:58.447154Z,bootstrap
2025-07-05,147.6981,2026-04-29T23:48:58.447154Z,bootstrap
2025-07-06,118.7433,2026-04-29T23:48:58.447154Z,bootstrap
2025-07-07,109.9789,2026-04-29T23:48:58.447154Z,bootstrap
2025-07-08,56.9746,2026-04-29T23:48:58.447154Z,bootstrap
2025-07-09,53.6499,2026-04-29T23:48:58.447154Z,bootstrap
2025-07-10,32.9194,2026-04-29T23:48:58.447154Z,bootstrap
2025-07-11,102.4486,2026-04-29T23:48:58.447154Z,bootstrap
2025-07-12,134.3881,2026-04-29T23:48:58.447154Z,bootstrap
2025-07-13,133.1037,2026-04-29T23:48:58.447154Z,bootstrap
2025-07-14,135.0010,2026-04-29T23:48:58.447154Z,bootstrap
2025-07-15,126.9306,2026-04-29T23:48:58.447154Z,bootstrap
2025-07-16,99.3056,2026-04-29T23:48:58.447154Z,bootstrap
2025-07-17,114.0259,2026-04-29T23:48:58.447154Z,bootstrap
2025-07-18,115.9957,2026-04-29T23:48:58.447154Z,bootstrap
2025-07-19,117.1979,2026-04-29T23:48:58.447154Z,bootstrap
2025-07-20,116.4166,2026-04-29T23:48:58.447154Z,bootstrap
2025-07-21,97.0984,2026-04-29T23:48:58.447154Z,bootstrap
2025-07-22,95.4553,2026-04-29T23:48:58.447154Z,bootstrap
2025-07-23,85.8683,2026-04-29T23:48:58.447154Z,bootstrap
2025-07-24,84.6368,2026-04-29T23:48:58.447154Z,bootstrap
2025-07-25,75.1983,2026-04-29T23:48:58.447154Z,bootstrap
2025-07-26,40.6349,2026-04-29T23:48:58.447154Z,bootstrap
2025-07-27,25.5219,2026-04-29T23:48:58.447154Z,bootstrap
2025-07-28,26.1133,2026-04-29T23:48:58.447154Z,bootstrap
2025-07-29,34.4711,2026-04-29T23:48:58.447154Z,bootstrap
2025-07-30,72.1795,2026-04-29T23:48:58.447154Z,bootstrap
2025-07-31,56.1570,2026-04-29T23:48:58.447154Z,bootstrap
2025-08-01,44.8835,2026-04-29T23:48:58.447154Z,bootstrap
2025-08-02,34.3110,2026-04-29T23:48:58.447154Z,bootstrap
2025-08-03,9.2676,2026-04-29T23:48:58.447154Z,bootstrap
2025-08-04,6.8385,2026-04-29T23:48:58.447154Z,bootstrap
2025-08-05,7.8046,2026-04-29T23:48:58.447154Z,bootstrap
2025-08-06,11.1736,2026-04-29T23:48:58.447154Z,bootstrap
2025-08-08,17.5332,2026-04-29T23:48:58.447154Z,bootstrap
2025-08-09,18.9487,2026-04-29T23:48:58.447154Z,bootstrap
2025-08-10,40.4827,2026-04-29T23:48:58.447154Z,bootstrap
2025-08-11,19.2792,2026-04-29T23:48:58.447154Z,bootstrap
2025-08-12,11.2968,2026-04-29T23:48:58.447154Z,bootstrap
2025-08-13,2.8179,2026-04-29T23:48:58.447154Z,bootstrap
2025-08-14,2.6695,2026-04-29T23:48:58.447154Z,bootstrap
2025-08-15,2.4138,2026-04-29T23:48:58.447154Z,bootstrap
2025-08-16,2.5867,2026-04-29T23:48:58.447154Z,bootstrap
2025-08-17,3.3406,2026-04-29T23:48:58.447154Z,bootstrap
2025-08-18,3.5180,2026-04-29T23:48:58.447154Z,bootstrap
2025-08-19,0.9237,2026-04-29T23:48:58.447154Z,bootstrap
2025-08-20,0.3917,2026-04-29T23:48:58.447154Z,bootstrap
2025-08-21,1.8935,2026-04-29T23:48:58.447154Z,bootstrap
2025-08-22,1.9664,2026-04-29T23:48:58.447154Z,bootstrap
2025-08-23,8.1200,2026-04-29T23:48:58.447154Z,bootstrap
2025-08-24,14.8318,2026-04-29T23:48:58.447154Z,bootstrap
2025-08-25,13.2850,2026-04-29T23:48:58.447154Z,bootstrap
2025-08-26,23.9018,2026-04-29T23:48:58.447154Z,bootstrap
2025-08-27,10.3343,2026-04-29T23:48:58.447154Z,bootstrap
2025-08-28,0.1625,2026-04-29T23:48:58.447154Z,bootstrap
2025-08-29,18.8782,2026-04-29T23:48:58.447154Z,bootstrap
2025-08-30,0.1036,2026-04-29T23:48:58.447154Z,bootstrap
2025-08-31,15.6666,2026-04-29T23:48:58.447154Z,bootstrap
2025-09-01,33.3845,2026-04-29T23:48:58.447154Z,bootstrap
2025-09-02,19.0537,2026-04-29T23:48:58.447154Z,bootstrap
2025-09-03,22.0752,2026-04-29T23:48:58.447154Z,bootstrap
2025-09-04,77.7958,2026-04-29T23:48:58.447154Z,bootstrap
2025-09-05,37.8025,2026-04-29T23:48:58.447154Z,bootstrap
2025-09-06,48.1599,2026-04-29T23:48:58.447154Z,bootstrap
2025-09-07,29.3614,2026-04-29T23:48:58.447154Z,bootstrap
2025-09-08,47.9528,2026-04-29T23:48:58.447154Z,bootstrap
2025-09-09,44.5437,2026-04-29T23:48:58.447154Z,bootstrap
2025-09-10,36.8961,2026-04-29T23:48:58.447154Z,bootstrap
2025-09-11,30.1624,2026-04-29T23:48:58.447154Z,bootstrap
2025-09-12,20.0454,2026-04-29T23:48:58.447154Z,bootstrap
2025-09-13,6.1853,2026-04-29T23:48:58.447154Z,bootstrap
2025-09-14,2.9547,2026-04-29T23:48:58.447154Z,bootstrap
2025-09-15,6.7945,2026-04-29T23:48:58.447154Z,bootstrap
2025-09-16,5.6857,2026-04-29T23:48:58.447154Z,bootstrap
2025-09-17,1.7172,2026-04-29T23:48:58.447154Z,bootstrap
2025-09-18,4.1468,2026-04-29T23:48:58.447154Z,bootstrap
2025-09-19,3.2277,2026-04-29T23:48:58.447154Z,bootstrap
2025-09-20,7.2847,2026-04-29T23:48:58.447154Z,bootstrap
2025-09-21,13.6002,2026-04-29T23:48:58.447154Z,bootstrap
2025-09-22,5.2163,2026-04-29T23:48:58.447154Z,bootstrap
2025-09-23,0.4952,2026-04-29T23:48:58.447154Z,bootstrap
2025-09-24,1.3728,2026-04-29T23:48:58.447154Z,bootstrap
2025-09-25,6.1358,2026-04-29T23:48:58.447154Z,bootstrap
2025-09-26,8.5388,2026-04-29T23:48:58.447154Z,bootstrap
2025-09-27,8.5548,2026-04-29T23:48:58.447154Z,bootstrap
2025-09-28,6.0273,2026-04-29T23:48:58.447154Z,bootstrap
2025-09-29,3.9236,2026-04-29T23:48:58.447154Z,bootstrap
2025-09-30,5.4578,2026-04-29T23:48:58.447154Z,bootstrap
2025-10-01,9.5304,2026-04-29T23:48:58.447154Z,bootstrap
2025-10-02,12.0918,2026-04-29T23:48:58.447154Z,bootstrap
2025-10-03,11.4490,2026-04-29T23:48:58.447154Z,bootstrap
2025-10-04,10.9793,2026-04-29T23:48:58.447154Z,bootstrap
2025-10-05,9.9918,2026-04-29T23:48:58.447154Z,bootstrap
2025-10-06,4.9780,2026-04-29T23:48:58.447154Z,bootstrap
2025-10-07,3.5893,2026-04-29T23:48:58.447154Z,bootstrap
2025-10-08,4.0124,2026-04-29T23:48:58.447154Z,bootstrap
2025-10-09,5.0061,2026-04-29T23:48:58.447154Z,bootstrap
2025-10-10,4.9099,2026-04-29T23:48:58.447154Z,bootstrap
2025-10-11,3.6541,2026-04-29T23:48:58.447154Z,bootstrap
2025-10-12,14.8047,2026-04-29T23:48:58.447154Z,bootstrap
2025-10-13,32.0446,2026-04-29T23:48:58.447154Z,bootstrap
2025-10-14,26.6272,2026-04-29T23:48:58.447154Z,bootstrap
2025-10-15,20.6601,2026-04-29T23:48:58.447154Z,bootstrap
2025-10-16,20.6538,2026-04-29T23:48:58.447154Z,bootstrap
2025-10-17,19.7079,2026-04-29T23:48:58.447154Z,bootstrap
2025-10-18,24.7709,2026-04-29T23:48:58.447154Z,bootstrap
2025-10-19,27.8131,2026-04-29T23:48:58.447154Z,bootstrap
2025-10-20,26.5300,2026-04-29T23:48:58.447154Z,bootstrap
2025-10-21,26.1136,2026-04-29T23:48:58.447154Z,bootstrap
2025-10-22,36.8369,2026-04-29T23:48:58.447154Z,bootstrap
2025-10-23,47.5498,2026-04-29T23:48:58.447154Z,bootstrap
2025-10-24,54.7218,2026-04-29T23:48:58.447154Z,bootstrap
2025-10-25,52.9017,2026-04-29T23:48:58.447154Z,bootstrap
2025-10-26,51.2819,2026-04-29T23:48:58.447154Z,bootstrap
2025-10-27,63.6881,2026-04-29T23:48:58.447154Z,bootstrap
2025-10-28,64.9855,2026-04-29T23:48:58.447154Z,bootstrap
2025-10-29,49.7002,2026-04-29T23:48:58.447154Z,bootstrap
2025-10-30,38.0673,2026-04-29T23:48:58.447154Z,bootstrap
2025-10-31,40.3743,2026-04-29T23:48:58.447154Z,bootstrap
2025-11-01,40.2881,2026-04-29T23:48:58.447154Z,bootstrap
2025-11-02,36.0317,2026-04-29T23:48:58.447154Z,bootstrap
2025-11-03,35.9249,2026-04-29T23:48:58.447154Z,bootstrap
2025-11-04,32.3032,2026-04-29T23:48:58.447154Z,bootstrap
2025-11-05,27.9333,2026-04-29T23:48:58.447154Z,bootstrap
2025-11-06,27.7496,2026-04-29T23:48:58.447154Z,bootstrap
2025-11-07,26.9146,2026-04-29T23:48:58.447154Z,bootstrap
2025-11-08,12.1241,2026-04-29T23:48:58.447154Z,bootstrap
2025-11-09,11.2719,2026-04-29T23:48:58.447154Z,bootstrap
2025-11-10,13.8687,2026-04-29T23:48:58.447154Z,bootstrap
2025-11-11,15.1416,2026-04-29T23:48:58.447154Z,bootstrap
2025-11-12,11.5164,2026-04-29T23:48:58.447154Z,bootstrap
2025-11-13,22.4724,2026-04-29T23:48:58.447154Z,bootstrap
2025-11-14,49.5349,2026-04-29T23:48:58.447154Z,bootstrap
2025-11-15,37.3056,2026-04-29T23:48:58.447154Z,bootstrap
2025-11-16,61.3918,2026-04-29T23:48:58.447154Z,bootstrap
2025-11-17,68.7425,2026-04-29T23:48:58.447154Z,bootstrap
2025-11-18,47.0146,2026-04-29T23:48:58.447154Z,bootstrap
2025-11-19,43.2459,2026-04-29T23:48:58.447154Z,bootstrap
2025-11-20,53.2082,2026-04-29T23:48:58.447154Z,bootstrap
2025-11-21,49.3657,2026-04-29T23:48:58.447154Z,bootstrap
2025-11-22,37.8604,2026-04-29T23:48:58.447154Z,bootstrap
2025-11-23,34.1285,2026-04-29T23:48:58.447154Z,bootstrap
2025-11-24,36.3154,2026-04-29T23:48:58.447154Z,bootstrap
2025-11-25,40.9981,2026-04-29T23:48:58.447154Z,bootstrap
2025-11-26,37.9718,2026-04-29T23:48:58.447154Z,bootstrap
2025-11-27,36.9478,2026-04-29T23:48:58.447154Z,bootstrap
2025-11-28,35.4128,2026-04-29T23:48:58.447154Z,bootstrap
2025-11-29,43.7492,2026-04-29T23:48:58.447154Z,bootstrap
2025-11-30,38.2518,2026-04-29T23:48:58.447154Z,bootstrap
2025-12-01,25.1860,2026-04-29T23:48:58.447154Z,bootstrap
2025-12-02,46.5131,2026-04-29T23:48:58.447154Z,bootstrap
2025-12-03,41.9468,2026-04-29T23:48:58.447154Z,bootstrap
2025-12-04,40.4017,2026-04-29T23:48:58.447154Z,bootstrap
2025-12-05,48.5131,2026-04-29T23:48:58.447154Z,bootstrap
2025-12-06,38.2157,2026-04-29T23:48:58.447154Z,bootstrap
2025-12-07,30.3485,2026-04-29T23:48:58.447154Z,bootstrap
2025-12-08,18.3473,2026-04-29T23:48:58.447154Z,bootstrap
2025-12-09,14.0813,2026-04-29T23:48:58.447154Z,bootstrap
2025-12-10,10.7166,2026-04-29T23:48:58.447154Z,bootstrap
2025-12-11,8.4193,2026-04-29T23:48:58.447154Z,bootstrap
2025-12-12,10.7359,2026-04-29T23:48:58.447154Z,bootstrap
2025-12-13,8.6188,2026-04-29T23:48:58.447154Z,bootstrap
2025-12-14,7.3266,2026-04-29T23:48:58.447154Z,bootstrap
2025-12-15,7.4326,2026-04-29T23:48:58.447154Z,bootstrap
2025-12-16,0.7231,2026-04-29T23:48:58.447154Z,bootstrap
2025-12-17,0.6772,2026-04-29T23:48:58.447154Z,bootstrap
2025-12-18,3.3133,2026-04-29T23:48:58.447154Z,bootstrap
2025-12-19,6.3278,2026-04-29T23:48:58.447154Z,bootstrap
2025-12-20,1.3223,2026-04-29T23:48:58.447154Z,bootstrap
2025-12-21,4.6509,2026-04-29T23:48:58.447154Z,bootstrap
2025-12-22,8.9987,2026-04-29T23:48:58.447154Z,bootstrap
2025-12-23,7.9501,2026-04-29T23:48:58.447154Z,bootstrap
2025-12-24,5.1768,2026-04-29T23:48:58.447154Z,bootstrap
2025-12-25,1.4488,2026-04-29T23:48:58.447154Z,bootstrap
2025-12-26,0.0001,2026-04-29T23:48:58.447154Z,bootstrap
2025-12-27,2.3898,2026-04-29T23:48:58.447154Z,bootstrap
2025-12-28,7.8985,2026-04-29T23:48:58.447154Z,bootstrap
2025-12-29,9.0082,2026-04-29T23:48:58.447154Z,bootstrap
2025-12-30,7.5108,2026-04-29T23:48:58.447154Z,bootstrap
2025-12-31,2.1139,2026-04-29T23:48:58.447154Z,bootstrap
2026-01-01,0.0028,2026-04-29T23:48:58.447154Z,bootstrap
2026-01-05,1.9522,2026-04-29T23:48:58.447154Z,bootstrap
2026-01-06,6.6004,2026-04-29T23:48:58.447154Z,bootstrap
2026-01-07,8.0291,2026-04-29T23:48:58.447154Z,bootstrap
2026-01-08,9.0891,2026-04-29T23:48:58.447154Z,bootstrap
2026-01-09,10.6325,2026-04-29T23:48:58.447154Z,bootstrap
2026-01-10,13.1146,2026-04-29T23:48:58.447154Z,bootstrap
2026-01-11,15.7254,2026-04-29T23:48:58.447154Z,bootstrap
2026-01-12,35.2058,2026-04-29T23:48:58.447154Z,bootstrap
2026-01-13,45.4531,2026-04-29T23:48:58.447154Z,bootstrap
2026-01-14,43.5163,2026-04-29T23:48:58.447154Z,bootstrap
2026-01-15,35.1845,2026-04-29T23:48:58.447154Z,bootstrap
2026-01-16,32.9652,2026-04-29T23:48:58.447154Z,bootstrap
2026-01-17,26.5321,2026-04-29T23:48:58.447154Z,bootstrap
2026-01-18,23.2715,2026-04-29T23:48:58.447154Z,bootstrap
2026-01-19,19.2494,2026-04-29T23:48:58.447154Z,bootstrap
2026-01-20,19.3975,2026-04-29T23:48:58.447154Z,bootstrap
2026-01-21,16.6027,2026-04-29T23:48:58.447154Z,bootstrap
2026-01-22,12.5908,2026-04-29T23:48:58.447154Z,bootstrap
2026-01-23,13.7526,2026-04-29T23:48:58.447154Z,bootstrap
2026-01-24,14.2561,2026-04-29T23:48:58.447154Z,bootstrap
2026-01-25,10.9049,2026-04-29T23:48:58.447154Z,bootstrap
2026-01-26,11.8725,2026-04-29T23:48:58.447154Z,bootstrap
2026-01-27,15.8802,2026-04-29T23:48:58.447154Z,bootstrap
2026-01-28,21.6072,2026-04-29T23:48:58.447154Z,bootstrap
2026-01-29,20.2663,2026-04-29T23:48:58.447154Z,bootstrap
2026-01-30,25.2297,2026-04-29T23:48:58.447154Z,bootstrap
2026-01-31,23.0744,2026-04-29T23:48:58.447154Z,bootstrap
2026-02-01,30.7337,2026-04-29T23:48:58.447154Z,bootstrap
2026-02-02,58.8115,2026-04-29T23:48:58.447154Z,bootstrap
2026-02-03,71.4201,2026-04-29T23:48:58.447154Z,bootstrap
2026-02-04,70.9246,2026-04-29T23:48:58.447154Z,bootstrap
2026-02-05,69.3003,2026-04-29T23:48:58.447154Z,bootstrap
2026-02-06,53.6250,2026-04-29T23:48:58.447154Z,bootstrap
2026-02-07,48.1182,2026-04-29T23:48:58.447154Z,bootstrap
2026-02-08,50.6445,2026-04-29T23:48:58.447154Z,bootstrap
2026-02-09,50.5811,2026-04-29T23:48:58.447154Z,bootstrap
2026-02-10,48.0642,2026-04-29T23:48:58.447154Z,bootstrap
2026-02-11,46.5991,2026-04-29T23:48:58.447154Z,bootstrap
2026-02-12,33.0650,2026-04-29T23:48:58.447154Z,bootstrap
2026-02-13,28.7527,2026-04-29T23:48:58.447154Z,bootstrap
2026-02-14,32.1907,2026-04-29T23:48:58.447154Z,bootstrap
2026-02-15,34.8292,2026-04-29T23:48:58.447154Z,bootstrap
2026-02-16,42.1298,2026-04-29T23:48:58.447154Z,bootstrap
2026-02-17,42.1919,2026-04-29T23:48:58.447154Z,bootstrap
2026-02-18,33.8251,2026-04-29T23:48:58.447154Z,bootstrap
2026-02-19,34.1479,2026-04-29T23:48:58.447154Z,bootstrap
2026-02-20,34.7020,2026-04-29T23:48:58.447154Z,bootstrap
2026-02-21,33.5934,2026-04-29T23:48:58.447154Z,bootstrap
2026-02-22,37.8594,2026-04-29T23:48:58.447154Z,bootstrap
2026-02-23,44.3182,2026-04-29T23:48:58.447154Z,bootstrap
2026-02-24,55.1197,2026-04-29T23:48:58.447154Z,bootstrap
2026-02-25,58.6118,2026-04-29T23:48:58.447154Z,bootstrap
2026-02-26,63.6485,2026-04-29T23:48:58.447154Z,bootstrap
2026-02-27,47.8057,2026-04-29T23:48:58.447154Z,bootstrap
2026-02-28,39.7270,2026-04-29T23:48:58.447154Z,bootstrap
2026-03-01,50.6695,2026-04-29T23:48:58.447154Z,bootstrap
2026-03-02,33.7429,2026-04-29T23:48:58.447154Z,bootstrap
2026-03-03,32.1227,2026-04-29T23:48:58.447154Z,bootstrap
2026-03-04,28.9231,2026-04-29T23:48:58.447154Z,bootstrap
2026-03-05,29.1311,2026-04-29T23:48:58.447154Z,bootstrap
2026-03-06,32.1830,2026-04-29T23:48:58.447154Z,bootstrap
2026-03-07,18.7789,2026-04-29T23:48:58.447154Z,bootstrap
2026-03-08,24.8527,2026-04-29T23:48:58.447154Z,bootstrap
2026-03-09,33.6326,2026-04-29T23:48:58.447154Z,bootstrap
2026-03-10,26.2378,2026-04-29T23:48:58.447154Z,bootstrap
2026-03-11,24.9294,2026-04-29T23:48:58.447154Z,bootstrap
2026-03-12,26.1078,2026-04-29T23:48:58.447154Z,bootstrap
2026-03-13,25.3179,2026-04-29T23:48:58.447154Z,bootstrap
2026-03-14,22.9007,2026-04-29T23:48:58.447154Z,bootstrap
2026-03-15,22.0932,2026-04-29T23:48:58.447154Z,bootstrap
2026-03-16,21.5245,2026-04-29T23:48:58.447154Z,bootstrap
2026-03-17,21.6364,2026-04-29T23:48:58.447154Z,bootstrap
2026-03-18,22.5414,2026-04-29T23:48:58.447154Z,bootstrap
2026-03-19,26.7644,2026-04-29T23:48:58.447154Z,bootstrap
2026-03-20,23.1850,2026-04-29T23:48:58.447154Z,bootstrap
2026-03-21,20.1487,2026-04-29T23:48:58.447154Z,bootstrap
2026-03-22,19.4459,2026-04-29T23:48:58.447154Z,bootstrap
2026-03-23,19.4852,2026-04-29T23:48:58.447154Z,bootstrap
2026-03-24,21.8304,2026-04-29T23:48:58.447154Z,bootstrap
2026-03-25,15.9337,2026-04-29T23:48:58.447154Z,bootstrap
2026-03-26,10.6942,2026-04-29T23:48:58.447154Z,bootstrap
2026-03-27,10.7575,2026-04-29T23:48:58.447154Z,bootstrap
2026-03-28,16.9522,2026-04-29T23:48:58.447154Z,bootstrap
2026-03-29,14.7911,2026-04-29T23:48:58.447154Z,bootstrap
2026-03-30,13.3001,2026-04-29T23:48:58.447154Z,bootstrap
2026-03-31,15.1505,2026-04-29T23:48:58.447154Z,bootstrap
2026-04-01,11.7066,2026-04-29T23:48:58.447154Z,bootstrap
2026-04-02,9.6514,2026-04-29T23:48:58.447154Z,bootstrap
2026-04-03,8.2892,2026-04-29T23:48:58.447154Z,bootstrap
2026-04-04,6.7872,2026-04-29T23:48:58.447154Z,bootstrap
2026-04-05,6.3195,2026-04-29T23:48:58.447154Z,bootstrap
2026-04-06,6.3399,2026-04-29T23:48:58.447154Z,bootstrap
2026-04-07,7.9275,2026-04-29T23:48:58.447154Z,bootstrap
2026-04-08,9.7685,2026-04-29T23:48:58.447154Z,bootstrap
2026-04-09,9.5708,2026-04-29T23:48:58.447154Z,bootstrap
2026-04-10,0.8670,2026-04-29T23:48:58.447154Z,bootstrap
2026-04-14,3.8349,2026-04-29T23:48:58.447154Z,bootstrap
2026-04-15,6.3599,2026-04-29T23:48:58.447154Z,bootstrap
2026-04-16,13.4839,2026-04-29T23:48:58.447154Z,bootstrap
2026-04-17,20.9421,2026-04-29T23:48:58.447154Z,bootstrap
2026-04-18,30.0826,2026-04-29T23:48:58.447154Z,bootstrap
2026-04-19,22.2619,2026-04-29T23:48:58.447154Z,bootstrap
2026-04-20,17.1433,2026-04-29T23:48:58.447154Z,bootstrap
2026-04-21,17.1090,2026-04-29T23:48:58.447154Z,bootstrap
2026-04-22,13.5833,2026-04-29T23:48:58.447154Z,bootstrap
2026-04-23,13.7675,2026-04-29T23:48:58.447154Z,bootstrap
2026-04-24,9.3844,2026-04-29T23:48:58.447154Z,bootstrap
2026-04-25,7.8986,2026-04-29T23:48:58.447154Z,bootstrap
2026-04-26,8.8149,2026-04-29T23:48:58.447154Z,bootstrap
2026-04-27,8.3494,2026-04-29T23:48:58.447154Z,bootstrap
2026-04-28,9.2202,2026-04-29T23:48:58.447154Z,bootstrap
2026-04-30,9.2764,2026-05-01T20:42:12Z,live
2026-05-01,3.3740,2026-05-02T18:30:10Z,live
2026-05-03,8.4359,2026-05-04T18:30:08Z,live
2026-05-04,15.4313,2026-05-05T18:30:07Z,live
2026-05-05,13.8353,2026-05-06T18:30:09Z,live
2026-05-08,3.4100,2026-05-09T18:30:08Z,live
2026-05-09,0.0000,2026-05-10T18:30:08Z,live
2026-05-10,0.0000,2026-05-11T18:30:08Z,live
2026-05-11,0.0000,2026-05-12T18:30:07Z,live
2026-05-12,0.0000,2026-05-13T18:30:07Z,live
2026-05-13,3.1100,2026-05-14T18:30:11Z,live
2026-05-14,0.0000,2026-05-15T18:30:09Z,live
2026-05-15,0.0000,2026-05-16T18:30:07Z,live
2026-05-17,0.0000,2026-05-18T18:30:07Z,live
2026-05-19,0.0000,2026-05-20T18:30:08Z,live
2026-05-20,0.0000,2026-05-21T18:30:10Z,live
2026-05-21,0.0000,2026-05-22T18:30:08Z,live
2026-05-22,0.0000,2026-05-23T18:30:07Z,live
2026-05-23,0.0000,2026-05-24T18:30:07Z,live
2026-05-24,0.0000,2026-05-25T18:30:07Z,live
2026-05-25,0.0000,2026-05-26T18:30:08Z,live
2026-05-28,0.0000,2026-05-29T18:30:08Z,live
2026-05-29,0.0000,2026-05-30T18:30:07Z,live
2026-05-30,0.0000,2026-05-31T18:30:08Z,live
2026-05-31,0.0000,2026-06-01T18:30:07Z,live
2026-06-01,0.0000,2026-06-02T18:30:07Z,live
2026-06-02,0.0000,2026-06-03T18:30:08Z,live
2026-06-03,0.3877,2026-06-04T18:30:09Z,live
2026-06-04,0.0000,2026-06-05T18:30:09Z,live
2026-06-05,0.0000,2026-06-06T18:30:10Z,live
2026-06-06,0.0000,2026-06-07T18:30:08Z,live
2026-06-07,0.8103,2026-06-08T18:30:08Z,live
2026-06-08,9.7305,2026-06-09T18:30:07Z,live
2026-06-09,17.1403,2026-06-10T18:30:10Z,live
2026-06-10,19.7739,2026-06-11T18:30:07Z,live
2026-06-11,6.8261,2026-06-12T18:30:07Z,live
2026-06-12,6.5685,2026-06-13T18:30:07Z,live
2026-06-13,3.0123,2026-06-14T18:30:09Z,live
2026-06-14,0.0000,2026-06-15T18:30:07Z,live
2026-06-15,0.0000,2026-06-16T18:30:08Z,live
2026-06-18,0.0000,2026-06-19T18:30:07Z,live
2026-06-20,0.0000,2026-06-21T18:30:08Z,live
2026-06-21,0.0000,2026-06-22T18:30:07Z,live
2026-06-23,0.0000,2026-06-24T18:30:07Z,live
2026-06-25,0.0000,2026-06-26T18:30:08Z,live
2026-06-26,0.0000,2026-06-27T18:30:09Z,live
2026-06-28,3.3335,2026-06-29T18:30:07Z,live
2026-06-29,6.3432,2026-06-30T18:30:08Z,live
2026-07-01,6.2216,2026-07-02T18:30:07Z,live
2026-07-02,5.5830,2026-07-03T18:30:07Z,live
