date,eia_gwh,entsoe_gwh,total_gwh
2020-01-01,64.7746,42.3132,107.0878
2020-01-02,59.7718,64.9108,124.6826
2020-01-03,40.8747,76.2180,117.0927
2020-01-04,36.6666,73.9964,110.6629
2020-01-05,65.1658,55.0061,120.1719
2020-01-06,46.7183,65.2498,111.9681
2020-01-07,42.6714,63.5495,106.2210
2020-01-08,64.1136,62.1748,126.2884
2020-01-09,72.5143,74.2808,146.7951
2020-01-10,56.4080,78.3142,134.7222
2020-01-11,65.4868,66.2588,131.7456
2020-01-12,50.9476,70.5216,121.4692
2020-01-13,44.9635,71.7130,116.6765
2020-01-14,41.1407,93.2122,134.3528
2020-01-15,47.2433,91.6670,138.9102
2020-01-16,48.5427,86.7816,135.3243
2020-01-17,44.6635,86.8391,131.5026
2020-01-18,54.3254,80.1138,134.4392
2020-01-19,42.4294,85.1665,127.5959
2020-01-20,16.5015,82.3537,98.8552
2020-01-21,44.4637,83.1195,127.5832
2020-01-22,66.7507,57.6846,124.4353
2020-01-23,30.2795,45.7534,76.0329
2020-01-24,31.2927,47.4287,78.7214
2020-01-25,41.5821,44.1814,85.7635
2020-01-26,21.1493,58.8259,79.9752
2020-01-27,27.2954,88.5453,115.8407
2020-01-28,38.6942,92.8405,131.5347
2020-01-29,26.8043,97.0689,123.8732
2020-01-30,14.3516,99.5733,113.9248
2020-01-31,26.6592,95.2047,121.8639
2020-02-01,35.9713,94.7530,130.7242
2020-02-02,58.9836,67.7283,126.7118
2020-02-03,67.3424,81.1581,148.5005
2020-02-04,63.4452,90.3640,153.8091
2020-02-05,41.9284,68.3778,110.3062
2020-02-06,31.2788,61.6705,92.9493
2020-02-07,42.2440,56.0026,98.2466
2020-02-08,34.9932,63.5135,98.5067
2020-02-09,66.8985,78.7311,145.6295
2020-02-10,46.4526,97.1130,143.5656
2020-02-11,44.2213,87.5795,131.8008
2020-02-12,45.1511,79.8720,125.0231
2020-02-13,49.9813,78.3263,128.3076
2020-02-14,46.8448,54.2880,101.1328
2020-02-15,69.3496,83.6419,152.9915
2020-02-16,34.5202,88.3321,122.8523
2020-02-17,49.4670,94.0137,143.4807
2020-02-18,58.4643,88.9622,147.4265
2020-02-19,31.5043,82.0910,113.5953
2020-02-20,41.9838,84.0791,126.0629
2020-02-21,52.8435,88.3889,141.2323
2020-02-22,64.3598,79.3672,143.7270
2020-02-23,64.2931,77.8096,142.1028
2020-02-24,56.0740,75.5300,131.6040
2020-02-25,59.8809,99.6584,159.5393
2020-02-26,64.1892,82.4080,146.5973
2020-02-27,35.9078,86.5620,122.4698
2020-02-28,30.4410,92.2007,122.6417
2020-02-29,52.3714,114.3776,166.7489
2020-03-01,67.9806,108.2127,176.1932
2020-03-02,52.5702,87.1825,139.7528
2020-03-03,49.8424,83.6252,133.4677
2020-03-04,44.1785,76.1564,120.3349
2020-03-05,64.1035,87.5963,151.6998
2020-03-06,49.1394,101.3230,150.4624
2020-03-07,70.3372,74.9698,145.3070
2020-03-08,77.4876,84.7949,162.2825
2020-03-09,66.5127,73.8853,140.3980
2020-03-10,32.4307,96.0029,128.4337
2020-03-11,38.5009,82.0396,120.5405
2020-03-12,57.1332,87.5225,144.6557
2020-03-13,60.8138,85.5897,146.4034
2020-03-14,35.0185,57.7108,92.7293
2020-03-15,33.3660,84.2132,117.5792
2020-03-16,22.2006,73.1904,95.3910
2020-03-17,36.1750,81.9236,118.0985
2020-03-18,34.9949,65.8266,100.8215
2020-03-19,52.9527,46.6457,99.5984
2020-03-20,70.8175,61.9752,132.7927
2020-03-21,32.4957,76.8641,109.3599
2020-03-22,37.2721,70.0805,107.3526
2020-03-23,28.5087,80.9919,109.5005
2020-03-24,45.1835,75.6628,120.8463
2020-03-25,45.2599,61.1741,106.4340
2020-03-26,49.3791,77.5930,126.9722
2020-03-27,47.3725,67.7769,115.1494
2020-03-28,66.4281,64.6298,131.0578
2020-03-29,56.0769,82.6500,138.7269
2020-03-30,53.4214,78.8780,132.2994
2020-03-31,38.8850,63.5119,102.3969
2020-04-01,64.2324,64.8342,129.0667
2020-04-02,68.3458,83.2068,151.5526
2020-04-03,61.8795,68.2627,130.1422
2020-04-04,33.8952,70.1653,104.0606
2020-04-05,31.4919,86.7400,118.2318
2020-04-06,50.7740,67.0608,117.8348
2020-04-07,48.2779,48.4400,96.7179
2020-04-08,41.9358,45.1135,87.0492
2020-04-09,54.2178,48.5896,102.8074
2020-04-10,49.6973,42.2234,91.9207
2020-04-11,55.1539,45.2172,100.3711
2020-04-12,69.4191,52.6174,122.0364
2020-04-13,70.0639,69.5041,139.5680
2020-04-14,48.8352,67.6603,116.4956
2020-04-15,33.6431,76.2345,109.8776
2020-04-16,50.1625,64.7865,114.9490
2020-04-17,46.9927,52.4211,99.4139
2020-04-18,50.7021,49.8486,100.5507
2020-04-19,56.7789,61.5767,118.3555
2020-04-20,39.1649,77.6309,116.7958
2020-04-21,49.0879,88.3282,137.4161
2020-04-22,63.6231,77.5852,141.2084
2020-04-23,41.6086,45.5788,87.1875
2020-04-24,46.7834,63.6468,110.4303
2020-04-25,41.2942,42.8317,84.1259
2020-04-26,45.9319,39.3250,85.2568
2020-04-27,63.6763,50.6031,114.2794
2020-04-28,59.4128,57.5384,116.9513
2020-04-29,70.2730,70.6920,140.9651
2020-04-30,46.5614,94.6183,141.1796
2020-05-01,66.0651,78.3302,144.3953
2020-05-02,67.3772,61.5115,128.8887
2020-05-03,47.6130,47.3219,94.9349
2020-05-04,59.1647,71.4050,130.5697
2020-05-05,54.5022,56.5252,111.0274
2020-05-06,34.4141,52.5699,86.9841
2020-05-07,54.3203,56.6535,110.9737
2020-05-08,70.9728,50.4809,121.4536
2020-05-09,44.7875,43.8270,88.6145
2020-05-10,54.9274,65.5545,120.4819
2020-05-11,53.5618,86.6087,140.1704
2020-05-12,38.9589,58.4603,97.4192
2020-05-13,59.3388,53.3692,112.7080
2020-05-14,55.7023,57.7646,113.4670
2020-05-15,50.2844,70.9878,121.2723
2020-05-16,34.1723,69.9338,104.1061
2020-05-17,44.1004,66.8068,110.9072
2020-05-18,52.3068,66.8550,119.1618
2020-05-19,50.6005,55.4980,106.0985
2020-05-20,52.0237,40.6600,92.6837
2020-05-21,56.5128,45.9028,102.4156
2020-05-22,47.8754,63.2856,111.1610
2020-05-23,52.6630,76.5582,129.2212
2020-05-24,55.5786,75.0675,130.6461
2020-05-25,39.7589,67.0089,106.7678
2020-05-26,33.4183,52.6159,86.0342
2020-05-27,29.3600,59.2733,88.6333
2020-05-28,42.5661,52.8891,95.4551
2020-05-29,38.5699,45.9014,84.4712
2020-05-30,35.0996,50.7805,85.8801
2020-05-31,44.2632,54.9075,99.1706
2020-06-01,56.9586,48.8552,105.8137
2020-06-02,53.8662,36.5349,90.4011
2020-06-03,40.1060,55.8063,95.9123
2020-06-04,35.0679,68.0825,103.1504
2020-06-05,39.3843,63.4628,102.8472
2020-06-06,55.2217,71.3549,126.5766
2020-06-07,65.0581,59.0645,124.1226
2020-06-08,66.6200,48.9876,115.6076
2020-06-09,65.6869,42.5294,108.2163
2020-06-10,60.5906,41.5180,102.1086
2020-06-11,61.1057,75.0815,136.1872
2020-06-12,43.0234,79.4418,122.4651
2020-06-13,61.3292,66.4765,127.8057
2020-06-14,70.0107,50.5313,120.5420
2020-06-15,67.5371,42.4550,109.9920
2020-06-16,69.1545,38.5962,107.7507
2020-06-17,75.5008,38.9470,114.4478
2020-06-18,64.2140,38.8285,103.0425
2020-06-19,46.3208,36.9935,83.3142
2020-06-20,37.1398,40.5402,77.6801
2020-06-21,48.6915,44.9285,93.6200
2020-06-22,44.8542,47.3283,92.1825
2020-06-23,39.6381,41.9032,81.5413
2020-06-24,30.7794,43.5226,74.3020
2020-06-25,41.2037,52.6290,93.8327
2020-06-26,50.8906,52.3636,103.2541
2020-06-27,53.2262,45.4625,98.6887
2020-06-28,64.5124,55.5167,120.0291
2020-06-29,73.1337,62.4633,135.5970
2020-06-30,68.4826,65.8767,134.3593
2020-07-01,50.6704,53.6726,104.3430
2020-07-02,40.7329,48.1629,88.8958
2020-07-03,33.1835,58.9147,92.0982
2020-07-04,26.6974,77.8724,104.5697
2020-07-05,26.3439,73.5173,99.8611
2020-07-06,26.8480,89.7970,116.6450
2020-07-07,30.0090,63.7010,93.7100
2020-07-08,48.5257,50.7367,99.2624
2020-07-09,57.9312,43.8893,101.8206
2020-07-10,47.2168,64.5165,111.7334
2020-07-11,43.5243,64.9694,108.4937
2020-07-12,41.4429,54.8488,96.2917
2020-07-13,52.8618,56.4811,109.3429
2020-07-14,57.7212,56.2460,113.9672
2020-07-15,46.8585,51.8772,98.7358
2020-07-16,38.7070,47.6809,86.3879
2020-07-17,50.2038,50.1333,100.3371
2020-07-18,64.5494,39.4488,103.9981
2020-07-19,52.5470,41.6561,94.2031
2020-07-20,36.0443,52.5069,88.5512
2020-07-21,32.3589,57.1455,89.5044
2020-07-22,28.0753,42.9890,71.0644
2020-07-23,38.7595,49.3229,88.0823
2020-07-24,48.9340,54.6208,103.5548
2020-07-25,49.1245,49.0643,98.1887
2020-07-26,44.7780,56.7781,101.5561
2020-07-27,33.1098,61.3812,94.4910
2020-07-28,31.6803,81.7663,113.4467
2020-07-29,31.6370,74.7351,106.3720
2020-07-30,42.0400,55.4042,97.4442
2020-07-31,35.7096,44.1410,79.8505
2020-08-01,23.5162,59.6217,83.1379
2020-08-02,34.2672,53.7275,87.9947
2020-08-03,30.9295,46.0993,77.0287
2020-08-04,34.0108,46.4173,80.4282
2020-08-05,42.7640,58.0198,100.7837
2020-08-06,48.0078,48.8752,96.8830
2020-08-07,62.8683,44.6303,107.4986
2020-08-08,59.9443,40.1068,100.0511
2020-08-09,60.6774,47.2992,107.9765
2020-08-10,55.2674,57.5516,112.8190
2020-08-11,43.6311,66.1043,109.7354
2020-08-12,51.9123,63.0141,114.9265
2020-08-13,49.6299,51.1359,100.7658
2020-08-14,44.9941,42.6959,87.6900
2020-08-15,28.7626,48.7773,77.5399
2020-08-16,27.8782,52.1423,80.0205
2020-08-17,30.9520,44.4727,75.4247
2020-08-18,19.2255,40.5473,59.7728
2020-08-19,31.2405,53.7113,84.9518
2020-08-20,47.8091,62.9939,110.8030
2020-08-21,41.9672,68.0747,110.0419
2020-08-22,36.3785,67.6178,103.9963
2020-08-23,30.2602,65.1886,95.4487
2020-08-24,36.6865,46.1204,82.8070
2020-08-25,41.1723,58.0228,99.1952
2020-08-26,47.7996,75.8169,123.6164
2020-08-27,42.2445,49.7758,92.0202
2020-08-28,46.2859,70.3655,116.6514
2020-08-29,45.6678,64.7483,110.4161
2020-08-30,43.3892,57.6673,101.0565
2020-08-31,55.5591,43.7861,99.3452
2020-09-01,39.4904,37.6939,77.1842
2020-09-02,36.5979,44.1144,80.7124
2020-09-03,49.6363,61.1751,110.8115
2020-09-04,32.6846,60.9238,93.6085
2020-09-05,33.3927,74.9771,108.3698
2020-09-06,56.8234,66.9113,123.7346
2020-09-07,57.8460,71.9344,129.7804
2020-09-08,69.9600,72.0894,142.0494
2020-09-09,58.6182,68.3097,126.9279
2020-09-10,36.8190,49.8394,86.6585
2020-09-11,18.1234,54.3785,72.5019
2020-09-12,21.2301,66.4727,87.7028
2020-09-13,18.7047,67.5848,86.2895
2020-09-14,26.5359,50.0701,76.6060
2020-09-15,37.0359,37.4315,74.4674
2020-09-16,35.9482,53.9526,89.9009
2020-09-17,24.3851,58.6677,83.0527
2020-09-18,30.8107,60.8897,91.7004
2020-09-19,46.1941,59.7982,105.9923
2020-09-20,53.7582,44.9005,98.6587
2020-09-21,49.6507,36.3053,85.9560
2020-09-22,35.4177,36.5344,71.9521
2020-09-23,32.0698,59.3966,91.4664
2020-09-24,33.9529,86.3316,120.2846
2020-09-25,51.3218,82.9767,134.2985
2020-09-26,63.7971,81.6630,145.4601
2020-09-27,70.2183,68.2675,138.4859
2020-09-28,66.6608,46.0653,112.7261
2020-09-29,39.6458,37.3893,77.0352
2020-09-30,51.9915,50.5962,102.5877
2020-10-01,55.2666,80.9875,136.2540
2020-10-02,31.7163,96.4420,128.1583
2020-10-03,37.0454,98.4458,135.4912
2020-10-04,27.1995,92.1653,119.3648
2020-10-05,58.5133,83.4376,141.9509
2020-10-06,48.1126,76.5383,124.6509
2020-10-07,45.5339,68.1920,113.7259
2020-10-08,48.2524,76.5578,124.8102
2020-10-09,64.3916,56.5344,120.9260
2020-10-10,46.5405,77.3947,123.9352
2020-10-11,64.8507,79.2602,144.1110
2020-10-12,65.4603,57.5340,122.9943
2020-10-13,53.0860,61.8351,114.9211
2020-10-14,65.2720,88.8721,154.1441
2020-10-15,75.6283,72.3343,147.9626
2020-10-16,54.6339,45.7539,100.3878
2020-10-17,65.2079,36.5967,101.8047
2020-10-18,66.7059,56.9689,123.6748
2020-10-19,26.0803,77.5756,103.6559
2020-10-20,37.7831,99.9310,137.7141
2020-10-21,47.6522,89.7192,137.3714
2020-10-22,63.2033,83.3395,146.5428
2020-10-23,71.8556,70.7168,142.5724
2020-10-24,32.2080,91.0508,123.2588
2020-10-25,48.8216,94.8515,143.6731
2020-10-26,48.6808,85.5562,134.2371
2020-10-27,25.7638,93.3938,119.1576
2020-10-28,39.8021,77.8367,117.6388
2020-10-29,51.3412,73.1109,124.4521
2020-10-30,27.3566,74.1972,101.5538
2020-10-31,60.0309,65.3058,125.3367
2020-11-01,56.4117,76.6110,133.0227
2020-11-02,50.1258,79.1801,129.3058
2020-11-03,61.3845,79.4263,140.8108
2020-11-04,64.6243,78.1052,142.7295
2020-11-05,49.7759,86.2393,136.0151
2020-11-06,42.8391,71.7275,114.5666
2020-11-07,74.6287,58.0801,132.7088
2020-11-08,76.8217,52.2703,129.0920
2020-11-09,78.8415,39.3195,118.1610
2020-11-10,58.8172,37.8287,96.6459
2020-11-11,38.0146,50.6646,88.6792
2020-11-12,42.2024,63.2291,105.4315
2020-11-13,45.9613,55.0884,101.0497
2020-11-14,71.5203,62.4785,133.9988
2020-11-15,71.9449,91.7834,163.7283
2020-11-16,58.9315,75.6886,134.6201
2020-11-17,43.2714,71.4397,114.7111
2020-11-18,76.5508,74.8084,151.3593
2020-11-19,79.1552,89.7086,168.8638
2020-11-20,57.2146,81.3616,138.5762
2020-11-21,29.7248,79.6341,109.3590
2020-11-22,41.9072,70.2728,112.1800
2020-11-23,47.4571,67.3168,114.7739
2020-11-24,74.1388,74.0041,148.1429
2020-11-25,49.7740,63.4574,113.2314
2020-11-26,56.5549,63.5223,120.0771
2020-11-27,50.8505,49.2093,100.0597
2020-11-28,48.9984,49.6705,98.6689
2020-11-29,59.7098,41.4925,101.2023
2020-11-30,60.1100,65.0170,125.1270
2020-12-01,59.1702,66.1119,125.2821
2020-12-02,56.9008,66.3800,123.2808
2020-12-03,62.9296,88.7705,151.7001
2020-12-04,40.5480,100.1355,140.6835
2020-12-05,25.7131,76.6965,102.4096
2020-12-06,33.0205,75.9743,108.9948
2020-12-07,24.5397,98.2226,122.7623
2020-12-08,28.5972,76.2653,104.8625
2020-12-09,46.4227,71.1514,117.5741
2020-12-10,52.5427,79.3358,131.8785
2020-12-11,60.5222,106.8455,167.3678
2020-12-12,53.6963,82.8339,136.5301
2020-12-13,47.0747,64.6313,111.7060
2020-12-14,45.3410,89.4257,134.7666
2020-12-15,45.3506,73.9097,119.2603
2020-12-16,35.2409,68.5353,103.7762
2020-12-17,27.0564,73.4502,100.5066
2020-12-18,72.2169,80.9190,153.1360
2020-12-19,51.5855,77.7109,129.2964
2020-12-20,47.7056,71.5318,119.2373
2020-12-21,58.1527,80.4412,138.5940
2020-12-22,67.2496,76.3878,143.6374
2020-12-23,90.2266,57.2782,147.5048
2020-12-24,80.4622,77.3415,157.8037
2020-12-25,45.5588,79.4890,125.0478
2020-12-26,57.6588,88.4610,146.1198
2020-12-27,58.6471,92.5158,151.1629
2020-12-28,54.8902,86.8040,141.6942
2020-12-29,63.9426,78.5187,142.4613
2020-12-30,77.6024,83.8580,161.4604
2020-12-31,54.1059,74.7085,128.8143
2021-01-01,47.6989,60.0076,107.7066
2021-01-02,29.1952,64.6053,93.8005
2021-01-03,48.3948,83.2609,131.6557
2021-01-04,49.9644,76.3671,126.3315
2021-01-05,43.7749,71.2666,115.0415
2021-01-06,65.4620,56.8384,122.3004
2021-01-07,43.7949,50.3347,94.1296
2021-01-08,21.4131,62.8679,84.2810
2021-01-09,15.9148,60.7091,76.6238
2021-01-10,26.1654,77.5402,103.7056
2021-01-11,41.0729,97.7635,138.8364
2021-01-12,39.7286,91.1790,130.9077
2021-01-13,54.2131,97.1855,151.3986
2021-01-14,72.6527,73.9040,146.5567
2021-01-15,75.8089,61.8226,137.6315
2021-01-16,52.9445,66.6649,119.6094
2021-01-17,48.1916,61.3334,109.5249
2021-01-18,46.0030,72.4013,118.4042
2021-01-19,65.7760,91.0006,156.7767
2021-01-20,55.8850,118.4694,174.3545
2021-01-21,66.0267,117.9070,183.9337
2021-01-22,45.1279,110.1647,155.2925
2021-01-23,39.4616,91.3347,130.7963
2021-01-24,45.5281,75.2505,120.7787
2021-01-25,59.1268,71.9760,131.1028
2021-01-26,55.5873,64.2893,119.8766
2021-01-27,37.8660,76.3801,114.2461
2021-01-28,49.2181,74.3659,123.5841
2021-01-29,64.5170,101.1052,165.6222
2021-01-30,77.1718,85.1359,162.3077
2021-01-31,66.7452,78.1735,144.9187
2021-02-01,36.6867,84.9723,121.6591
2021-02-02,45.3467,77.7383,123.0850
2021-02-03,60.4417,97.4935,157.9352
2021-02-04,88.3568,72.7790,161.1357
2021-02-05,70.4439,84.4748,154.9186
2021-02-06,71.3901,91.3227,162.7129
2021-02-07,47.4405,95.7940,143.2346
2021-02-08,37.1087,108.0053,145.1140
2021-02-09,24.9126,97.5155,122.4281
2021-02-10,23.9362,83.2531,107.1892
2021-02-11,27.8388,64.8952,92.7340
2021-02-12,40.1772,82.8730,123.0503
2021-02-13,26.6925,64.2250,90.9175
2021-02-14,43.1494,84.9610,128.1104
2021-02-15,32.1048,90.7135,122.8183
2021-02-16,31.5297,84.0299,115.5596
2021-02-17,23.1433,90.7872,113.9304
2021-02-18,22.4754,99.0005,121.4759
2021-02-19,26.9829,98.0684,125.0513
2021-02-20,48.1683,99.7729,147.9412
2021-02-21,68.3941,78.1812,146.5752
2021-02-22,67.8448,78.6108,146.4556
2021-02-23,67.1253,84.7715,151.8968
2021-02-24,76.0781,99.8485,175.9266
2021-02-25,50.8556,72.2721,123.1277
2021-02-26,58.7213,63.2124,121.9337
2021-02-27,59.3652,60.2365,119.6018
2021-02-28,78.3188,58.7844,137.1032
2021-03-01,60.7392,57.6771,118.4163
2021-03-02,57.1926,50.6970,107.8895
2021-03-03,49.7560,45.2999,95.0559
2021-03-04,60.6369,58.0441,118.6810
2021-03-05,62.5933,59.7278,122.3211
2021-03-06,46.8286,64.5940,111.4226
2021-03-07,73.1844,58.6441,131.8285
2021-03-08,77.1754,56.2609,133.4363
2021-03-09,82.8071,54.1934,137.0005
2021-03-10,87.7302,77.3157,165.0458
2021-03-11,73.4020,104.2472,177.6492
2021-03-12,52.1388,100.9305,153.0693
2021-03-13,62.6713,97.2036,159.8750
2021-03-14,79.9052,92.9567,172.8620
2021-03-15,74.2182,100.2277,174.4459
2021-03-16,39.6856,92.7293,132.4149
2021-03-17,59.6136,89.5674,149.1810
2021-03-18,78.3141,75.5349,153.8489
2021-03-19,51.4209,80.8029,132.2238
2021-03-20,65.0458,91.4969,156.5427
2021-03-21,89.6063,98.9338,188.5401
2021-03-22,76.3591,76.3606,152.7197
2021-03-23,69.6162,52.3793,121.9955
2021-03-24,76.2673,56.0910,132.3582
2021-03-25,46.1264,52.2239,98.3504
2021-03-26,58.0149,77.8331,135.8480
2021-03-27,58.6710,81.1937,139.8646
2021-03-28,70.8924,88.0727,158.9651
2021-03-29,86.1831,94.7988,180.9819
2021-03-30,93.4276,68.8865,162.3141
2021-03-31,81.4432,61.9872,143.4303
2021-04-01,53.4114,73.0328,126.4442
2021-04-02,79.5605,69.1920,148.7525
2021-04-03,76.0927,77.0492,153.1419
2021-04-04,57.0346,73.4194,130.4541
2021-04-05,81.6441,79.9949,161.6391
2021-04-06,88.0479,103.0907,191.1386
2021-04-07,78.2924,94.8680,173.1604
2021-04-08,61.4386,79.4988,140.9373
2021-04-09,71.6075,68.4740,140.0814
2021-04-10,67.0328,48.5725,115.6053
2021-04-11,63.4717,82.8500,146.3217
2021-04-12,73.0270,72.2202,145.2473
2021-04-13,73.9468,63.0428,136.9896
2021-04-14,57.0767,57.4500,114.5267
2021-04-15,42.7398,61.7013,104.4411
2021-04-16,36.5807,70.6259,107.2067
2021-04-17,59.0109,65.6549,124.6658
2021-04-18,37.0347,46.3092,83.3439
2021-04-19,59.8579,45.1593,105.0172
2021-04-20,63.9158,40.7413,104.6571
2021-04-21,49.0565,58.2411,107.2976
2021-04-22,66.1786,65.0792,131.2579
2021-04-23,74.4827,72.2076,146.6903
2021-04-24,58.4791,70.9484,129.4275
2021-04-25,69.8446,56.1986,126.0432
2021-04-26,85.4322,46.2788,131.7110
2021-04-27,81.7029,56.3601,138.0630
2021-04-28,58.9933,57.6674,116.6606
2021-04-29,62.5412,65.6478,128.1890
2021-04-30,53.8507,46.5922,100.4429
2021-05-01,62.5606,55.7522,118.3127
2021-05-02,69.6848,61.6084,131.2932
2021-05-03,72.9585,64.3821,137.3406
2021-05-04,72.3757,81.0720,153.4477
2021-05-05,39.2250,78.8757,118.1007
2021-05-06,52.8529,65.4679,118.3208
2021-05-07,66.5625,64.8694,131.4318
2021-05-08,81.5626,76.1551,157.7176
2021-05-09,72.9931,81.9314,154.9245
2021-05-10,48.6725,75.5841,124.2566
2021-05-11,44.3578,72.1398,116.4975
2021-05-12,42.4784,73.0610,115.5394
2021-05-13,39.8492,62.5086,102.3578
2021-05-14,64.0162,61.5546,125.5707
2021-05-15,59.2889,69.4351,128.7240
2021-05-16,48.0161,66.5639,114.5801
2021-05-17,58.9332,52.4060,111.3392
2021-05-18,65.5481,64.4543,130.0025
2021-05-19,52.5546,55.1438,107.6984
2021-05-20,60.0919,56.1202,116.2120
2021-05-21,79.1019,85.8904,164.9923
2021-05-22,67.6117,75.0976,142.7092
2021-05-23,60.7768,63.3098,124.0866
2021-05-24,72.3086,70.8191,143.1277
2021-05-25,74.7290,68.9562,143.6852
2021-05-26,64.2198,69.4050,133.6248
2021-05-27,75.7978,56.6192,132.4170
2021-05-28,71.0887,44.3346,115.4233
2021-05-29,50.9317,48.1812,99.1129
2021-05-30,47.4186,44.5307,91.9493
2021-05-31,44.1212,50.0758,94.1970
2021-06-01,26.7853,51.4803,78.2656
2021-06-02,26.0580,63.3074,89.3654
2021-06-03,37.8906,62.5181,100.4087
2021-06-04,50.9692,48.2364,99.2055
2021-06-05,64.7277,42.8130,107.5407
2021-06-06,77.1967,50.4755,127.6723
2021-06-07,56.9448,45.2546,102.1995
2021-06-08,51.6863,42.7426,94.4289
2021-06-09,49.5781,45.3529,94.9310
2021-06-10,51.1397,48.5294,99.6690
2021-06-11,69.4777,64.5716,134.0493
2021-06-12,49.3034,72.0096,121.3129
2021-06-13,38.6752,54.0546,92.7298
2021-06-14,39.0898,55.0133,94.1031
2021-06-15,30.5013,47.0581,77.5594
2021-06-16,47.9198,49.8414,97.7612
2021-06-17,54.1503,54.9662,109.1166
2021-06-18,53.5927,57.4804,111.0731
2021-06-19,51.0221,52.8304,103.8525
2021-06-20,66.4534,73.2911,139.7445
2021-06-21,80.4291,71.1790,151.6081
2021-06-22,43.0525,58.9762,102.0286
2021-06-23,74.2616,50.0414,124.3031
2021-06-24,80.2040,47.7518,127.9558
2021-06-25,62.9110,46.3232,109.2342
2021-06-26,59.7837,48.4092,108.1929
2021-06-27,40.9125,53.9869,94.8994
2021-06-28,25.7160,57.8861,83.6021
2021-06-29,22.3932,58.4841,80.8773
2021-06-30,23.3204,51.0281,74.3486
2021-07-01,28.9264,50.2024,79.1288
2021-07-02,30.0042,47.5326,77.5368
2021-07-03,31.8167,46.1273,77.9439
2021-07-04,47.5436,51.7122,99.2558
2021-07-05,45.4175,58.5893,104.0068
2021-07-06,36.5472,77.9254,114.4726
2021-07-07,32.7457,55.9170,88.6627
2021-07-08,26.3864,46.7967,73.1831
2021-07-09,46.8296,50.5094,97.3390
2021-07-10,50.5808,50.3266,100.9074
2021-07-11,47.8291,50.1118,97.9409
2021-07-12,31.4007,69.3490,100.7497
2021-07-13,42.2452,55.6279,97.8731
2021-07-14,58.3857,66.8048,125.1905
2021-07-15,59.0265,75.7837,134.8102
2021-07-16,47.9270,66.2533,114.1802
2021-07-17,45.0537,55.4494,100.5032
2021-07-18,30.5430,61.0900,91.6330
2021-07-19,23.7549,49.9893,73.7443
2021-07-20,28.6170,43.8844,72.5014
2021-07-21,33.7783,43.1083,76.8867
2021-07-22,49.1641,50.1105,99.2746
2021-07-23,60.2889,56.0515,116.3403
2021-07-24,54.5085,57.7091,112.2176
2021-07-25,36.9712,52.8209,89.7921
2021-07-26,35.0232,44.7339,79.7572
2021-07-27,37.6302,51.5289,89.1590
2021-07-28,37.8900,71.8595,109.7495
2021-07-29,40.6880,81.6210,122.3090
2021-07-30,32.4238,68.6023,101.0261
2021-07-31,37.4370,81.3016,118.7385
2021-08-01,45.8715,50.7635,96.6350
2021-08-02,25.8957,52.8966,78.7923
2021-08-03,22.4931,42.0505,64.5436
2021-08-04,31.0317,44.7973,75.8290
2021-08-05,35.7045,55.0675,90.7720
2021-08-06,48.1198,69.5767,117.6965
2021-08-07,68.6322,62.2739,130.9061
2021-08-08,68.0619,62.8153,130.8772
2021-08-09,61.7158,62.4288,124.1446
2021-08-10,71.2825,46.8505,118.1330
2021-08-11,70.7241,42.3603,113.0844
2021-08-12,66.7195,49.2599,115.9794
2021-08-13,42.3199,59.2928,101.6127
2021-08-14,29.4721,63.7306,93.2027
2021-08-15,36.6502,57.7278,94.3780
2021-08-16,42.6891,91.6979,134.3870
2021-08-17,45.3487,90.0022,135.3509
2021-08-18,43.8018,87.2412,131.0430
2021-08-19,46.4047,59.0327,105.4374
2021-08-20,60.7609,43.1432,103.9041
2021-08-21,59.6972,42.5784,102.2756
2021-08-22,55.3993,58.5678,113.9671
2021-08-23,59.9254,69.6510,129.5764
2021-08-24,63.4606,56.9499,120.4105
2021-08-25,48.9004,64.4220,113.3223
2021-08-26,48.1631,60.8717,109.0348
2021-08-27,49.9275,69.8298,119.7573
2021-08-28,54.4983,73.0634,127.5617
2021-08-29,46.7118,56.6467,103.3584
2021-08-30,25.0266,51.4865,76.5131
2021-08-31,37.9271,50.9574,88.8845
2021-09-01,54.2012,42.9854,97.1866
2021-09-02,62.0939,37.1067,99.2006
2021-09-03,53.1404,42.2166,95.3570
2021-09-04,41.2055,38.3981,79.6037
2021-09-05,32.9517,45.3800,78.3317
2021-09-06,35.9606,48.4366,84.3972
2021-09-07,61.2728,56.3709,117.6438
2021-09-08,55.1583,51.5947,106.7530
2021-09-09,33.7603,48.5799,82.3402
2021-09-10,52.4904,40.8320,93.3224
2021-09-11,63.1769,42.5435,105.7203
2021-09-12,60.6389,48.4620,109.1008
2021-09-13,55.5287,49.6498,105.1785
2021-09-14,52.3499,46.0670,98.4169
2021-09-15,35.4211,47.1571,82.5783
2021-09-16,58.9566,62.3404,121.2970
2021-09-17,57.0120,44.3123,101.3243
2021-09-18,39.9927,52.1765,92.1692
2021-09-19,58.2153,56.5386,114.7539
2021-09-20,74.3819,57.0122,131.3940
2021-09-21,70.5997,69.1733,139.7730
2021-09-22,45.2160,62.2771,107.4930
2021-09-23,54.4031,84.3416,138.7447
2021-09-24,62.9004,72.2605,135.1610
2021-09-25,47.2110,47.8429,95.0539
2021-09-26,63.3112,47.2736,110.5848
2021-09-27,62.0619,59.2835,121.3454
2021-09-28,56.5585,49.5001,106.0587
2021-09-29,61.0494,80.0393,141.0887
2021-09-30,44.9475,77.1494,122.0969
2021-10-01,26.4206,72.8564,99.2769
2021-10-02,22.8401,76.6228,99.4629
2021-10-03,23.2927,86.5618,109.8545
2021-10-04,18.0150,79.9312,97.9462
2021-10-05,28.9185,78.3342,107.2527
2021-10-06,39.3549,58.8986,98.2535
2021-10-07,44.2762,43.2712,87.5473
2021-10-08,46.7398,46.1691,92.9090
2021-10-09,69.6425,54.2798,123.9224
2021-10-10,81.7947,59.0587,140.8534
2021-10-11,58.7207,75.3941,134.1148
2021-10-12,67.6347,73.5854,141.2201
2021-10-13,70.4698,67.7103,138.1800
2021-10-14,54.4831,66.5938,121.0769
2021-10-15,56.6336,68.8013,125.4349
2021-10-16,55.6590,49.0555,104.7145
2021-10-17,41.7638,46.2628,88.0266
2021-10-18,69.5929,56.5219,126.1148
2021-10-19,80.2901,87.6246,167.9148
2021-10-20,67.2404,96.3978,163.6382
2021-10-21,49.3738,86.2209,135.5947
2021-10-22,33.2596,89.5594,122.8190
2021-10-23,57.8311,58.1869,116.0180
2021-10-24,71.1175,63.0880,134.2054
2021-10-25,52.2260,60.9676,113.1937
2021-10-26,84.1745,65.2174,149.3919
2021-10-27,83.0447,66.8079,149.8526
2021-10-28,76.2956,75.9412,152.2368
2021-10-29,78.7989,84.2684,163.0672
2021-10-30,43.1110,83.2709,126.3818
2021-10-31,70.1390,87.9529,158.0919
2021-11-01,48.3401,90.7575,139.0975
2021-11-02,36.8810,66.3582,103.2392
2021-11-03,26.4033,57.2498,83.6530
2021-11-04,29.0712,65.9723,95.0434
2021-11-05,60.6186,83.4260,144.0446
2021-11-06,58.7164,94.3735,153.0899
2021-11-07,73.9252,100.2281,174.1533
2021-11-08,75.6465,78.2898,153.9363
2021-11-09,51.3602,78.0926,129.4528
2021-11-10,69.9413,50.6237,120.5650
2021-11-11,71.5625,40.4467,112.0092
2021-11-12,82.9925,61.5493,144.5417
2021-11-13,57.2583,51.5670,108.8253
2021-11-14,68.6102,63.2481,131.8583
2021-11-15,44.1219,63.9989,108.1208
2021-11-16,82.1254,56.5471,138.6725
2021-11-17,94.1493,90.2247,184.3740
2021-11-18,81.8888,90.9072,172.7959
2021-11-19,68.9747,82.0111,150.9858
2021-11-20,67.7254,66.9193,134.6447
2021-11-21,65.4787,63.9148,129.3935
2021-11-22,44.7303,68.2372,112.9675
2021-11-23,67.3863,72.6036,139.9899
2021-11-24,96.9935,67.9995,164.9931
2021-11-25,79.7580,84.2619,164.0200
2021-11-26,57.2233,92.1080,149.3312
2021-11-27,64.3060,92.7525,157.0585
2021-11-28,52.7651,89.9960,142.7611
2021-11-29,59.2709,84.4668,143.7377
2021-11-30,59.9022,84.2853,144.1875
2021-12-01,55.8057,106.6375,162.4432
2021-12-02,56.5598,99.7150,156.2749
2021-12-03,56.7380,110.7359,167.4739
2021-12-04,50.6689,84.4134,135.0823
2021-12-05,72.7524,104.1399,176.8923
2021-12-06,85.0554,95.6913,180.7466
2021-12-07,48.6603,101.7635,150.4238
2021-12-08,33.8702,119.7368,153.6070
2021-12-09,79.0327,97.0831,176.1158
2021-12-10,80.2943,92.1342,172.4285
2021-12-11,82.6152,74.4779,157.0930
2021-12-12,90.9617,67.8151,158.7768
2021-12-13,71.4346,67.1326,138.5671
2021-12-14,78.7121,54.6299,133.3420
2021-12-15,97.2396,72.0472,169.2869
2021-12-16,77.1735,55.0434,132.2169
2021-12-17,53.0366,51.8062,104.8428
2021-12-18,59.6931,59.9715,119.6646
2021-12-19,51.5411,74.4869,126.0280
2021-12-20,65.1141,50.6270,115.7410
2021-12-21,44.4003,50.2460,94.6463
2021-12-22,46.8169,56.8509,103.6678
2021-12-23,68.8081,68.7024,137.5105
2021-12-24,89.9748,71.7588,161.7336
2021-12-25,64.6084,55.2986,119.9071
2021-12-26,58.7051,76.9754,135.6805
2021-12-27,74.6945,101.1667,175.8612
2021-12-28,66.7254,95.7254,162.4509
2021-12-29,42.0380,68.6520,110.6900
2021-12-30,33.4036,83.5314,116.9350
2021-12-31,57.0376,86.3964,143.4340
2022-01-01,74.8988,75.1054,150.0042
2022-01-02,61.2162,80.7103,141.9264
2022-01-03,45.8881,93.6102,139.4983
2022-01-04,91.2624,95.1137,186.3761
2022-01-05,88.0855,108.6591,196.7445
2022-01-06,78.1280,79.4730,157.6010
2022-01-07,47.4826,95.6451,143.1277
2022-01-08,91.7729,98.4519,190.2248
2022-01-09,82.2393,104.3602,186.5995
2022-01-10,46.3629,71.9700,118.3329
2022-01-11,67.0084,78.5161,145.5245
2022-01-12,59.9333,78.4362,138.3696
2022-01-13,33.9048,79.8916,113.7965
2022-01-14,54.1950,64.6505,118.8454
2022-01-15,83.2059,45.9630,129.1689
2022-01-16,53.6780,67.0846,120.7626
2022-01-17,46.5928,77.2974,123.8902
2022-01-18,81.8652,55.0581,136.9233
2022-01-19,94.8108,83.3284,178.1392
2022-01-20,70.0965,101.9746,172.0711
2022-01-21,55.8077,106.7336,162.5413
2022-01-22,60.5292,69.7664,130.2956
2022-01-23,48.3851,50.2376,98.6227
2022-01-24,60.3558,51.9642,112.3200
2022-01-25,53.1761,53.4973,106.6734
2022-01-26,57.8325,76.1650,133.9975
2022-01-27,65.0853,90.0643,155.1496
2022-01-28,57.5959,93.5885,151.1844
2022-01-29,52.3624,89.1457,141.5081
2022-01-30,54.4361,80.4517,134.8878
2022-01-31,53.8917,96.6690,150.5607
2022-02-01,87.6814,113.5477,201.2291
2022-02-02,87.2929,85.3815,172.6745
2022-02-03,80.1868,76.4055,156.5923
2022-02-04,64.4882,83.4009,147.8891
2022-02-05,63.2364,96.8809,160.1173
2022-02-06,80.0987,88.5869,168.6856
2022-02-07,51.5978,101.4036,153.0014
2022-02-08,72.2877,93.1547,165.4424
2022-02-09,74.0012,80.0355,154.0367
2022-02-10,61.3046,65.8529,127.1575
2022-02-11,92.0189,66.5757,158.5945
2022-02-12,76.3111,71.4347,147.7458
2022-02-13,43.4648,99.0233,142.4881
2022-02-14,57.7423,107.9169,165.6592
2022-02-15,85.4709,95.2670,180.7378
2022-02-16,103.4938,113.2607,216.7545
2022-02-17,98.0526,96.1484,194.2009
2022-02-18,66.1617,89.3638,155.5255
2022-02-19,67.8150,96.5605,164.3755
2022-02-20,96.5185,88.0499,184.5684
2022-02-21,95.8500,105.0035,200.8535
2022-02-22,91.2520,99.8143,191.0663
2022-02-23,77.0559,85.0710,162.1270
2022-02-24,28.0912,88.3673,116.4585
2022-02-25,37.2041,106.3889,143.5930
2022-02-26,47.2613,59.5822,106.8435
2022-02-27,50.9148,64.3798,115.2946
2022-02-28,52.3149,70.4529,122.7677
2022-03-01,43.9145,60.6553,104.5698
2022-03-02,34.3567,62.5792,96.9359
2022-03-03,52.8878,67.4241,120.3119
2022-03-04,80.7423,79.9883,160.7305
2022-03-05,90.1490,60.5967,150.7457
2022-03-06,90.8515,53.3698,144.2213
2022-03-07,81.9026,52.7580,134.6605
2022-03-08,52.3362,71.5672,123.9034
2022-03-09,57.4343,71.4645,128.8988
2022-03-10,61.6531,86.9135,148.5666
2022-03-11,83.3910,98.5934,181.9844
2022-03-12,70.7818,92.6231,163.4049
2022-03-13,86.0421,79.0799,165.1221
2022-03-14,87.6332,88.9351,176.5683
2022-03-15,61.7799,70.9437,132.7236
2022-03-16,78.1125,75.1356,153.2482
2022-03-17,83.0651,100.9950,184.0601
2022-03-18,82.6358,71.9109,154.5466
2022-03-19,51.2889,76.2810,127.5699
2022-03-20,74.6871,91.6609,166.3480
2022-03-21,96.4124,81.1191,177.5315
2022-03-22,89.3243,75.0966,164.4209
2022-03-23,93.5051,68.7025,162.2076
2022-03-24,69.8548,61.2419,131.0967
2022-03-25,60.0118,61.9284,121.9402
2022-03-26,77.0081,58.3184,135.3265
2022-03-27,73.3014,54.5014,127.8028
2022-03-28,73.2260,63.9576,137.1836
2022-03-29,100.5945,47.1552,147.7497
2022-03-30,100.9844,63.8199,164.8043
2022-03-31,73.4356,100.0824,173.5180
2022-04-01,61.0948,106.5641,167.6590
2022-04-02,54.9972,83.4634,138.4606
2022-04-03,70.1518,85.3114,155.4632
2022-04-04,70.2638,107.4911,177.7549
2022-04-05,72.3519,76.1901,148.5420
2022-04-06,94.0544,94.3677,188.4221
2022-04-07,91.3794,115.0706,206.4500
2022-04-08,79.1727,104.5812,183.7539
2022-04-09,72.8055,84.8167,157.6222
2022-04-10,91.6469,88.9613,180.6082
2022-04-11,75.1349,87.9323,163.0672
2022-04-12,84.1566,81.8222,165.9788
2022-04-13,95.8937,65.3505,161.2442
2022-04-14,82.6748,62.3350,145.0098
2022-04-15,90.4857,50.9592,141.4449
2022-04-16,79.9936,61.3218,141.3154
2022-04-17,51.9690,57.6162,109.5852
2022-04-18,70.2923,65.0265,135.3187
2022-04-19,84.2986,75.6752,159.9738
2022-04-20,92.3609,82.8336,175.1945
2022-04-21,75.2080,72.5297,147.7377
2022-04-22,97.9560,81.0393,178.9953
2022-04-23,104.0213,99.4484,203.4697
2022-04-24,93.0975,73.4510,166.5484
2022-04-25,85.8645,50.3182,136.1827
2022-04-26,57.5255,43.3814,100.9069
2022-04-27,84.4562,41.6847,126.1410
2022-04-28,92.8356,53.8211,146.6567
2022-04-29,100.4601,55.5200,155.9801
2022-04-30,93.5128,51.5400,145.0528
2022-05-01,85.0918,45.6450,130.7367
2022-05-02,79.8371,56.0943,135.9315
2022-05-03,71.8677,60.6131,132.4808
2022-05-04,52.0474,53.3615,105.4089
2022-05-05,60.4734,58.6915,119.1649
2022-05-06,47.8281,62.6879,110.5161
2022-05-07,78.8813,57.8667,136.7480
2022-05-08,90.5513,50.0049,140.5562
2022-05-09,102.2687,50.4005,152.6692
2022-05-10,89.8626,69.0847,158.9473
2022-05-11,76.5374,76.4516,152.9890
2022-05-12,89.4734,69.4159,158.8893
2022-05-13,73.1667,65.3103,138.4770
2022-05-14,51.3086,58.0486,109.3572
2022-05-15,59.9982,61.4940,121.4921
2022-05-16,63.3500,67.2232,130.5732
2022-05-17,79.9221,54.3018,134.2240
2022-05-18,71.8604,62.8393,134.6997
2022-05-19,73.1802,71.0567,144.2369
2022-05-20,94.8099,68.6258,163.4357
2022-05-21,78.1006,72.6430,150.7436
2022-05-22,61.0463,49.9063,110.9526
2022-05-23,50.6093,77.7490,128.3582
2022-05-24,60.4495,74.5030,134.9526
2022-05-25,79.8467,81.1035,160.9502
2022-05-26,65.1926,92.5395,157.7321
2022-05-27,50.7319,91.4045,142.1364
2022-05-28,86.3525,79.2197,165.5723
2022-05-29,100.3926,69.1705,169.5631
2022-05-30,105.5259,45.0171,150.5430
2022-05-31,97.4486,42.2506,139.6992
2022-06-01,67.1197,52.2959,119.4156
2022-06-02,48.5541,56.5950,105.1491
2022-06-03,44.6160,51.4045,96.0205
2022-06-04,46.8145,49.0940,95.9085
2022-06-05,62.5089,56.3402,118.8491
2022-06-06,60.6439,69.4087,130.0526
2022-06-07,48.8292,65.1243,113.9535
2022-06-08,57.7645,55.1122,112.8767
2022-06-09,40.3896,59.7086,100.0982
2022-06-10,46.0016,60.7248,106.7264
2022-06-11,57.5318,65.3322,122.8640
2022-06-12,67.6845,67.4947,135.1792
2022-06-13,88.6556,67.3912,156.0468
2022-06-14,99.6192,52.0761,151.6953
2022-06-15,88.6208,47.8527,136.4735
2022-06-16,85.4117,49.9875,135.3992
2022-06-17,64.4783,63.7887,128.2670
2022-06-18,77.0286,66.4935,143.5220
2022-06-19,83.0852,63.3948,146.4800
2022-06-20,86.9103,59.3187,146.2290
2022-06-21,77.2009,53.1774,130.3783
2022-06-22,48.1758,44.6563,92.8321
2022-06-23,54.7373,60.0008,114.7381
2022-06-24,71.7079,65.6263,137.3341
2022-06-25,73.9598,51.3383,125.2981
2022-06-26,76.3988,50.0853,126.4840
2022-06-27,49.6773,60.7252,110.4025
2022-06-28,48.7255,47.4477,96.1732
2022-06-29,54.4458,61.1584,115.6042
2022-06-30,74.1748,63.7087,137.8835
2022-07-01,57.1166,63.4350,120.5516
2022-07-02,49.4724,60.7315,110.2039
2022-07-03,57.4655,57.8252,115.2907
2022-07-04,74.9193,67.5100,142.4293
2022-07-05,71.0401,75.1483,146.1884
2022-07-06,57.7903,78.8100,136.6003
2022-07-07,47.0595,86.5951,133.6546
2022-07-08,44.4354,70.5581,114.9935
2022-07-09,42.1442,70.2789,112.4231
2022-07-10,52.0823,61.7887,113.8710
2022-07-11,56.6972,51.6745,108.3717
2022-07-12,59.8482,53.4182,113.2664
2022-07-13,37.2613,57.6624,94.9237
2022-07-14,50.3399,65.2859,115.6258
2022-07-15,53.8016,66.4283,120.2299
2022-07-16,47.6455,61.1558,108.8013
2022-07-17,42.7256,51.9066,94.6322
2022-07-18,44.2729,62.6290,106.9019
2022-07-19,76.5029,66.3125,142.8154
2022-07-20,78.6548,70.4927,149.1474
2022-07-21,59.0686,65.2426,124.3112
2022-07-22,62.0645,63.0301,125.0945
2022-07-23,77.2852,50.4381,127.7234
2022-07-24,74.0438,59.3237,133.3674
2022-07-25,56.2322,72.6872,128.9194
2022-07-26,52.9660,73.7614,126.7274
2022-07-27,51.8311,65.2479,117.0791
2022-07-28,54.7187,49.9481,104.6668
2022-07-29,44.0668,56.8688,100.9355
2022-07-30,45.2240,54.3518,99.5758
2022-07-31,61.2273,53.3139,114.5411
2022-08-01,60.8819,53.9230,114.8049
2022-08-02,75.2752,59.9342,135.2094
2022-08-03,83.3339,60.6334,143.9673
2022-08-04,59.0487,59.7897,118.8384
2022-08-05,55.0510,64.9422,119.9932
2022-08-06,66.8305,56.7153,123.5458
2022-08-07,60.2718,50.7310,111.0028
2022-08-08,50.9008,48.7847,99.6855
2022-08-09,34.5711,52.8568,87.4279
2022-08-10,29.7933,52.8429,82.6362
2022-08-11,34.3456,51.5247,85.8703
2022-08-12,49.5357,50.2371,99.7728
2022-08-13,50.7732,53.9218,104.6950
2022-08-14,38.7497,61.5980,100.3476
2022-08-15,47.1504,55.3555,102.5059
2022-08-16,40.5994,57.6441,98.2434
2022-08-17,32.2783,60.7711,93.0495
2022-08-18,36.8756,61.2479,98.1235
2022-08-19,43.4800,51.2512,94.7313
2022-08-20,48.5598,44.0713,92.6311
2022-08-21,36.8180,52.3823,89.2003
2022-08-22,35.2344,54.0706,89.3051
2022-08-23,28.9221,49.3751,78.2972
2022-08-24,30.2359,48.8212,79.0572
2022-08-25,26.8384,65.8739,92.7123
2022-08-26,32.7132,65.5151,98.2283
2022-08-27,65.2129,52.7383,117.9513
2022-08-28,75.1773,62.4839,137.6612
2022-08-29,66.4419,50.9928,117.4347
2022-08-30,45.8896,46.9794,92.8690
2022-08-31,32.6601,52.7879,85.4480
2022-09-01,33.1373,46.0889,79.2262
2022-09-02,47.3936,62.3389,109.7324
2022-09-03,43.2256,67.7499,110.9754
2022-09-04,35.1045,65.4967,100.6012
2022-09-05,38.0167,74.3034,112.3201
2022-09-06,35.7999,73.3726,109.1725
2022-09-07,30.7325,55.6408,86.3733
2022-09-08,47.2103,55.8370,103.0473
2022-09-09,51.5801,47.0347,98.6148
2022-09-10,43.8240,37.0972,80.9212
2022-09-11,42.4611,38.5163,80.9774
2022-09-12,33.2914,61.5909,94.8823
2022-09-13,43.4301,77.6984,121.1285
2022-09-14,66.0991,54.6510,120.7501
2022-09-15,75.9424,62.1068,138.0492
2022-09-16,70.2042,83.7732,153.9774
2022-09-17,73.3645,81.8274,155.1919
2022-09-18,62.3092,74.4055,136.7147
2022-09-19,57.4214,68.5221,125.9435
2022-09-20,65.7941,48.2772,114.0713
2022-09-21,70.4884,38.0050,108.4934
2022-09-22,57.3819,39.5313,96.9132
2022-09-23,55.9057,46.5639,102.4697
2022-09-24,54.8773,61.1645,116.0417
2022-09-25,65.0981,54.2083,119.3064
2022-09-26,59.4163,76.3757,135.7919
2022-09-27,45.4415,69.1910,114.6325
2022-09-28,52.2030,58.3948,110.5978
2022-09-29,60.9464,59.5880,120.5344
2022-09-30,61.5127,66.7832,128.2959
2022-10-01,56.9909,73.9393,130.9302
2022-10-02,52.7389,75.1489,127.8877
2022-10-03,51.8593,48.1045,99.9638
2022-10-04,43.6030,59.0186,102.6216
2022-10-05,32.8961,78.7309,111.6270
2022-10-06,41.4253,77.6004,119.0257
2022-10-07,43.1043,67.5324,110.6366
2022-10-08,41.9700,69.6089,111.5789
2022-10-09,41.9254,57.1952,99.1206
2022-10-10,38.3039,61.0334,99.3373
2022-10-11,82.2614,44.3114,126.5728
2022-10-12,84.3310,43.5933,127.9243
2022-10-13,67.9601,45.1145,113.0746
2022-10-14,62.9916,48.3927,111.3843
2022-10-15,71.4741,62.3508,133.8249
2022-10-16,69.4161,76.5951,146.0112
2022-10-17,73.4553,77.4245,150.8798
2022-10-18,57.9987,76.6107,134.6094
2022-10-19,45.2005,70.7922,115.9928
2022-10-20,56.9789,95.0601,152.0390
2022-10-21,72.2743,65.1232,137.3975
2022-10-22,91.4551,69.1314,160.5866
2022-10-23,102.8978,76.2019,179.0997
2022-10-24,90.0871,78.6570,168.7442
2022-10-25,71.3528,78.5945,149.9473
2022-10-26,52.9229,66.5541,119.4770
2022-10-27,77.2976,88.3553,165.6529
2022-10-28,60.8941,77.4916,138.3857
2022-10-29,47.4268,60.3970,107.8238
2022-10-30,27.0626,45.5788,72.6413
2022-10-31,25.0785,62.3214,87.3999
2022-11-01,54.5722,72.7941,127.3663
2022-11-02,85.3687,73.9904,159.3591
2022-11-03,96.6764,88.9070,185.5835
2022-11-04,95.0180,81.4427,176.4608
2022-11-05,78.2147,68.9580,147.1727
2022-11-06,88.0062,81.6690,169.6752
2022-11-07,61.9699,88.4182,150.3880
2022-11-08,86.2427,94.5529,180.7956
2022-11-09,92.1433,82.7091,174.8524
2022-11-10,93.1596,77.2233,170.3828
2022-11-11,90.2280,84.2126,174.4406
2022-11-12,62.0315,60.2176,122.2491
2022-11-13,55.5499,60.0568,115.6067
2022-11-14,56.1360,77.0634,133.1994
2022-11-15,41.4858,93.2239,134.7098
2022-11-16,52.4782,103.7569,156.2352
2022-11-17,65.5439,104.3114,169.8553
2022-11-18,84.1681,89.6827,173.8508
2022-11-19,79.0472,84.5759,163.6231
2022-11-20,63.3405,66.1016,129.4421
2022-11-21,63.5167,94.7373,158.2540
2022-11-22,46.1896,116.2125,162.4021
2022-11-23,56.5368,103.9922,160.5290
2022-11-24,68.1742,74.8116,142.9858
2022-11-25,75.4237,77.7424,153.1660
2022-11-26,70.6194,59.8876,130.5070
2022-11-27,69.8260,74.1833,144.0093
2022-11-28,67.3902,88.9577,156.3479
2022-11-29,92.1790,58.8615,151.0405
2022-11-30,87.7910,41.9925,129.7835
2022-12-01,77.0020,55.9082,132.9102
2022-12-02,95.3016,65.0121,160.3138
2022-12-03,74.1086,62.3145,136.4231
2022-12-04,53.2248,60.4445,113.6693
2022-12-05,72.2039,65.0077,137.2116
2022-12-06,48.3115,43.2305,91.5420
2022-12-07,32.2167,59.7819,91.9985
2022-12-08,43.2789,58.3518,101.6307
2022-12-09,39.5212,61.4876,101.0088
2022-12-10,35.2557,64.9673,100.2230
2022-12-11,29.0578,57.1953,86.2531
2022-12-12,70.3210,80.9688,151.2898
2022-12-13,92.5923,79.7858,172.3780
2022-12-14,78.6576,74.2198,152.8774
2022-12-15,60.4852,71.2843,131.7696
2022-12-16,76.9017,53.9381,130.8398
2022-12-17,72.0629,59.9258,131.9887
2022-12-18,62.3009,81.1388,143.4397
2022-12-19,59.9576,101.9989,161.9565
2022-12-20,47.4813,96.8204,144.3018
2022-12-21,34.6979,91.8588,126.5567
2022-12-22,81.5219,88.3344,169.8563
2022-12-23,86.1249,69.4228,155.5477
2022-12-24,57.0595,64.2137,121.2731
2022-12-25,51.5753,65.9384,117.5136
2022-12-26,59.7736,67.7620,127.5356
2022-12-27,68.1975,77.4400,145.6375
2022-12-28,105.3936,95.6053,200.9990
2022-12-29,80.6937,91.7820,172.4757
2022-12-30,42.9934,100.9465,143.9399
2022-12-31,69.0370,79.2874,148.3244
2023-01-01,57.1395,75.2429,132.3825
2023-01-02,56.6921,68.5229,125.2149
2023-01-03,74.1098,65.1443,139.2541
2023-01-04,61.7183,87.3829,149.1012
2023-01-05,54.9894,65.9919,120.9813
2023-01-06,59.8569,78.6559,138.5128
2023-01-07,47.5943,99.1013,146.6956
2023-01-08,33.6434,106.3114,139.9548
2023-01-09,70.4047,93.1562,163.5609
2023-01-10,58.0952,85.4392,143.5344
2023-01-11,61.0540,90.5410,151.5949
2023-01-12,94.1133,91.5672,185.6805
2023-01-13,49.5396,87.6082,137.1478
2023-01-14,77.5184,95.6413,173.1597
2023-01-15,98.5853,101.7740,200.3593
2023-01-16,86.2929,108.5684,194.8612
2023-01-17,66.0821,111.0299,177.1120
2023-01-18,63.5107,100.6924,164.2031
2023-01-19,73.0291,106.3948,179.4238
2023-01-20,58.3743,69.5943,127.9685
2023-01-21,46.8293,78.2124,125.0417
2023-01-22,42.0991,78.9300,121.0291
2023-01-23,58.6625,71.9349,130.5974
2023-01-24,56.1866,59.2765,115.4630
2023-01-25,70.7289,68.0273,138.7561
2023-01-26,69.8047,83.5720,153.3767
2023-01-27,91.4576,81.4606,172.9181
2023-01-28,83.6824,74.7934,158.4758
2023-01-29,81.9756,87.1004,169.0760
2023-01-30,52.0255,86.5789,138.6044
2023-01-31,44.0788,93.5388,137.6176
2023-02-01,43.1224,99.2166,142.3390
2023-02-02,59.9112,80.1087,140.0199
2023-02-03,57.4554,78.7915,136.2469
2023-02-04,94.0412,68.0133,162.0545
2023-02-05,74.3107,88.3362,162.6469
2023-02-06,95.3116,71.7345,167.0461
2023-02-07,99.0893,64.1088,163.1982
2023-02-08,65.2409,71.8024,137.0432
2023-02-09,75.2352,80.6476,155.8829
2023-02-10,90.7558,79.2707,170.0265
2023-02-11,62.3839,76.8499,139.2338
2023-02-12,70.0989,55.5050,125.6039
2023-02-13,71.5109,57.2816,128.7925
2023-02-14,103.5841,63.2946,166.8787
2023-02-15,102.3680,58.4516,160.8197
2023-02-16,93.3240,66.9827,160.3068
2023-02-17,68.9243,86.5047,155.4290
2023-02-18,82.6587,74.8258,157.4844
2023-02-19,88.7009,68.8698,157.5707
2023-02-20,74.3904,88.8065,163.1970
2023-02-21,84.0806,60.6968,144.7774
2023-02-22,102.1819,50.5744,152.7563
2023-02-23,79.5428,66.5069,146.0497
2023-02-24,49.5933,74.2738,123.8671
2023-02-25,35.5194,79.2025,114.7219
2023-02-26,68.7623,94.4888,163.2512
2023-02-27,95.6444,85.5557,181.2001
2023-02-28,71.0059,76.6774,147.6833
2023-03-01,72.3035,63.8721,136.1756
2023-03-02,62.9363,66.6638,129.6001
2023-03-03,72.6443,72.1766,144.8208
2023-03-04,56.9866,73.2695,130.2561
2023-03-05,71.3605,57.4493,128.8098
2023-03-06,81.2621,69.6342,150.8963
2023-03-07,69.1943,104.8322,174.0265
2023-03-08,61.4796,88.7938,150.2734
2023-03-09,42.3822,92.4043,134.7864
2023-03-10,51.0818,117.0358,168.1176
2023-03-11,85.5566,97.3423,182.8989
2023-03-12,72.7737,84.6884,157.4620
2023-03-13,74.1540,112.8827,187.0368
2023-03-14,64.4280,102.1359,166.5639
2023-03-15,98.7598,76.7271,175.4869
2023-03-16,106.6531,104.2703,210.9233
2023-03-17,102.8092,97.5512,200.3604
2023-03-18,81.3004,67.1194,148.4198
2023-03-19,68.6453,58.8451,127.4904
2023-03-20,91.7900,61.7272,153.5172
2023-03-21,91.4131,68.9358,160.3489
2023-03-22,83.2192,90.2051,173.4243
2023-03-23,70.5928,95.5844,166.1772
2023-03-24,58.9234,99.4877,158.4111
2023-03-25,66.3780,92.5228,158.9007
2023-03-26,63.1272,92.1740,155.3012
2023-03-27,47.3149,91.0170,138.3319
2023-03-28,60.5868,79.6897,140.2765
2023-03-29,62.3243,88.3502,150.6745
2023-03-30,87.9343,110.7562,198.6905
2023-03-31,102.7830,99.3709,202.1539
2023-04-01,77.0496,103.6591,180.7087
2023-04-02,88.5005,85.8721,174.3726
2023-04-03,81.5137,69.8383,151.3520
2023-04-04,94.3986,74.0294,168.4280
2023-04-05,93.6578,62.8028,156.4607
2023-04-06,68.6613,73.4824,142.1437
2023-04-07,61.3019,64.8450,126.1469
2023-04-08,62.0300,46.9045,108.9345
2023-04-09,66.2661,49.2324,115.4985
2023-04-10,52.0482,82.1750,134.2232
2023-04-11,73.1743,84.9847,158.1589
2023-04-12,97.1220,93.4865,190.6085
2023-04-13,99.6498,92.4017,192.0515
2023-04-14,92.9308,84.9093,177.8401
2023-04-15,84.6623,87.1793,171.8415
2023-04-16,83.2079,63.6849,146.8928
2023-04-17,96.3412,72.7812,169.1224
2023-04-18,94.8612,80.3133,175.1745
2023-04-19,98.7792,74.3302,173.1094
2023-04-20,92.1701,72.4687,164.6388
2023-04-21,73.8552,79.6256,153.4808
2023-04-22,86.8458,70.5046,157.3503
2023-04-23,59.0401,68.2018,127.2419
2023-04-24,46.7335,81.1137,127.8471
2023-04-25,61.5739,78.3335,139.9073
2023-04-26,62.7255,68.8839,131.6093
2023-04-27,63.3521,59.6111,122.9633
2023-04-28,70.3059,70.0911,140.3970
2023-04-29,80.9062,67.5988,148.5049
2023-04-30,78.4647,60.0184,138.4831
2023-05-01,91.2554,62.5275,153.7828
2023-05-02,80.3244,66.8037,147.1281
2023-05-03,49.4945,68.6615,118.1560
2023-05-04,56.7593,75.0077,131.7671
2023-05-05,69.8673,75.0059,144.8732
2023-05-06,77.1816,70.9063,148.0879
2023-05-07,65.3048,77.9661,143.2709
2023-05-08,60.9454,69.0242,129.9697
2023-05-09,59.5404,77.9506,137.4911
2023-05-10,71.4922,71.7789,143.2712
2023-05-11,73.5772,70.1625,143.7397
2023-05-12,65.7003,77.0950,142.7953
2023-05-13,67.5583,69.7034,137.2617
2023-05-14,52.5312,58.3541,110.8853
2023-05-15,46.4176,80.3147,126.7323
2023-05-16,33.9569,97.9962,131.9531
2023-05-17,35.3326,90.0462,125.3789
2023-05-18,54.8261,73.9104,128.7365
2023-05-19,73.6841,79.7515,153.4356
2023-05-20,50.5987,76.7983,127.3970
2023-05-21,33.0872,68.4659,101.5530
2023-05-22,44.6445,69.0206,113.6651
2023-05-23,50.1679,79.9625,130.1304
2023-05-24,49.0592,63.9477,113.0069
2023-05-25,69.7046,79.2242,148.9288
2023-05-26,73.3971,75.6007,148.9977
2023-05-27,70.8265,47.3403,118.1668
2023-05-28,64.4731,50.2653,114.7384
2023-05-29,55.5625,61.5674,117.1299
2023-05-30,56.9409,53.4360,110.3769
2023-05-31,67.7637,61.1964,128.9601
2023-06-01,67.5127,65.6139,133.1266
2023-06-02,64.5693,56.4692,121.0385
2023-06-03,44.3679,48.5189,92.8868
2023-06-04,37.7735,43.4226,81.1960
2023-06-05,27.2782,47.4039,74.6821
2023-06-06,26.3560,56.8568,83.2127
2023-06-07,28.7506,55.8805,84.6311
2023-06-08,37.4403,57.4564,94.8967
2023-06-09,37.9956,72.9108,110.9065
2023-06-10,53.0609,62.0191,115.0800
2023-06-11,64.2693,64.4586,128.7279
2023-06-12,58.2628,64.4382,122.7010
2023-06-13,196.2469,73.8648,270.1118
2023-06-14,43.5579,67.4954,111.0532
2023-06-15,49.3142,53.4256,102.7398
2023-06-16,52.3636,50.3274,102.6910
2023-06-17,46.8105,49.4805,96.2910
2023-06-18,51.9445,55.1293,107.0738
2023-06-19,62.3329,65.7491,128.0820
2023-06-20,76.6579,55.2829,131.9408
2023-06-21,65.6199,54.2214,119.8413
2023-06-22,51.3375,56.8986,108.2361
2023-06-23,51.2970,57.8423,109.1393
2023-06-24,74.0990,49.1472,123.2462
2023-06-25,82.5750,51.4338,134.0088
2023-06-26,72.1541,88.4564,160.6104
2023-06-27,64.9118,77.2775,142.1893
2023-06-28,83.2987,61.6155,144.9142
2023-06-29,70.8485,71.6838,142.5322
2023-06-30,60.4981,67.5677,128.0657
2023-07-01,45.9826,79.1883,125.1709
2023-07-02,35.4593,78.5520,114.0113
2023-07-03,38.8782,83.0462,121.9243
2023-07-04,53.7297,75.1296,128.8593
2023-07-05,62.8084,79.6538,142.4621
2023-07-06,51.2197,63.4998,114.7194
2023-07-07,56.9873,67.3662,124.3535
2023-07-08,47.5880,69.6628,117.2509
2023-07-09,52.3170,60.2922,112.6092
2023-07-10,59.0189,56.2296,115.2485
2023-07-11,63.1082,74.7952,137.9034
2023-07-12,71.2726,75.9049,147.1776
2023-07-13,59.4618,68.6216,128.0834
2023-07-14,60.6776,71.1857,131.8634
2023-07-15,54.3135,84.3351,138.6486
2023-07-16,47.3265,73.9736,121.3001
2023-07-17,55.8007,77.0663,132.8670
2023-07-18,64.3214,62.1478,126.4692
2023-07-19,66.4928,62.6913,129.1841
2023-07-20,63.6392,71.3796,135.0188
2023-07-21,49.3253,65.6141,114.9394
2023-07-22,35.0181,64.3536,99.3717
2023-07-23,35.4932,76.5664,112.0595
2023-07-24,49.8222,79.1806,129.0028
2023-07-25,68.2248,75.1745,143.3992
2023-07-26,68.5805,67.5150,136.0955
2023-07-27,64.9893,66.4678,131.4572
2023-07-28,64.3083,57.0341,121.3424
2023-07-29,57.8056,63.3181,121.1237
2023-07-30,45.3262,70.9629,116.2891
2023-07-31,49.7312,73.3571,123.0883
2023-08-01,53.8669,79.3764,133.2434
2023-08-02,58.6145,83.6476,142.2621
2023-08-03,53.4209,88.4939,141.9148
2023-08-04,51.2377,73.4500,124.6877
2023-08-05,62.4758,59.7480,122.2239
2023-08-06,67.2296,69.7622,136.9918
2023-08-07,57.0158,80.9182,137.9340
2023-08-08,48.9315,74.3642,123.2957
2023-08-09,56.8940,61.1617,118.0557
2023-08-10,45.7849,59.0026,104.7874
2023-08-11,65.1496,57.1266,122.2762
2023-08-12,64.2893,63.8170,128.1063
2023-08-13,52.9953,65.6464,118.6417
2023-08-14,67.1937,63.2674,130.4611
2023-08-15,42.1887,64.3028,106.4916
2023-08-16,50.7561,58.2897,109.0458
2023-08-17,67.7760,60.6345,128.4105
2023-08-18,60.3245,71.0278,131.3523
2023-08-19,74.5673,61.4904,136.0576
2023-08-20,54.0227,50.0397,104.0624
2023-08-21,45.2586,56.0562,101.3148
2023-08-22,54.4122,58.7595,113.1717
2023-08-23,60.9655,56.9396,117.9052
2023-08-24,49.2222,58.3714,107.5937
2023-08-25,46.9034,59.1309,106.0343
2023-08-26,50.1431,65.1182,115.2612
2023-08-27,39.4922,72.2341,111.7263
2023-08-28,32.3820,68.0003,100.3823
2023-08-29,38.8926,58.5712,97.4637
2023-08-30,41.4621,61.2015,102.6637
2023-08-31,58.5993,61.4683,120.0676
2023-09-01,68.9913,60.6717,129.6630
2023-09-02,65.2249,57.0430,122.2679
2023-09-03,72.0888,69.9847,142.0735
2023-09-04,95.2175,67.0850,162.3025
2023-09-05,91.3120,57.2366,148.5486
2023-09-06,68.7485,55.4878,124.2363
2023-09-07,48.6610,66.4716,115.1325
2023-09-08,48.7264,58.7322,107.4586
2023-09-09,40.8176,48.8464,89.6640
2023-09-10,42.3750,46.1506,88.5256
2023-09-11,43.5646,51.6992,95.2638
2023-09-12,39.2388,53.9937,93.2325
2023-09-13,33.7516,66.4802,100.2318
2023-09-14,44.7804,52.7330,97.5133
2023-09-15,42.2445,54.2466,96.4911
2023-09-16,30.7220,51.5692,82.2912
2023-09-17,31.3682,66.9606,98.3288
2023-09-18,57.9209,69.9489,127.8698
2023-09-19,73.3771,65.8763,139.2535
2023-09-20,61.3692,80.6982,142.0674
2023-09-21,58.9267,79.0462,137.9729
2023-09-22,61.3125,68.2397,129.5522
2023-09-23,61.1022,54.7743,115.8765
2023-09-24,53.9734,65.3956,119.3689
2023-09-25,36.7378,62.8642,99.6020
2023-09-26,35.8697,50.5955,86.4651
2023-09-27,43.0124,61.0758,104.0883
2023-09-28,62.9626,70.1977,133.1603
2023-09-29,79.0474,69.9631,149.0105
2023-09-30,75.9236,57.9747,133.8984
2023-10-01,76.4158,57.6708,134.0865
2023-10-02,73.4066,59.7329,133.1395
2023-10-03,79.2478,85.8116,165.0593
2023-10-04,70.8977,76.6856,147.5833
2023-10-05,57.5737,63.9191,121.4928
2023-10-06,67.1529,77.5495,144.7024
2023-10-07,57.3547,67.7347,125.0894
2023-10-08,46.9295,50.1817,97.1112
2023-10-09,47.5466,57.4071,104.9538
2023-10-10,50.4899,60.4199,110.9098
2023-10-11,68.2572,77.8120,146.0692
2023-10-12,87.4492,59.9100,147.3593
2023-10-13,84.8693,81.1176,165.9869
2023-10-14,72.1441,70.4602,142.6042
2023-10-15,58.5329,70.4039,128.9368
2023-10-16,46.0379,58.2739,104.3119
2023-10-17,40.0365,73.5950,113.6315
2023-10-18,83.3384,104.7262,188.0646
2023-10-19,55.8835,104.2659,160.1494
2023-10-20,40.9325,106.7872,147.7197
2023-10-21,71.6368,82.0875,153.7243
2023-10-22,68.0683,79.7329,147.8012
2023-10-23,84.9054,56.5691,141.4745
2023-10-24,83.5403,94.5589,178.0991
2023-10-25,62.9994,101.1398,164.1392
2023-10-26,64.2131,96.3462,160.5594
2023-10-27,82.5666,98.3476,180.9142
2023-10-28,55.0692,95.9593,151.0286
2023-10-29,69.7993,98.0185,167.8178
2023-10-30,77.5450,96.0670,173.6121
2023-10-31,65.7486,73.5775,139.3261
2023-11-01,61.2890,102.1423,163.4313
2023-11-02,64.4697,116.1537,180.6234
2023-11-03,82.6702,111.8643,194.5345
2023-11-04,51.5650,106.5857,158.1507
2023-11-05,55.6816,92.1977,147.8794
2023-11-06,86.7095,100.7930,187.5025
2023-11-07,74.9972,92.0623,167.0595
2023-11-08,85.2884,98.2858,183.5742
2023-11-09,81.8196,95.7158,177.5354
2023-11-10,50.8877,98.7284,149.6160
2023-11-11,46.1682,85.8633,132.0315
2023-11-12,57.9361,70.2079,128.1440
2023-11-13,48.3596,88.8486,137.2082
2023-11-14,61.1819,91.2644,152.4463
2023-11-15,49.5261,72.1651,121.6912
2023-11-16,77.6907,70.5300,148.2207
2023-11-17,72.3253,55.1291,127.4544
2023-11-18,34.1238,74.8744,108.9982
2023-11-19,63.2986,76.5101,139.8087
2023-11-20,79.0549,67.2600,146.3150
2023-11-21,94.4152,87.8282,182.2434
2023-11-22,53.7354,100.2402,153.9755
2023-11-23,76.6621,105.9619,182.6240
2023-11-24,69.8336,103.7181,173.5517
2023-11-25,33.1882,80.3742,113.5625
2023-11-26,62.7782,46.9687,109.7469
2023-11-27,64.3953,82.2486,146.6439
2023-11-28,52.7185,77.5128,130.2313
2023-11-29,69.6685,84.4603,154.1288
2023-11-30,89.4315,67.2070,156.6385
2023-12-01,57.4326,70.5854,128.0180
2023-12-02,51.6836,58.8316,110.5152
2023-12-03,55.6409,70.4337,126.0746
2023-12-04,44.1266,92.1803,136.3070
2023-12-05,52.0797,77.9732,130.0530
2023-12-06,58.7639,56.3418,115.1058
2023-12-07,93.5961,67.4506,161.0467
2023-12-08,100.7046,97.8778,198.5825
2023-12-09,96.3674,107.8864,204.2538
2023-12-10,76.9761,91.7804,168.7565
2023-12-11,46.9697,83.5524,130.5221
2023-12-12,69.7398,84.4501,154.1899
2023-12-13,60.6211,107.3103,167.9314
2023-12-14,72.6456,76.6701,149.3157
2023-12-15,60.6988,87.4377,148.1365
2023-12-16,53.8278,85.1252,138.9530
2023-12-17,51.4544,70.7537,122.2081
2023-12-18,72.6724,77.6053,150.2777
2023-12-19,80.5861,82.8026,163.3887
2023-12-20,77.4995,113.4014,190.9009
2023-12-21,59.1397,109.9318,169.0714
2023-12-22,31.6011,111.3334,142.9345
2023-12-23,61.0215,86.1306,147.1521
2023-12-24,85.0236,75.0397,160.0633
2023-12-25,87.9779,71.2650,159.2429
2023-12-26,57.6348,77.3673,135.0021
2023-12-27,51.2778,74.8140,126.0918
2023-12-28,50.7804,85.1560,135.9364
2023-12-29,65.9518,81.8537,147.8054
2023-12-30,52.5745,87.6105,140.1850
2023-12-31,72.7842,95.2195,168.0037
2024-01-01,40.3183,83.8369,124.1552
2024-01-02,58.5599,108.5023,167.0622
2024-01-03,32.5481,108.6022,141.1502
2024-01-04,45.4964,77.3779,122.8742
2024-01-05,54.5880,108.1900,162.7781
2024-01-06,34.3191,100.6082,134.9273
2024-01-07,55.8650,92.1772,148.0422
2024-01-08,85.9718,87.8361,173.8079
2024-01-09,104.1427,48.2945,152.4372
2024-01-10,85.2409,51.2370,136.4779
2024-01-11,77.1913,60.9026,138.0940
2024-01-12,100.0980,72.2622,172.3602
2024-01-13,95.0700,86.1162,181.1862
2024-01-14,78.1087,102.6764,180.7851
2024-01-15,55.9320,101.7823,157.7144
2024-01-16,77.7009,97.0582,174.7591
2024-01-17,82.0421,103.4763,185.5184
2024-01-18,56.6890,90.9986,147.6876
2024-01-19,85.0868,106.7891,191.8760
2024-01-20,50.5826,92.4849,143.0675
2024-01-21,82.5650,94.7308,177.2959
2024-01-22,64.5717,102.6693,167.2411
2024-01-23,24.5685,95.2890,119.8575
2024-01-24,19.2796,91.2377,110.5173
2024-01-25,17.8379,75.6342,93.4720
2024-01-26,30.1955,82.4078,112.6033
2024-01-27,45.2716,78.1389,123.4105
2024-01-28,39.8226,82.9181,122.7407
2024-01-29,53.7728,73.6947,127.4675
2024-01-30,56.6894,78.0216,134.7110
2024-01-31,42.0151,78.1955,120.2105
2024-02-01,70.2480,88.1044,158.3525
2024-02-02,81.8350,101.6982,183.5333
2024-02-03,87.1811,87.7411,174.9222
2024-02-04,71.8195,83.8225,155.6420
2024-02-05,57.0307,86.0578,143.0885
2024-02-06,46.1654,102.2267,148.3921
2024-02-07,93.4583,100.8833,194.3416
2024-02-08,100.1774,89.5834,189.7608
2024-02-09,96.0202,113.4579,209.4781
2024-02-10,64.1805,109.4906,173.6712
2024-02-11,60.6259,100.6360,161.2619
2024-02-12,65.0835,94.2709,159.3544
2024-02-13,38.6149,89.5557,128.1706
2024-02-14,63.3647,82.6127,145.9774
2024-02-15,72.0520,94.4528,166.5048
2024-02-16,75.2448,100.1811,175.4259
2024-02-17,100.0725,68.0494,168.1219
2024-02-18,73.9457,83.6810,157.6267
2024-02-19,71.1787,98.3295,169.5082
2024-02-20,51.6946,89.7420,141.4366
2024-02-21,72.7015,92.1383,164.8399
2024-02-22,78.7076,116.4813,195.1889
2024-02-23,80.8082,117.6349,198.4431
2024-02-24,67.8740,98.5771,166.4512
2024-02-25,88.6620,88.1857,176.8476
2024-02-26,88.0139,101.2360,189.2499
2024-02-27,102.5265,82.4472,184.9737
2024-02-28,97.3168,82.9770,180.2938
2024-02-29,75.2901,106.2908,181.5809
2024-03-01,95.6766,101.2240,196.9006
2024-03-02,91.6239,98.5137,190.1376
2024-03-03,105.8752,92.6545,198.5297
2024-03-04,92.1315,86.4489,178.5804
2024-03-05,69.3608,82.5060,151.8668
2024-03-06,62.0498,64.5227,126.5725
2024-03-07,72.9942,88.9777,161.9718
2024-03-08,84.0136,110.1669,194.1805
2024-03-09,89.2255,108.6213,197.8468
2024-03-10,58.2616,103.2217,161.4833
2024-03-11,91.0833,96.7799,187.8632
2024-03-12,95.9808,59.9072,155.8880
2024-03-13,80.5875,75.8770,156.4645
2024-03-14,82.9022,86.5273,169.4295
2024-03-15,87.1549,93.4725,180.6274
2024-03-16,74.2155,77.4502,151.6657
2024-03-17,80.8378,68.6433,149.4811
2024-03-18,73.9004,60.1634,134.0638
2024-03-19,86.6659,62.7240,149.3899
2024-03-20,85.4406,62.0230,147.4636
2024-03-21,58.0890,84.5706,142.6596
2024-03-22,64.5821,83.8444,148.4265
2024-03-23,65.5344,96.1275,161.6619
2024-03-24,105.8671,96.1987,202.0658
2024-03-25,112.0696,73.9232,185.9929
2024-03-26,96.1757,97.9068,194.0826
2024-03-27,76.7862,97.5924,174.3786
2024-03-28,56.8837,99.5385,156.4222
2024-03-29,98.9943,87.5188,186.5131
2024-03-30,83.0904,67.9677,151.0581
2024-03-31,67.8771,65.4381,133.3152
2024-04-01,86.1622,75.4244,161.5866
2024-04-02,102.7485,95.1666,197.9151
2024-04-03,93.6299,87.0604,180.6903
2024-04-04,73.8320,99.0018,172.8338
2024-04-05,84.8734,99.2902,184.1636
2024-04-06,106.9644,86.2134,193.1778
2024-04-07,99.7539,72.7618,172.5158
2024-04-08,78.7060,75.5866,154.2926
2024-04-09,79.4117,94.3376,173.7493
2024-04-10,69.2425,81.9178,151.1602
2024-04-11,83.5951,87.5042,171.0993
2024-04-12,96.2308,82.8890,179.1198
2024-04-13,99.5446,71.9480,171.4926
2024-04-14,92.5800,65.5663,158.1462
2024-04-15,92.2965,84.3677,176.6642
2024-04-16,103.0073,90.5023,193.5096
2024-04-17,83.4817,70.8638,154.3455
2024-04-18,90.5808,84.9818,175.5625
2024-04-19,87.4517,98.7564,186.2081
2024-04-20,90.8042,86.4597,177.2639
2024-04-21,68.7290,80.3745,149.1035
2024-04-22,81.6300,81.2304,162.8604
2024-04-23,103.4219,89.2001,192.6220
2024-04-24,69.7927,89.3740,159.1666
2024-04-25,97.4492,65.3336,162.7827
2024-04-26,111.7991,63.6320,175.4311
2024-04-27,107.2510,76.8711,184.1221
2024-04-28,82.3617,78.3876,160.7493
2024-04-29,65.4858,71.1536,136.6395
2024-04-30,82.1330,85.5407,167.6737
2024-05-01,93.8661,91.4729,185.3390
2024-05-02,74.2814,100.9421,175.2235
2024-05-03,60.1849,89.2037,149.3886
2024-05-04,82.8144,69.6482,152.4626
2024-05-05,51.4768,70.3185,121.7953
2024-05-06,95.5070,63.4705,158.9775
2024-05-07,89.3878,67.1559,156.5437
2024-05-08,77.2545,66.9735,144.2280
2024-05-09,68.9286,56.5226,125.4512
2024-05-10,64.8369,56.9653,121.8022
2024-05-11,58.4908,58.0835,116.5743
2024-05-12,63.5498,64.0408,127.5905
2024-05-13,63.9645,89.3425,153.3071
2024-05-14,54.3845,97.0995,151.4840
2024-05-15,77.5067,83.1727,160.6794
2024-05-16,62.6559,76.2483,138.9041
2024-05-17,53.3385,69.4734,122.8120
2024-05-18,78.1026,57.8971,135.9997
2024-05-19,86.4627,54.5061,140.9688
2024-05-20,84.1306,62.6504,146.7810
2024-05-21,93.1372,76.8177,169.9549
2024-05-22,92.0481,76.1402,168.1883
2024-05-23,76.3375,64.1727,140.5102
2024-05-24,95.9850,59.3429,155.3279
2024-05-25,84.0274,61.6313,145.6588
2024-05-26,83.5109,57.7463,141.2572
2024-05-27,60.9077,70.7063,131.6141
2024-05-28,79.3062,66.6050,145.9113
2024-05-29,64.8909,78.4445,143.3355
2024-05-30,85.0891,69.5509,154.6400
2024-05-31,62.3094,88.8994,151.2088
2024-06-01,53.3496,93.4411,146.7907
2024-06-02,76.9343,88.3670,165.3014
2024-06-03,83.9982,71.7781,155.7763
2024-06-04,82.1127,65.6016,147.7142
2024-06-05,74.6361,73.1350,147.7712
2024-06-06,85.7158,74.1903,159.9060
2024-06-07,80.5093,77.3423,157.8516
2024-06-08,83.2155,77.5237,160.7392
2024-06-09,76.0009,80.5238,156.5247
2024-06-10,59.9815,83.7218,143.7033
2024-06-11,57.1719,91.5323,148.7042
2024-06-12,64.4004,85.7954,150.1958
2024-06-13,80.8807,66.9513,147.8321
2024-06-14,64.1270,84.4306,148.5576
2024-06-15,87.1381,82.5594,169.6975
2024-06-16,109.6823,68.7494,178.4318
2024-06-17,108.0738,71.8635,179.9374
2024-06-18,117.4364,61.2306,178.6670
2024-06-19,77.8510,62.4243,140.2753
2024-06-20,57.7332,63.2267,120.9599
2024-06-21,66.4894,62.2352,128.7245
2024-06-22,75.5856,71.1120,146.6976
2024-06-23,63.0000,62.3037,125.3037
2024-06-24,75.2518,61.5692,136.8210
2024-06-25,84.4846,65.6465,150.1311
2024-06-26,67.9842,64.2785,132.2627
2024-06-27,65.6339,65.6295,131.2634
2024-06-28,97.8257,82.3219,180.1476
2024-06-29,90.1297,62.1957,152.3254
2024-06-30,75.4614,59.5668,135.0282
2024-07-01,69.8569,79.6985,149.5555
2024-07-02,86.5964,86.9629,173.5594
2024-07-03,73.9242,79.4955,153.4197
2024-07-04,66.2548,94.4709,160.7257
2024-07-05,69.1657,89.1450,158.3107
2024-07-06,40.7384,88.6852,129.4236
2024-07-07,59.2476,68.6791,127.9266
2024-07-08,46.8770,70.3979,117.2749
2024-07-09,31.3454,81.9692,113.3147
2024-07-10,44.4563,72.4915,116.9478
2024-07-11,45.6123,70.2114,115.8236
2024-07-12,61.8197,82.5215,144.3411
2024-07-13,69.4866,81.3979,150.8845
2024-07-14,71.4815,76.6902,148.1717
2024-07-15,71.8536,81.3683,153.2219
2024-07-16,69.2511,80.7843,150.0353
2024-07-17,54.7308,75.7722,130.5030
2024-07-18,41.3718,56.1932,97.5650
2024-07-19,50.1040,59.7445,109.8485
2024-07-20,43.7128,76.8773,120.5901
2024-07-21,36.6253,70.6325,107.2578
2024-07-22,29.6552,76.4056,106.0608
2024-07-23,27.0320,72.7084,99.7404
2024-07-24,34.2344,69.3838,103.6182
2024-07-25,46.7929,74.6241,121.4171
2024-07-26,61.2012,66.0865,127.2877
2024-07-27,71.2231,55.4583,126.6814
2024-07-28,88.5201,66.1337,154.6539
2024-07-29,77.6963,61.6793,139.3756
2024-07-30,85.0101,64.8317,149.8417
2024-07-31,84.5243,60.5932,145.1175
2024-08-01,68.4357,63.4645,131.9002
2024-08-02,50.2846,65.6336,115.9181
2024-08-03,44.5521,61.7499,106.3020
2024-08-04,46.9993,61.8334,108.8327
2024-08-05,57.1035,56.2365,113.3400
2024-08-06,66.7999,62.0673,128.8672
2024-08-07,50.8493,68.2590,119.1084
2024-08-08,66.4689,66.1077,132.5767
2024-08-09,72.9120,82.3979,155.3099
2024-08-10,53.8288,77.3225,131.1514
2024-08-11,60.4829,64.4418,124.9247
2024-08-12,59.2027,68.5583,127.7609
2024-08-13,65.8873,72.0728,137.9601
2024-08-14,81.8951,69.7362,151.6313
2024-08-15,74.0600,73.1780,147.2380
2024-08-16,67.8077,65.7876,133.5954
2024-08-17,63.6144,56.6753,120.2896
2024-08-18,60.1215,61.4207,121.5421
2024-08-19,57.4767,63.5926,121.0693
2024-08-20,62.4561,78.2669,140.7230
2024-08-21,68.9886,86.6261,155.6147
2024-08-22,81.5066,82.5776,164.0842
2024-08-23,79.2643,82.8652,162.1294
2024-08-24,78.3164,82.9082,161.2247
2024-08-25,74.5018,85.8777,160.3795
2024-08-26,54.9465,72.4802,127.4267
2024-08-27,48.9660,60.5229,109.4889
2024-08-28,49.3053,69.4254,118.7307
2024-08-29,69.1104,65.0697,134.1800
2024-08-30,50.1752,62.7912,112.9664
2024-08-31,40.9764,64.8562,105.8326
2024-09-01,51.7663,68.1642,119.9305
2024-09-02,50.4733,69.6145,120.0879
2024-09-03,58.4857,65.6890,124.1746
2024-09-04,51.1754,68.8185,119.9939
2024-09-05,51.2184,76.0010,127.2194
2024-09-06,54.6873,81.7211,136.4084
2024-09-07,52.3926,60.1578,112.5504
2024-09-08,58.9847,60.4281,119.4128
2024-09-09,65.8979,74.2984,140.1964
2024-09-10,66.9509,92.0442,158.9951
2024-09-11,59.3791,80.7778,140.1569
2024-09-12,64.8589,70.2700,135.1289
2024-09-13,74.0392,90.5784,164.6175
2024-09-14,64.3248,69.7826,134.1074
2024-09-15,63.0803,66.3826,129.4628
2024-09-16,63.3484,84.3588,147.7072
2024-09-17,75.0711,88.7733,163.8444
2024-09-18,86.1102,71.8326,157.9428
2024-09-19,81.1190,65.5557,146.6747
2024-09-20,65.1777,71.6307,136.8085
2024-09-21,79.6904,57.9924,137.6829
2024-09-22,71.9736,45.4847,117.4583
2024-09-23,45.6995,52.0413,97.7408
2024-09-24,36.2577,70.8510,107.1087
2024-09-25,39.8218,93.7415,133.5633
2024-09-26,46.0785,107.8172,153.8957
2024-09-27,47.5590,109.8875,157.4465
2024-09-28,53.3393,87.5652,140.9045
2024-09-29,48.5462,69.1480,117.6942
2024-09-30,57.0060,81.4082,138.4142
2024-10-01,66.4549,86.4208,152.8757
2024-10-02,65.9939,92.0663,158.0602
2024-10-03,76.7544,81.7505,158.5049
2024-10-04,64.1446,55.3012,119.4459
2024-10-05,76.9131,59.8302,136.7433
2024-10-06,81.6517,85.7278,167.3794
2024-10-07,45.4407,93.1598,138.6004
2024-10-08,42.8731,97.8708,140.7439
2024-10-09,56.5701,94.1882,150.7582
2024-10-10,61.1285,85.3212,146.4496
2024-10-11,78.8002,78.4824,157.2827
2024-10-12,69.6136,81.2666,150.8802
2024-10-13,84.8246,74.0663,158.8909
2024-10-14,66.8505,50.3727,117.2231
2024-10-15,73.1819,74.1736,147.3555
2024-10-16,77.6427,92.4787,170.1213
2024-10-17,100.0350,87.9589,187.9938
2024-10-18,108.2834,65.9349,174.2184
2024-10-19,87.5916,64.7261,152.3177
2024-10-20,90.5941,69.2281,159.8222
2024-10-21,95.7063,67.8822,163.5886
2024-10-22,78.8123,76.2303,155.0426
2024-10-23,66.7205,59.1749,125.8954
2024-10-24,80.6153,69.8455,150.4608
2024-10-25,78.0065,55.3304,133.3369
2024-10-26,55.7405,57.8778,113.6183
2024-10-27,68.1200,57.7488,125.8688
2024-10-28,102.5258,87.2571,189.7829
2024-10-29,109.6096,69.8023,179.4119
2024-10-30,109.7014,68.2512,177.9527
2024-10-31,79.3173,67.5123,146.8296
2024-11-01,58.4768,69.7711,128.2479
2024-11-02,68.8917,49.1430,118.0347
2024-11-03,91.4239,59.2662,150.6902
2024-11-04,84.8306,51.3015,136.1321
2024-11-05,71.4614,40.8005,112.2619
2024-11-06,57.5263,39.1019,96.6283
2024-11-07,58.2257,46.4194,104.6451
2024-11-08,68.0544,61.1964,129.2508
2024-11-09,71.9004,56.1732,128.0737
2024-11-10,57.6030,58.8521,116.4551
2024-11-11,59.4623,90.7086,150.1709
2024-11-12,86.6740,74.2043,160.8783
2024-11-13,90.3815,73.7364,164.1179
2024-11-14,60.1744,80.4184,140.5929
2024-11-15,66.8853,66.8890,133.7743
2024-11-16,98.1201,81.0189,179.1390
2024-11-17,75.8351,78.4848,154.3199
2024-11-18,84.4695,78.2128,162.6823
2024-11-19,96.2050,77.1485,173.3534
2024-11-20,84.4280,105.2524,189.6805
2024-11-21,75.4110,113.5709,188.9819
2024-11-22,51.7096,108.3243,160.0340
2024-11-23,68.2208,106.5327,174.7535
2024-11-24,89.2960,114.1651,203.4611
2024-11-25,96.7963,99.5163,196.3125
2024-11-26,60.9500,74.6348,135.5849
2024-11-27,70.9378,77.8874,148.8252
2024-11-28,72.2720,81.7437,154.0157
2024-11-29,68.6039,67.3105,135.9144
2024-11-30,65.8420,74.3847,140.2267
2024-12-01,39.6106,66.2750,105.8856
2024-12-02,45.2951,71.2819,116.5771
2024-12-03,56.1525,74.8585,131.0110
2024-12-04,87.4510,70.4310,157.8820
2024-12-05,72.3591,95.1106,167.4697
2024-12-06,58.4648,96.4254,154.8902
2024-12-07,69.7596,111.4741,181.2337
2024-12-08,78.9377,109.1458,188.0835
2024-12-09,90.9890,120.2074,211.1963
2024-12-10,80.4289,76.3772,156.8061
2024-12-11,73.0089,41.7306,114.7394
2024-12-12,76.5942,42.4355,119.0297
2024-12-13,85.7207,45.1307,130.8513
2024-12-14,79.2977,79.7158,159.0135
2024-12-15,67.3435,98.9973,166.3408
2024-12-16,86.6191,94.2082,180.8274
2024-12-17,61.8086,92.2083,154.0169
2024-12-18,64.7721,102.9991,167.7712
2024-12-19,69.2144,122.1003,191.3147
2024-12-20,69.5683,110.5177,180.0859
2024-12-21,57.5509,106.4638,164.0147
2024-12-22,87.0032,109.2493,196.2525
2024-12-23,85.3136,117.0867,202.4003
2024-12-24,42.4430,87.0680,129.5110
2024-12-25,35.1302,60.9296,96.0598
2024-12-26,42.3293,45.0720,87.4012
2024-12-27,61.7553,45.3016,107.0569
2024-12-28,65.1514,43.3053,108.4567
2024-12-29,49.6777,59.9641,109.6418
2024-12-30,74.5880,64.3869,138.9749
2024-12-31,93.5314,67.9702,161.5015
2025-01-01,75.3291,79.7762,155.1054
2025-01-02,55.9872,95.1006,151.0878
2025-01-03,57.8061,111.3893,169.1954
2025-01-04,74.9398,81.6224,156.5623
2025-01-05,86.8364,110.4191,197.2555
2025-01-06,75.4497,118.2028,193.6525
2025-01-07,44.9071,116.4776,161.3847
2025-01-08,56.6976,109.5479,166.2455
2025-01-09,61.8043,99.4427,161.2471
2025-01-10,76.0510,103.9807,180.0317
2025-01-11,78.9059,93.9831,172.8890
2025-01-12,98.3176,78.5120,176.8296
2025-01-13,79.9724,90.7853,170.7578
2025-01-14,62.3896,87.5760,149.9657
2025-01-15,53.8833,60.6327,114.5160
2025-01-16,73.2829,76.2367,149.5196
2025-01-17,102.3617,65.5758,167.9375
2025-01-18,109.3402,47.1208,156.4610
2025-01-19,95.7760,51.6092,147.3852
2025-01-20,75.1876,53.5178,128.7054
2025-01-21,77.3463,75.1928,152.5390
2025-01-22,97.9796,77.6418,175.6213
2025-01-23,78.8630,94.6277,173.4906
2025-01-24,77.5719,112.7074,190.2794
2025-01-25,104.7725,97.5376,202.3102
2025-01-26,73.0865,93.6257,166.7122
2025-01-27,80.9606,130.6793,211.6399
2025-01-28,67.3650,118.9582,186.3231
2025-01-29,65.6956,113.2443,178.9399
2025-01-30,65.5540,99.8852,165.4392
2025-01-31,89.6028,79.4670,169.0698
2025-02-01,88.4954,59.7098,148.2053
2025-02-02,82.1071,53.5849,135.6920
2025-02-03,93.0055,60.1272,153.1327
2025-02-04,83.2816,78.0756,161.3573
2025-02-05,61.8468,74.8445,136.6913
2025-02-06,81.1497,62.1813,143.3310
2025-02-07,67.3261,112.9712,180.2974
2025-02-08,89.1925,94.6949,183.8874
2025-02-09,66.6603,80.0921,146.7524
2025-02-10,43.0283,93.9301,136.9584
2025-02-11,60.2143,91.2146,151.4289
2025-02-12,54.8391,91.8862,146.7253
2025-02-13,69.8900,72.9403,142.8303
2025-02-14,93.2709,55.5011,148.7719
2025-02-15,90.0384,57.4488,147.4872
2025-02-16,99.6883,63.8733,163.5615
2025-02-17,95.8456,56.9958,152.8414
2025-02-18,89.7476,81.3036,171.0512
2025-02-19,81.3733,93.2204,174.5936
2025-02-20,66.1534,99.6788,165.8322
2025-02-21,59.8789,117.6127,177.4916
2025-02-22,74.4302,91.7647,166.1948
2025-02-23,67.5983,81.7711,149.3694
2025-02-24,81.4470,105.3586,186.8055
2025-02-25,71.0969,77.7696,148.8665
2025-02-26,93.7469,63.5356,157.2825
2025-02-27,97.7040,57.1214,154.8254
2025-02-28,88.1114,66.8452,154.9566
2025-03-01,83.5548,77.8335,161.3883
2025-03-02,88.5662,86.7719,175.3381
2025-03-03,98.5645,94.3351,192.8996
2025-03-04,107.2707,96.8219,204.0926
2025-03-05,100.3515,103.7219,204.0734
2025-03-06,96.5284,90.4724,187.0008
2025-03-07,87.2210,82.4466,169.6677
2025-03-08,90.3567,90.5805,180.9372
2025-03-09,82.6832,74.1273,156.8105
2025-03-10,80.6458,66.0580,146.7038
2025-03-11,102.3145,72.5120,174.8266
2025-03-12,80.1569,67.7051,147.8619
2025-03-13,79.0672,72.2318,151.2990
2025-03-14,111.3958,77.2046,188.6004
2025-03-15,110.3217,74.1558,184.4775
2025-03-16,83.5143,73.0307,156.5450
2025-03-17,97.3377,80.7592,178.0969
2025-03-18,114.1105,82.8910,197.0015
2025-03-19,111.6186,84.9259,196.5446
2025-03-20,89.7058,91.2003,180.9061
2025-03-21,106.7393,110.2566,216.9958
2025-03-22,97.4591,98.2195,195.6786
2025-03-23,107.6737,84.4327,192.1064
2025-03-24,88.8746,65.5455,154.4201
2025-03-25,64.0994,83.0284,147.1278
2025-03-26,69.7086,75.3494,145.0581
2025-03-27,89.2603,81.1224,170.3827
2025-03-28,92.5766,86.0833,178.6599
2025-03-29,99.3174,81.9919,181.3093
2025-03-30,86.8014,89.7672,176.5686
2025-03-31,70.4646,73.2274,143.6920
2025-04-01,100.0405,65.0673,165.1077
2025-04-02,103.8440,90.4748,194.3188
2025-04-03,91.8245,85.2329,177.0574
2025-04-04,65.7958,82.5369,148.3327
2025-04-05,99.8474,79.8732,179.7207
2025-04-06,79.6367,65.4910,145.1277
2025-04-07,73.9103,62.3621,136.2723
2025-04-08,76.0522,59.1674,135.2195
2025-04-09,94.3661,76.3940,170.7602
2025-04-10,77.5381,84.3027,161.8408
2025-04-11,71.0278,81.0362,152.0640
2025-04-12,98.0579,63.9203,161.9782
2025-04-13,107.8945,71.9981,179.8925
2025-04-14,115.2511,73.9462,189.1973
2025-04-15,109.2406,94.5734,203.8140
2025-04-16,104.5575,84.7008,189.2583
2025-04-17,119.9717,78.4570,198.4287
2025-04-18,116.5983,67.8921,184.4904
2025-04-19,85.4488,73.8163,159.2651
2025-04-20,86.9713,58.8528,145.8241
2025-04-21,80.4828,50.1093,130.5921
2025-04-22,96.6986,61.2414,157.9400
2025-04-23,79.3747,70.3181,149.6928
2025-04-24,76.6512,73.6830,150.3341
2025-04-25,80.1941,61.1285,141.3226
2025-04-26,87.1784,77.1178,164.2961
2025-04-27,97.9906,67.7424,165.7330
2025-04-28,120.4970,59.0098,179.5069
2025-04-29,105.7054,62.2456,167.9511
2025-04-30,75.9447,72.9903,148.9350
2025-05-01,65.9786,62.6144,128.5930
2025-05-02,80.5089,75.6633,156.1722
2025-05-03,59.7349,72.0822,131.8171
2025-05-04,73.1365,76.5991,149.7356
2025-05-05,77.6510,87.8182,165.4692
2025-05-06,70.2262,85.8239,156.0501
2025-05-07,55.0608,68.6141,123.6749
2025-05-08,64.2731,59.4485,123.7217
2025-05-09,59.3379,60.1998,119.5378
2025-05-10,70.0960,58.5876,128.6837
2025-05-11,73.2309,66.8058,140.0367
2025-05-12,76.9805,80.7300,157.7105
2025-05-13,96.7394,64.7965,161.5359
2025-05-14,93.4529,73.0480,166.5010
2025-05-15,101.5133,85.9463,187.4596
2025-05-16,100.9954,83.5648,184.5602
2025-05-17,101.5634,64.7123,166.2757
2025-05-18,95.2692,62.6673,157.9366
2025-05-19,113.0921,67.6213,180.7134
2025-05-20,101.0553,77.8093,178.8646
2025-05-21,91.9427,90.2213,182.1640
2025-05-22,90.7351,100.6280,191.3631
2025-05-23,83.0110,97.3179,180.3289
2025-05-24,87.7388,81.4129,169.1517
2025-05-25,85.9597,79.5404,165.5001
2025-05-26,78.8631,88.1261,166.9893
2025-05-27,66.0871,88.1833,154.2704
2025-05-28,49.0372,77.2274,126.2646
2025-05-29,54.8438,77.3528,132.1966
2025-05-30,61.3241,84.8657,146.1898
2025-05-31,60.6468,57.3629,118.0097
2025-06-01,55.9760,70.0446,126.0205
2025-06-02,94.6337,79.4052,174.0388
2025-06-03,107.3653,81.5545,188.9198
2025-06-04,69.4629,79.5182,148.9810
2025-06-05,54.1222,85.5835,139.7057
2025-06-06,56.4849,90.1195,146.6044
2025-06-07,66.9418,64.8118,131.7536
2025-06-08,80.9807,71.1625,152.1432
2025-06-09,92.3927,73.4114,165.8042
2025-06-10,66.0388,95.1711,161.2099
2025-06-11,72.6466,78.2653,150.9118
2025-06-12,70.7543,82.0668,152.8211
2025-06-13,77.8137,90.4370,168.2506
2025-06-14,76.4177,78.7959,155.2136
2025-06-15,70.5969,76.1425,146.7394
2025-06-16,63.6960,78.2422,141.9382
2025-06-17,80.3260,74.8574,155.1834
2025-06-18,74.0385,69.6266,143.6652
2025-06-19,77.1945,72.6707,149.8652
2025-06-20,114.2106,67.4974,181.7081
2025-06-21,131.8351,64.4485,196.2836
2025-06-22,127.7543,75.0741,202.8283
2025-06-23,113.1929,88.9562,202.1491
2025-06-24,79.4722,96.8379,176.3101
2025-06-25,81.2786,81.3715,162.6501
2025-06-26,75.4955,87.4717,162.9672
2025-06-27,69.6067,84.5631,154.1699
2025-06-28,79.8115,89.3543,169.1658
2025-06-29,77.6123,75.4095,153.0218
2025-06-30,65.1905,72.1742,137.3647
2025-07-01,51.2925,74.7828,126.0753
2025-07-02,53.1261,87.4364,140.5625
2025-07-03,67.7521,90.7067,158.4587
2025-07-04,84.4764,86.4271,170.9035
2025-07-05,76.9702,92.0648,169.0350
2025-07-06,58.0331,71.7052,129.7383
2025-07-07,47.3329,91.0413,138.3743
2025-07-08,49.0210,95.1220,144.1430
2025-07-09,53.5850,68.8324,122.4174
2025-07-10,78.4793,64.2988,142.7782
2025-07-11,88.5925,71.0717,159.6642
2025-07-12,74.6005,65.8450,140.4455
2025-07-13,49.3132,56.6323,105.9455
2025-07-14,53.5862,66.1975,119.7837
2025-07-15,79.6817,78.2642,157.9459
2025-07-16,87.6417,71.3208,158.9625
2025-07-17,72.5560,74.6117,147.1678
2025-07-18,67.3660,67.9378,135.3038
2025-07-19,88.4832,77.2219,165.7051
2025-07-20,89.7085,75.3434,165.0519
2025-07-21,91.8541,71.2527,163.1068
2025-07-22,95.8763,76.1603,172.0366
2025-07-23,97.6430,87.4323,185.0752
2025-07-24,91.3477,78.2196,169.5673
2025-07-25,60.8359,78.9489,139.7848
2025-07-26,61.4545,68.5866,130.0410
2025-07-27,83.6106,65.3600,148.9706
2025-07-28,85.7244,88.4147,174.1391
2025-07-29,71.2372,97.6244,168.8616
2025-07-30,63.9599,100.8282,164.7881
2025-07-31,61.7753,89.4561,151.2314
2025-08-01,58.2341,80.2906,138.5247
2025-08-02,56.7129,92.7432,149.4561
2025-08-03,71.6406,84.2104,155.8511
2025-08-04,59.0305,83.2832,142.3137
2025-08-05,77.7022,103.3220,181.0241
2025-08-06,92.0981,82.0720,174.1701
2025-08-07,85.3614,74.0051,159.3665
2025-08-08,102.2841,70.6346,172.9188
2025-08-09,96.2395,67.6749,163.9144
2025-08-10,78.7583,66.3457,145.1040
2025-08-11,60.1262,64.2347,124.3609
2025-08-12,53.1855,69.6795,122.8650
2025-08-13,47.7707,67.0095,114.7802
2025-08-14,83.6082,69.6974,153.3057
2025-08-15,91.4086,72.4788,163.8874
2025-08-16,86.3870,77.6620,164.0490
2025-08-17,83.4530,59.0364,142.4894
2025-08-18,67.9071,60.9948,128.9019
2025-08-19,41.8163,74.5314,116.3477
2025-08-20,45.8374,76.8100,122.6474
2025-08-21,43.3151,84.1170,127.4320
2025-08-22,44.5972,90.5835,135.1807
2025-08-23,59.6811,75.1377,134.8189
2025-08-24,59.4266,60.2160,119.6426
2025-08-25,59.5741,58.8143,118.3884
2025-08-26,48.3832,64.6999,113.0830
2025-08-27,57.1662,67.8751,125.0413
2025-08-28,64.4253,71.4628,135.8881
2025-08-29,45.9759,76.8278,122.8036
2025-08-30,43.1926,69.8063,112.9989
2025-08-31,42.3202,77.4025,119.7227
2025-09-01,39.9566,75.7680,115.7246
2025-09-02,41.5091,71.4435,112.9526
2025-09-03,55.7788,95.1183,150.8971
2025-09-04,67.3632,83.6189,150.9821
2025-09-05,96.9102,75.7358,172.6460
2025-09-06,55.0490,71.2724,126.3214
2025-09-07,43.7525,78.2777,122.0302
2025-09-08,83.3445,74.0134,157.3579
2025-09-09,81.8554,64.8085,146.6639
2025-09-10,67.3658,73.3420,140.7079
2025-09-11,76.7573,93.6383,170.3956
2025-09-12,93.2224,86.5914,179.8137
2025-09-13,86.8757,82.8558,169.7315
2025-09-14,77.1608,68.4122,145.5730
2025-09-15,72.3758,99.0733,171.4490
2025-09-16,65.0284,98.3809,163.4094
2025-09-17,56.7957,92.5035,149.2991
2025-09-18,47.0027,97.5547,144.5573
2025-09-19,44.2433,87.7901,132.0334
2025-09-20,53.4754,89.2833,142.7587
2025-09-21,58.6588,94.9270,153.5858
2025-09-22,59.7013,89.7975,149.4988
2025-09-23,64.0390,76.5668,140.6058
2025-09-24,48.7642,90.2115,138.9757
2025-09-25,43.6242,92.8443,136.4685
2025-09-26,53.6116,82.6792,136.2907
2025-09-27,65.6094,65.3940,131.0034
2025-09-28,57.6893,60.0625,117.7519
2025-09-29,53.1621,64.3584,117.5205
2025-09-30,56.2125,55.9433,112.1558
2025-10-01,73.4579,61.8938,135.3517
2025-10-02,71.8495,68.9513,140.8007
2025-10-03,74.1018,84.5620,158.6637
2025-10-04,104.5978,96.2699,200.8677
2025-10-05,110.1680,99.0768,209.2448
2025-10-06,75.3705,76.6178,151.9884
2025-10-07,53.8725,55.4508,109.3233
2025-10-08,50.6271,58.8212,109.4482
2025-10-09,69.2800,85.1056,154.3856
2025-10-10,63.9611,88.6793,152.6404
2025-10-11,76.3441,68.5863,144.9304
2025-10-12,96.3979,65.2324,161.6303
2025-10-13,71.9855,46.2705,118.2560
2025-10-14,63.1005,49.2862,112.3867
2025-10-15,59.1361,52.4124,111.5485
2025-10-16,88.8415,67.5148,156.3564
2025-10-17,100.2059,63.7970,164.0029
2025-10-18,81.0400,61.0043,142.0443
2025-10-19,91.0646,92.0433,183.1080
2025-10-20,110.5057,115.0012,225.5069
2025-10-21,100.8618,115.5949,216.4567
2025-10-22,81.3510,95.6329,176.9839
2025-10-23,69.1423,113.8277,182.9700
2025-10-24,70.7151,100.1130,170.8281
2025-10-25,58.0828,97.6421,155.7249
2025-10-26,63.5755,104.6204,168.1959
2025-10-27,75.2948,99.5099,174.8048
2025-10-28,84.3548,99.7760,184.1308
2025-10-29,105.9973,97.2020,203.1993
2025-10-30,56.6576,95.2413,151.8989
2025-10-31,68.1014,98.1571,166.2585
2025-11-01,69.5259,95.4717,164.9976
2025-11-02,74.4148,76.5540,150.9688
2025-11-03,94.9818,86.9490,181.9308
2025-11-04,92.4118,101.7693,194.1811
2025-11-05,101.9745,107.7538,209.7283
2025-11-06,78.4117,88.1781,166.5898
2025-11-07,105.9262,65.1449,171.0711
2025-11-08,60.6742,60.9791,121.6533
2025-11-09,102.8937,50.4436,153.3373
2025-11-10,72.3757,69.5200,141.8957
2025-11-11,103.5078,93.8587,197.3665
2025-11-12,86.9108,110.7167,197.6274
2025-11-13,78.6690,107.2812,185.9502
2025-11-14,85.5976,95.4149,181.0125
2025-11-15,101.2536,99.4008,200.6544
2025-11-16,68.5331,76.8628,145.3959
2025-11-17,81.8848,96.0393,177.9241
2025-11-18,66.6881,92.9736,159.6617
2025-11-19,37.9029,82.0620,119.9650
2025-11-20,48.4610,83.2621,131.7231
2025-11-21,53.6736,83.4331,137.1067
2025-11-22,53.7652,103.8952,157.6604
2025-11-23,63.8494,111.1714,175.0208
2025-11-24,67.6234,102.3646,169.9880
2025-11-25,49.5918,88.8787,138.4705
2025-11-26,95.6244,77.1916,172.8160
2025-11-27,67.7449,103.7765,171.5213
2025-11-28,79.1694,85.7752,164.9446
2025-11-29,92.5645,79.5512,172.1157
2025-11-30,91.3410,91.4876,182.8286
2025-12-01,35.4328,93.1570,128.5898
2025-12-02,52.4639,86.3087,138.7725
2025-12-03,88.5422,72.2359,160.7781
2025-12-04,72.1667,88.9376,161.1043
2025-12-05,62.9862,83.2096,146.1957
2025-12-06,57.0213,116.0526,173.0739
2025-12-07,71.9481,92.6025,164.5506
2025-12-08,56.8016,101.4967,158.2983
2025-12-09,93.1251,99.3554,192.4805
2025-12-10,109.5868,84.5160,194.1028
2025-12-11,66.3725,91.8113,158.1838
2025-12-12,68.1911,62.5543,130.7454
2025-12-13,63.0938,72.6622,135.7560
2025-12-14,79.5269,85.4648,164.9917
2025-12-15,82.1431,87.9247,170.0678
2025-12-16,88.0062,68.8146,156.8208
2025-12-17,82.5071,63.0704,145.5775
2025-12-18,107.5384,102.8497,210.3881
2025-12-19,100.0359,75.5282,175.5640
2025-12-20,114.2470,57.4041,171.6510
2025-12-21,77.7154,82.1349,159.8503
2025-12-22,86.7475,106.2865,193.0340
2025-12-23,80.6230,111.0897,191.7127
2025-12-24,77.0415,105.6321,182.6736
2025-12-25,75.4437,74.2367,149.6804
2025-12-26,72.4780,53.6402,126.1182
2025-12-27,79.7030,88.4181,168.1211
2025-12-28,93.5090,69.9640,163.4730
2025-12-29,106.3913,83.8155,190.2069
2025-12-30,69.8556,96.0344,165.8901
2025-12-31,69.3047,94.0198,163.3245
2026-01-01,56.6373,93.8258,150.4631
2026-01-02,56.1317,98.8337,154.9655
2026-01-03,43.8823,98.6125,142.4948
2026-01-04,64.8517,103.1902,168.0419
2026-01-05,84.6648,87.7637,172.4285
2026-01-06,66.9931,93.2194,160.2125
2026-01-07,59.6731,117.7288,177.4019
2026-01-08,96.3410,101.3786,197.7196
2026-01-09,82.5993,139.8327,222.4321
2026-01-10,80.2677,107.0593,187.3270
2026-01-11,80.6319,95.5262,176.1581
2026-01-12,71.9374,107.1645,179.1018
2026-01-13,86.4878,101.9149,188.4027
2026-01-14,98.5401,73.2996,171.8398
2026-01-15,78.9778,100.9552,179.9330
2026-01-16,109.1087,78.2635,187.3722
2026-01-17,108.7780,60.6826,169.4606
2026-01-18,86.3960,70.2928,156.6888
2026-01-19,102.0418,81.3226,183.3643
2026-01-20,58.8217,86.4877,145.3094
2026-01-21,81.4536,114.2550,195.7086
2026-01-22,79.0716,127.1796,206.2513
2026-01-23,81.8896,122.2358,204.1254
2026-01-24,59.8541,118.0073,177.8614
2026-01-25,52.0686,114.0126,166.0812
2026-01-26,70.6266,108.9658,179.5924
2026-01-27,95.0925,115.9550,211.0475
2026-01-28,58.0815,111.4798,169.5613
2026-01-29,72.7034,118.2180,190.9215
2026-01-30,58.4482,123.7881,182.2363
2026-01-31,74.8306,108.9489,183.7796
2026-02-01,77.2226,96.7590,173.9816
2026-02-02,74.1122,124.4134,198.5256
2026-02-03,65.2704,116.9969,182.2672
2026-02-04,54.7530,116.4664,171.2194
2026-02-05,73.9933,114.2456,188.2389
2026-02-06,88.4202,100.7093,189.1296
2026-02-07,80.5036,89.5489,170.0525
2026-02-08,83.5405,90.8980,174.4385
2026-02-09,75.1207,87.5013,162.6220
2026-02-10,100.5298,94.3779,194.9077
2026-02-11,64.3105,101.9473,166.2578
2026-02-12,62.4417,114.0619,176.5036
2026-02-13,63.6522,104.8345,168.4867
2026-02-14,67.8971,77.7356,145.6326
2026-02-15,67.0608,100.7856,167.8465
2026-02-16,82.8260,111.4729,194.2989
2026-02-17,105.7441,89.7298,195.4738
2026-02-18,108.2300,92.0851,200.3151
2026-02-19,100.4320,116.0592,216.4912
2026-02-20,89.6581,110.8374,200.4955
2026-02-21,78.2969,93.7143,172.0113
2026-02-22,95.0273,90.2337,185.2609
2026-02-23,86.3458,100.8360,187.1818
2026-02-24,109.0896,63.1473,172.2369
2026-02-25,92.3939,77.8306,170.2245
2026-02-26,73.9243,96.6593,170.5836
2026-02-27,85.5805,95.8014,181.3818
2026-02-28,98.5994,92.2425,190.8419
2026-03-01,85.3145,85.3618,170.6764
2026-03-02,75.8199,96.6068,172.4267
2026-03-03,75.6773,79.0378,154.7151
2026-03-04,60.0568,70.4636,130.5204
2026-03-05,69.4989,79.1384,148.6373
2026-03-06,104.6483,78.8052,183.4535
2026-03-07,106.0224,60.1831,166.2055
2026-03-08,90.2019,52.1537,142.3556
2026-03-09,106.5770,56.7824,163.3593
2026-03-10,105.7097,62.3085,168.0182
2026-03-11,107.8137,91.7082,199.5219
2026-03-12,103.2289,93.8896,197.1185
2026-03-13,113.6213,106.4312,220.0525
2026-03-14,93.6741,76.8676,170.5417
2026-03-15,124.3067,79.7947,204.1013
2026-03-16,112.4998,92.3330,204.8328
2026-03-17,100.4990,79.7113,180.2103
2026-03-18,96.2929,80.4882,176.7811
2026-03-19,82.4352,74.0279,156.4630
2026-03-20,87.4459,66.2528,153.6987
2026-03-21,88.2876,53.8199,142.1075
2026-03-22,123.7712,62.2946,186.0658
2026-03-23,98.5389,66.7498,165.2886
2026-03-24,79.3787,92.7336,172.1123
2026-03-25,103.9171,113.9056,217.8227
2026-03-26,120.4792,116.0507,236.5299
2026-03-27,117.3261,99.7011,217.0272
2026-03-28,92.7927,88.7101,181.5028
2026-03-29,112.6322,90.1044,202.7366
2026-03-30,114.7711,109.6858,224.4570
2026-03-31,120.0331,99.6043,219.6373
2026-04-01,108.5019,80.1655,188.6674
2026-04-02,107.5747,88.4526,196.0272
2026-04-03,104.4862,92.6169,197.1031
2026-04-04,105.0700,86.6254,191.6955
2026-04-05,93.6083,82.1315,175.7398
2026-04-06,92.2870,81.4143,173.7013
2026-04-07,103.3851,75.3255,178.7107
2026-04-08,112.3582,77.0459,189.4041
2026-04-09,104.9727,90.8142,195.7869
2026-04-10,86.2856,79.3820,165.6677
2026-04-11,97.2855,83.7020,180.9875
2026-04-12,110.4618,79.0713,189.5331
2026-04-13,115.7863,84.5515,200.3378
2026-04-14,106.5395,74.1799,180.7194
2026-04-15,91.7324,71.3824,163.1147
2026-04-16,93.2007,66.0251,159.2258
2026-04-17,120.6121,63.5932,184.2053
2026-04-18,115.5516,61.5782,177.1297
2026-04-19,88.8658,68.4532,157.3190
2026-04-20,82.7576,80.4561,163.2137
2026-04-21,91.6295,73.2132,164.8427
2026-04-22,103.4693,74.0771,177.5464
2026-04-23,118.4255,91.5827,210.0082
2026-04-24,23.9244,40.6638,64.5882
