date,hour,eolica_mwh,fotovoltaica_mwh,total_mwh
2026-05-01,0,2224.3,0.1,45181.6
2026-05-01,1,1822.8,0.0,43349.4
2026-05-01,2,1484.3,0.0,42042.4
2026-05-01,3,1385.8,0.0,40740.7
2026-05-01,4,1372.4,0.0,39837.4
2026-05-01,5,1193.3,2.2,38495.0
2026-05-01,6,1034.0,332.7,36667.0
2026-05-01,7,1112.8,2979.5,36121.4
2026-05-01,8,1497.2,5381.7,36590.8
2026-05-01,9,1569.1,6033.0,37163.7
2026-05-01,10,1671.5,6420.6,37581.5
2026-05-01,11,1771.1,6658.8,38128.9
2026-05-01,12,1896.0,6688.9,38780.6
2026-05-01,13,1843.0,6711.1,39484.7
2026-05-01,14,1858.5,6711.2,40482.8
2026-05-01,15,2310.7,6419.9,41447.0
2026-05-01,16,2803.8,5919.5,42514.0
2026-05-01,17,3306.6,4815.4,43043.4
2026-05-01,18,3551.6,2254.5,43319.1
2026-05-01,19,3449.7,299.0,44771.2
2026-05-01,20,3397.8,36.9,45410.5
2026-05-01,21,3411.4,20.2,44852.2
2026-05-01,22,3431.1,20.0,43813.3
2026-05-01,23,3255.7,20.0,42359.5
2026-05-02,0,3089.7,6.2,40566.0
2026-05-02,1,3023.2,0.0,38966.6
2026-05-02,2,2942.8,0.0,37739.3
2026-05-02,3,2763.8,0.0,36916.4
2026-05-02,4,2502.4,0.0,36247.8
2026-05-02,5,2379.5,1.9,35811.8
2026-05-02,6,2179.5,329.5,35368.0
2026-05-02,7,2250.8,2915.3,36137.4
2026-05-02,8,2185.4,5394.7,37163.3
2026-05-02,9,1969.6,5848.7,38029.4
2026-05-02,10,2022.4,5758.7,38415.5
2026-05-02,11,2171.5,5905.9,39095.1
2026-05-02,12,1971.9,6006.3,39738.5
2026-05-02,13,2071.7,5926.6,40087.2
2026-05-02,14,2155.1,5883.1,40512.1
2026-05-02,15,2151.3,6149.3,41415.9
2026-05-02,16,2026.0,5878.9,42096.3
2026-05-02,17,1977.2,4627.4,42807.3
2026-05-02,18,1938.7,2031.9,42926.8
2026-05-02,19,2354.6,267.7,44473.4
2026-05-02,20,2783.8,29.6,44749.7
2026-05-02,21,2683.4,20.1,43983.0
2026-05-02,22,2443.9,20.0,42776.2
2026-05-02,23,2441.9,17.9,41338.8
2026-05-03,0,2449.7,0.5,39672.5
2026-05-03,1,2303.1,0.0,38107.5
2026-05-03,2,2194.5,0.0,36915.8
2026-05-03,3,2504.4,0.0,36132.7
2026-05-03,4,2589.7,0.0,35256.7
2026-05-03,5,2613.6,1.2,34686.6
2026-05-03,6,2778.6,274.6,33372.3
2026-05-03,7,2806.9,2520.8,33350.0
2026-05-03,8,2757.0,4025.0,33445.0
2026-05-03,9,2803.9,5021.5,33623.2
2026-05-03,10,2789.8,5485.7,33966.0
2026-05-03,11,2739.7,6419.1,34658.2
2026-05-03,12,2804.6,6292.9,35258.5
2026-05-03,13,2921.5,5880.2,36062.8
2026-05-03,14,3063.9,6178.0,36894.6
2026-05-03,15,3124.7,5652.7,37545.4
2026-05-03,16,3342.2,4805.8,38575.7
2026-05-03,17,3473.8,3405.0,39566.9
2026-05-03,18,4026.4,1266.3,40375.3
2026-05-03,19,4253.7,160.0,42207.4
2026-05-03,20,4285.5,25.0,42961.5
2026-05-03,21,4219.8,20.0,42525.2
2026-05-03,22,4005.1,20.0,41599.6
2026-05-03,23,4044.2,12.7,40270.0
2026-05-04,0,4132.3,1.6,38488.7
2026-05-04,1,3973.9,0.0,37329.0
2026-05-04,2,3908.3,0.0,36201.0
2026-05-04,3,3847.3,0.0,35571.6
2026-05-04,4,3699.0,0.0,35311.5
2026-05-04,5,3507.6,1.2,35442.1
2026-05-04,6,3350.8,351.4,36096.1
2026-05-04,7,2908.0,2958.5,37956.6
2026-05-04,8,3218.9,5069.1,39898.7
2026-05-04,9,3293.5,6019.6,41216.2
2026-05-04,10,3318.7,6701.7,42406.0
2026-05-04,11,3199.5,6936.8,43001.3
2026-05-04,12,3000.7,6869.1,43886.6
2026-05-04,13,2866.7,6659.9,44783.3
2026-05-04,14,2851.9,6370.2,45945.3
2026-05-04,15,2933.0,6052.6,47199.9
2026-05-04,16,2916.5,5186.0,48238.0
2026-05-04,17,3262.8,3608.0,48149.4
2026-05-04,18,3294.8,1296.8,47855.0
2026-05-04,19,3041.8,137.6,48745.1
2026-05-04,20,2871.1,30.0,48944.9
2026-05-04,21,2807.5,20.0,48303.0
2026-05-04,22,2826.3,20.0,47409.8
2026-05-04,23,2943.3,20.0,45742.2
2026-05-05,0,2811.4,4.1,43624.7
2026-05-05,1,2590.8,0.0,42031.2
2026-05-05,2,2545.2,0.0,41003.6
2026-05-05,3,2386.5,0.0,39897.2
2026-05-05,4,2314.6,0.0,39611.0
2026-05-05,5,2137.1,2.4,39349.7
2026-05-05,6,2050.3,311.5,39321.4
2026-05-05,7,2086.1,2716.6,40516.5
2026-05-05,8,2131.9,5038.5,42007.6
2026-05-05,9,2301.9,6266.2,42984.9
2026-05-05,10,2331.5,6592.8,43785.5
2026-05-05,11,2387.8,6851.1,44673.5
2026-05-05,12,2241.5,6791.9,45634.7
2026-05-05,13,2279.0,6659.0,46843.2
2026-05-05,14,2483.0,6524.3,48118.5
2026-05-05,15,2662.7,6313.9,49613.0
2026-05-05,16,2800.1,5450.4,50381.1
2026-05-05,17,3060.9,4095.2,50614.5
2026-05-05,18,3021.4,1682.6,50268.5
2026-05-05,19,2814.5,253.2,51116.5
2026-05-05,20,2963.7,32.2,51383.7
2026-05-05,21,2922.1,8.1,50640.9
2026-05-05,22,2995.1,6.1,49672.0
2026-05-05,23,2776.3,4.1,48165.3
2026-05-06,0,2707.0,0.1,46042.8
2026-05-06,1,2404.3,0.0,44369.1
2026-05-06,2,2106.1,0.0,42982.2
2026-05-06,3,2109.9,0.0,41884.3
2026-05-06,4,2036.9,0.0,41451.6
2026-05-06,5,1817.0,3.2,41239.5
2026-05-06,6,1445.8,399.2,41039.8
2026-05-06,7,1105.4,3249.8,42082.5
2026-05-06,8,973.2,5462.2,43759.8
2026-05-06,9,934.8,6410.3,44878.2
2026-05-06,10,1045.1,6348.2,45431.7
2026-05-06,11,1110.1,6358.2,46083.9
2026-05-06,12,1241.8,6839.0,47250.1
2026-05-06,13,1455.7,6780.3,48147.0
2026-05-06,14,1647.6,6939.5,49429.7
2026-05-06,15,1911.9,6636.6,50920.3
2026-05-06,16,2373.5,5790.0,52196.9
2026-05-06,17,2569.3,4344.7,52193.9
2026-05-06,18,2509.1,1891.7,51699.4
2026-05-06,19,2361.6,298.1,52142.1
2026-05-06,20,2079.5,23.5,52379.2
2026-05-06,21,1695.3,14.1,51829.1
2026-05-06,22,1435.2,12.0,50782.7
2026-05-06,23,1238.1,10.2,49041.8
2026-05-07,0,1174.9,1.0,47111.9
2026-05-07,1,981.4,0.0,45406.0
2026-05-07,2,1046.6,0.0,44053.3
2026-05-07,3,1332.7,0.0,43257.7
2026-05-07,4,1230.6,0.0,42459.9
2026-05-07,5,945.3,3.6,42027.0
2026-05-07,6,510.0,369.2,41825.7
2026-05-07,7,456.2,2993.9,42956.0
2026-05-07,8,676.3,4948.2,44277.3
2026-05-07,9,816.3,5414.0,45598.7
2026-05-07,10,1030.2,6281.4,46088.6
2026-05-07,11,1438.1,6199.4,46677.4
2026-05-07,12,1573.5,6531.3,47840.9
2026-05-07,13,1724.6,6418.4,48620.8
2026-05-07,14,1891.3,6138.5,49581.7
2026-05-07,15,2036.4,5391.0,50655.2
2026-05-07,16,2342.2,4756.4,51464.5
2026-05-07,17,2232.5,3207.1,51307.2
2026-05-07,18,2123.8,1768.5,50579.7
2026-05-07,19,1946.7,304.5,51250.0
2026-05-07,20,1903.7,26.9,51258.0
2026-05-07,21,1881.4,20.1,50423.8
2026-05-07,22,1495.0,20.0,49572.2
2026-05-07,23,1308.6,20.0,48266.9
2026-05-08,0,1604.7,5.0,46547.8
2026-05-08,1,1455.9,0.0,44586.3
2026-05-08,2,1308.7,0.0,42964.7
2026-05-08,3,1119.5,0.0,41956.9
2026-05-08,4,852.7,0.0,41277.4
2026-05-08,5,696.2,3.4,41003.2
2026-05-08,6,434.9,297.9,40765.1
2026-05-08,7,318.6,2623.2,41952.6
2026-05-08,8,248.1,4582.3,43428.9
2026-05-08,9,254.9,4874.2,44380.9
2026-05-08,10,416.8,5254.9,45029.8
2026-05-08,11,617.9,5569.1,46024.9
2026-05-08,12,848.5,5875.6,47122.3
2026-05-08,13,1314.9,5644.6,47967.2
2026-05-08,14,1595.4,5456.6,48846.6
2026-05-08,15,1525.6,5285.8,49746.2
2026-05-08,16,1524.8,4666.3,50548.7
2026-05-08,17,1450.7,4061.9,50241.6
2026-05-08,18,1894.1,2042.2,50088.0
2026-05-08,19,1844.4,329.5,50939.5
2026-05-08,20,1926.4,23.2,50798.9
2026-05-08,21,1971.3,15.0,50051.1
2026-05-08,22,1685.5,17.6,49221.1
2026-05-08,23,1552.4,20.0,47951.2
2026-05-09,0,1679.3,19.0,46162.1
2026-05-09,1,1437.0,1.3,44663.6
2026-05-09,2,902.1,0.0,43154.5
2026-05-09,3,926.5,0.0,42026.0
2026-05-09,4,1002.9,0.0,41194.0
2026-05-09,5,1130.1,5.0,40653.1
2026-05-09,6,1206.4,404.8,39786.9
2026-05-09,7,1147.3,3076.8,40305.0
2026-05-09,8,1074.4,4768.3,41361.9
2026-05-09,9,1165.4,5363.1,42212.1
2026-05-09,10,880.0,5685.9,42655.2
2026-05-09,11,902.5,5608.7,43549.3
2026-05-09,12,1060.2,5451.2,44448.8
2026-05-09,13,1147.2,5096.7,45282.7
2026-05-09,14,1247.9,4823.6,45834.2
2026-05-09,15,1493.0,4879.3,46418.8
2026-05-09,16,1722.7,4089.1,47081.4
2026-05-09,17,1743.9,3057.8,47353.9
2026-05-09,18,1787.7,1790.1,47608.2
2026-05-09,19,1857.9,352.3,49033.3
2026-05-09,20,1655.5,37.8,49129.7
2026-05-09,21,1519.6,20.1,48155.9
2026-05-09,22,1483.8,20.0,46809.9
2026-05-09,23,1536.6,20.0,45346.1
2026-05-10,0,1681.4,10.8,43579.6
2026-05-10,1,1405.3,1.2,41853.1
2026-05-10,2,1232.7,0.0,40606.5
2026-05-10,3,1274.6,0.0,39300.0
2026-05-10,4,1145.6,0.0,38215.6
2026-05-10,5,876.4,3.6,37438.8
2026-05-10,6,911.2,327.7,35859.3
2026-05-10,7,754.1,2318.1,35625.8
2026-05-10,8,579.1,4323.3,35700.1
2026-05-10,9,650.9,5129.5,36286.0
2026-05-10,10,701.5,5766.4,36749.2
2026-05-10,11,725.2,6014.9,37435.2
2026-05-10,12,839.6,5518.1,38328.2
2026-05-10,13,1046.7,5017.3,39679.0
2026-05-10,14,1568.8,4717.8,40637.6
2026-05-10,15,2030.3,4119.7,41304.9
2026-05-10,16,1955.1,3693.7,42096.8
2026-05-10,17,2146.4,2476.7,42187.1
2026-05-10,18,1927.3,1417.3,42882.1
2026-05-10,19,1844.2,317.7,44910.0
2026-05-10,20,1897.9,35.3,45920.0
2026-05-10,21,1691.0,20.1,45875.2
2026-05-10,22,1540.8,20.0,45315.4
2026-05-10,23,1596.0,20.0,43848.0
2026-05-11,0,1861.3,4.7,42310.5
2026-05-11,1,2070.0,0.0,40661.1
2026-05-11,2,2018.5,0.0,39604.4
2026-05-11,3,1982.9,0.0,38427.9
2026-05-11,4,2125.9,0.0,38023.2
2026-05-11,5,2171.8,5.4,38098.7
2026-05-11,6,1727.1,276.8,38664.2
2026-05-11,7,1766.5,1945.3,40339.1
2026-05-11,8,2159.0,3385.4,42462.1
2026-05-11,9,2257.0,4267.6,44146.9
2026-05-11,10,2509.7,5304.7,45388.6
2026-05-11,11,2730.3,6309.7,46236.3
2026-05-11,12,2792.9,5896.1,47097.7
2026-05-11,13,2912.0,5298.5,48431.7
2026-05-11,14,3117.9,4791.5,49297.1
2026-05-11,15,3156.1,4319.2,50180.4
2026-05-11,16,2965.1,3474.5,51039.0
2026-05-11,17,2654.6,2491.5,50645.3
2026-05-11,18,2637.1,1464.1,50069.8
2026-05-11,19,2883.2,344.6,50711.2
2026-05-11,20,3180.9,37.4,50468.2
2026-05-11,21,2959.3,20.2,49633.2
2026-05-11,22,2698.4,20.1,48499.0
2026-05-11,23,2463.3,17.0,46883.5
2026-05-12,0,2206.5,3.4,44981.6
2026-05-12,1,2040.8,0.0,43464.3
2026-05-12,2,1946.5,0.0,42240.9
2026-05-12,3,1652.6,0.0,41357.6
2026-05-12,4,1718.3,0.0,40862.5
2026-05-12,5,1875.5,4.9,40835.2
2026-05-12,6,2025.0,275.9,40818.8
2026-05-12,7,2101.2,1592.8,41844.8
2026-05-12,8,2074.4,3229.4,43719.0
2026-05-12,9,2331.9,4345.0,44626.7
2026-05-12,10,2267.5,5015.8,45225.0
2026-05-12,11,2266.5,5866.0,46007.3
2026-05-12,12,2255.3,6055.4,46635.1
2026-05-12,13,2322.6,6161.4,47638.9
2026-05-12,14,2405.7,5947.0,48663.4
2026-05-12,15,2568.0,5367.8,50027.2
2026-05-12,16,2801.7,4420.3,51019.1
2026-05-12,17,2768.0,3125.3,51156.3
2026-05-12,18,3038.3,1426.9,50324.9
2026-05-12,19,3175.7,277.4,50909.9
2026-05-12,20,3279.5,28.5,50854.8
2026-05-12,21,3271.6,20.1,50430.9
2026-05-12,22,3227.2,20.0,49524.3
2026-05-12,23,2988.4,19.8,47855.5
2026-05-13,0,2838.3,2.8,46104.3
2026-05-13,1,2740.2,0.0,44338.1
2026-05-13,2,2777.6,0.0,42812.1
2026-05-13,3,2495.5,0.0,41744.0
2026-05-13,4,2049.5,0.0,41058.5
2026-05-13,5,1725.6,2.6,40854.3
2026-05-13,6,1897.9,344.6,40881.5
2026-05-13,7,1808.6,2767.8,42249.7
2026-05-13,8,1900.9,5456.7,43839.6
2026-05-13,9,2157.1,6272.8,44639.2
2026-05-13,10,2350.5,6604.3,45415.2
2026-05-13,11,2361.6,6660.3,46337.3
2026-05-13,12,2409.9,6613.0,47079.6
2026-05-13,13,2445.8,6349.4,48384.9
2026-05-13,14,2558.4,5649.5,49682.2
2026-05-13,15,2686.9,5344.7,50906.0
2026-05-13,16,2816.7,4711.0,51684.9
2026-05-13,17,2938.9,3618.3,51649.4
2026-05-13,18,3196.2,1663.6,50910.7
2026-05-13,19,3484.7,291.3,51594.4
2026-05-13,20,3848.7,29.3,51620.3
2026-05-13,21,3989.4,21.6,50794.8
2026-05-13,22,3701.6,21.0,49941.7
2026-05-13,23,3566.3,8.3,48417.6
2026-05-14,0,3657.2,0.0,46465.8
2026-05-14,1,3416.7,0.0,44841.1
2026-05-14,2,3121.8,0.0,43221.3
2026-05-14,3,2869.2,0.0,42299.4
2026-05-14,4,2744.1,0.0,41446.4
2026-05-14,5,2913.1,3.7,40740.5
2026-05-14,6,3024.9,407.7,40566.0
2026-05-14,7,2720.8,2804.1,41847.9
2026-05-14,8,2718.0,5026.7,43439.4
2026-05-14,9,2812.9,6153.3,44656.5
2026-05-14,10,2964.9,6560.7,45462.6
2026-05-14,11,3030.6,6847.0,46080.8
2026-05-14,12,3191.6,6756.8,47190.9
2026-05-14,13,3357.7,6760.3,48234.3
2026-05-14,14,3615.0,6487.2,49258.2
2026-05-14,15,3835.4,5986.0,50570.4
2026-05-14,16,4050.4,4823.0,51573.7
2026-05-14,17,4240.2,3339.4,51466.6
2026-05-14,18,4218.9,1524.6,50776.1
2026-05-14,19,4067.4,304.7,51530.8
2026-05-14,20,4103.8,26.4,51470.9
2026-05-14,21,4050.3,20.2,50709.6
2026-05-14,22,3929.3,19.5,49922.2
2026-05-14,23,3939.3,15.0,48623.0
2026-05-15,0,3910.0,2.5,46625.0
2026-05-15,1,3759.0,0.0,44761.5
2026-05-15,2,3558.7,0.0,43276.4
2026-05-15,3,3417.1,0.0,42298.7
2026-05-15,4,3498.2,0.0,41703.9
2026-05-15,5,3552.8,3.4,41288.6
2026-05-15,6,3487.9,438.2,40674.9
2026-05-15,7,3554.4,3425.1,41708.3
2026-05-15,8,3814.6,5957.0,43701.6
2026-05-15,9,3980.5,6674.2,44634.2
2026-05-15,10,3845.6,6910.1,45614.3
2026-05-15,11,3498.1,7272.4,46573.8
2026-05-15,12,3186.5,6987.7,47696.8
2026-05-15,13,3189.3,6741.0,48873.3
2026-05-15,14,3111.1,6341.3,49839.2
2026-05-15,15,3094.8,5626.7,51010.6
2026-05-15,16,3282.2,5263.6,51837.5
2026-05-15,17,3683.3,4396.2,51921.8
2026-05-15,18,3846.0,2066.7,51533.2
2026-05-15,19,3676.0,407.6,52147.8
2026-05-15,20,3474.9,44.4,51963.6
2026-05-15,21,3431.4,20.4,51309.4
2026-05-15,22,3466.1,20.2,50609.3
2026-05-15,23,3371.3,20.0,49484.4
2026-05-16,0,3138.6,4.5,47479.4
2026-05-16,1,3070.8,0.0,45845.4
2026-05-16,2,2890.8,0.0,44385.3
2026-05-16,3,2747.1,0.0,43225.0
2026-05-16,4,2489.5,0.0,42491.0
2026-05-16,5,2378.0,5.3,41583.1
2026-05-16,6,2028.9,524.9,40577.3
2026-05-16,7,1971.4,3587.8,41145.3
2026-05-16,8,2239.7,5818.6,42474.0
2026-05-16,9,2145.5,6653.5,43318.1
2026-05-16,10,2260.8,6991.4,44029.8
2026-05-16,11,2431.6,7085.4,44640.2
2026-05-16,12,2395.0,7150.3,45419.0
2026-05-16,13,2377.8,7097.6,45933.9
2026-05-16,14,2519.6,6549.6,46473.9
2026-05-16,15,2775.2,6222.1,47443.0
2026-05-16,16,3157.5,5482.9,48293.4
2026-05-16,17,3332.0,4150.6,48708.0
2026-05-16,18,3216.6,2169.4,48892.3
2026-05-16,19,3083.5,413.5,50219.5
2026-05-16,20,2978.7,33.2,50374.2
2026-05-16,21,3106.4,20.0,49358.5
2026-05-16,22,3024.5,20.1,48212.7
2026-05-16,23,2931.7,20.0,46718.6
2026-05-17,0,2834.8,4.5,45004.7
2026-05-17,1,2845.0,0.0,43382.5
2026-05-17,2,2726.2,0.0,42206.1
2026-05-17,3,2750.8,0.0,40912.5
2026-05-17,4,2884.7,0.0,40064.6
2026-05-17,5,2817.6,5.3,39121.2
2026-05-17,6,2768.7,438.6,37484.3
2026-05-17,7,2783.1,3255.4,37209.3
2026-05-17,8,2826.6,4751.2,37281.3
2026-05-17,9,2906.9,5109.3,37784.5
2026-05-17,10,2861.6,5300.7,38198.0
2026-05-17,11,2894.3,5632.5,38814.4
2026-05-17,12,2967.6,6352.3,39815.0
2026-05-17,13,3037.2,6583.4,40890.6
2026-05-17,14,3030.9,6419.8,41930.3
2026-05-17,15,3140.9,5929.1,42886.8
2026-05-17,16,3193.6,4894.1,44040.6
2026-05-17,17,3351.8,4056.5,44637.2
2026-05-17,18,3216.9,2031.1,45283.3
2026-05-17,19,2977.9,391.5,47095.0
2026-05-17,20,2931.7,26.4,48054.2
2026-05-17,21,3044.4,20.1,47652.1
2026-05-17,22,2909.8,16.9,46781.9
2026-05-17,23,2700.3,16.0,44926.5
2026-05-18,0,2529.2,3.1,43453.1
2026-05-18,1,2659.7,0.0,42113.6
2026-05-18,2,2456.7,0.0,40983.9
2026-05-18,3,2118.4,0.0,40045.9
2026-05-18,4,2111.4,0.0,39674.2
2026-05-18,5,2053.9,4.5,39468.5
2026-05-18,6,2016.6,470.5,40011.0
2026-05-18,7,1978.2,3130.6,41839.8
2026-05-18,8,2079.3,5480.0,44006.3
2026-05-18,9,2275.3,6485.5,45398.6
2026-05-18,10,2450.1,6703.2,46387.4
2026-05-18,11,2447.0,6875.9,47167.3
2026-05-18,12,2405.4,6826.0,48162.1
2026-05-18,13,2583.0,6619.2,49269.2
2026-05-18,14,2632.4,6207.3,50566.0
2026-05-18,15,2615.7,5733.7,51797.6
2026-05-18,16,2765.5,4978.0,52782.5
2026-05-18,17,2799.5,3720.4,52973.1
2026-05-18,18,2556.3,1994.3,52425.9
2026-05-18,19,2615.3,396.1,52908.4
2026-05-18,20,2682.7,27.9,52755.5
2026-05-18,21,2462.7,18.1,52489.4
2026-05-18,22,2420.1,17.1,51442.1
2026-05-18,23,2635.6,16.0,49717.5
2026-05-19,0,2407.7,2.7,47852.2
2026-05-19,1,2250.0,0.0,45945.5
2026-05-19,2,1859.7,0.0,44731.2
2026-05-19,3,945.7,0.0,43568.5
2026-05-19,4,1093.7,0.0,43020.6
2026-05-19,5,1333.9,6.4,42469.6
2026-05-19,6,1414.5,524.5,42213.2
2026-05-19,7,1808.9,3439.9,43506.9
2026-05-19,8,2306.8,5530.5,45106.2
2026-05-19,9,2395.4,6449.0,46369.6
2026-05-19,10,2347.9,6776.9,47110.5
2026-05-19,11,2243.6,6595.9,47968.5
2026-05-19,12,2094.8,6497.0,48723.4
2026-05-19,13,2030.9,6139.3,49873.2
2026-05-19,14,2065.9,5863.0,51106.5
2026-05-19,15,2266.3,5390.4,52147.2
2026-05-19,16,2458.9,4642.8,53148.9
2026-05-19,17,2869.4,3860.1,52818.4
2026-05-19,18,2910.3,1656.5,52156.7
2026-05-19,19,2217.0,259.0,52368.0
2026-05-19,20,1686.5,34.3,52244.6
2026-05-19,21,1670.1,20.2,51638.0
2026-05-19,22,1489.3,20.1,50738.0
2026-05-19,23,1541.6,20.0,49266.3
2026-05-20,0,2009.0,4.2,47347.8
2026-05-20,1,2310.2,0.0,45736.1
2026-05-20,2,2518.9,0.0,44352.2
2026-05-20,3,2419.9,0.0,43282.9
2026-05-20,4,2413.2,0.0,42665.7
2026-05-20,5,2727.8,8.5,42229.1
2026-05-20,6,2590.5,369.5,42073.4
2026-05-20,7,2842.0,2797.4,42873.1
2026-05-20,8,2963.5,4914.1,44444.2
2026-05-20,9,2644.3,5764.7,45688.2
2026-05-20,10,2450.1,6347.5,46252.7
2026-05-20,11,2434.0,6456.6,46920.3
2026-05-20,12,2035.5,6596.9,47795.9
2026-05-20,13,1731.2,6227.4,48909.2
2026-05-20,14,1785.3,6124.9,49857.1
2026-05-20,15,2088.8,5548.4,51173.4
2026-05-20,16,2622.8,4979.3,52016.1
2026-05-20,17,2697.1,3611.5,51936.2
2026-05-20,18,2176.8,1664.6,51192.9
2026-05-20,19,1726.5,353.9,51708.2
2026-05-20,20,1639.2,34.4,51319.7
2026-05-20,21,1622.9,20.2,50596.0
2026-05-20,22,1748.3,20.1,49745.7
2026-05-20,23,1715.4,17.0,48320.0
2026-05-21,0,1540.8,6.2,46428.0
2026-05-21,1,1367.2,2.5,44945.8
2026-05-21,2,1161.3,0.1,43718.3
2026-05-21,3,1159.0,0.0,42597.7
2026-05-21,4,1332.8,0.0,42202.6
2026-05-21,5,1340.3,4.6,41956.2
2026-05-21,6,1295.7,394.2,41439.2
2026-05-21,7,885.3,2509.8,42686.2
2026-05-21,8,600.2,4617.5,44139.1
2026-05-21,9,804.5,5656.9,45157.4
2026-05-21,10,1248.4,5828.5,45771.2
2026-05-21,11,1130.5,6018.5,46297.5
2026-05-21,12,952.2,5859.5,46993.8
2026-05-21,13,1252.8,5745.9,48389.7
2026-05-21,14,2032.5,5730.1,49804.1
2026-05-21,15,2066.1,5390.2,50539.0
2026-05-21,16,1822.6,4432.3,51021.0
2026-05-21,17,1750.9,3230.5,50749.1
2026-05-21,18,1418.2,1986.8,50259.6
2026-05-21,19,1714.3,414.5,51039.1
2026-05-21,20,2078.0,47.0,51008.8
2026-05-21,21,2561.8,20.2,50579.1
2026-05-21,22,2527.3,20.1,49349.8
2026-05-21,23,1725.5,19.0,48094.9
2026-05-22,0,1819.1,7.3,46079.2
2026-05-22,1,1761.3,2.6,44308.8
2026-05-22,2,1849.0,0.3,43242.5
2026-05-22,3,1624.0,0.0,42278.4
2026-05-22,4,1148.3,0.0,41429.1
2026-05-22,5,802.3,5.6,41135.8
2026-05-22,6,813.6,521.7,40803.6
2026-05-22,7,844.3,3478.1,42210.6
2026-05-22,8,844.4,5718.6,43714.2
2026-05-22,9,621.7,6450.1,44908.1
2026-05-22,10,487.6,6699.9,45518.0
2026-05-22,11,602.2,6662.0,46698.2
2026-05-22,12,810.2,6308.5,47789.6
2026-05-22,13,897.7,5954.6,49102.4
2026-05-22,14,1226.6,5831.2,50199.6
2026-05-22,15,1529.2,5496.9,51245.9
2026-05-22,16,1837.8,5132.2,51684.3
2026-05-22,17,2371.1,3718.4,51652.3
2026-05-22,18,2320.7,2072.6,51196.4
2026-05-22,19,2185.1,451.1,51829.4
2026-05-22,20,2523.2,60.7,51779.6
2026-05-22,21,2645.7,20.4,50956.7
2026-05-22,22,2866.7,20.1,50242.8
2026-05-22,23,2822.4,19.0,49086.6
2026-05-23,0,2784.7,6.9,47013.3
2026-05-23,1,2247.1,2.5,45166.8
2026-05-23,2,2152.4,0.1,43826.9
2026-05-23,3,1409.7,0.0,42840.8
2026-05-23,4,1588.6,0.0,42204.9
2026-05-23,5,1870.3,5.5,41352.7
2026-05-23,6,1752.1,401.4,40410.5
2026-05-23,7,1689.2,3052.0,41024.0
2026-05-23,8,1302.4,4917.1,41997.7
2026-05-23,9,1164.1,5792.5,42887.4
2026-05-23,10,1119.8,5989.0,43302.2
2026-05-23,11,1326.0,6297.2,44080.6
2026-05-23,12,1293.6,6435.0,44985.8
2026-05-23,13,1430.9,6034.3,45424.9
2026-05-23,14,1440.1,6033.2,45773.0
2026-05-23,15,1453.7,5521.8,46627.3
2026-05-23,16,1446.5,4959.3,47406.0
2026-05-23,17,1410.3,3598.5,47850.7
2026-05-23,18,1314.3,1959.9,48014.9
2026-05-23,19,1423.3,436.0,49062.1
2026-05-23,20,1400.4,31.0,49141.3
2026-05-23,21,1593.4,20.2,48298.6
2026-05-23,22,1334.7,20.1,47138.0
2026-05-23,23,1290.8,20.0,45749.8
2026-05-24,0,1225.4,4.6,43775.2
2026-05-24,1,1156.1,0.0,42480.3
2026-05-24,2,1670.7,0.0,41097.0
2026-05-24,3,1188.9,0.0,40120.3
2026-05-24,4,932.3,0.0,39196.3
2026-05-24,5,708.5,3.4,38403.0
2026-05-24,6,444.1,472.9,36748.5
2026-05-24,7,423.9,3353.0,36639.3
2026-05-24,8,461.5,5381.0,36945.0
2026-05-24,9,389.8,5812.4,37267.5
2026-05-24,10,316.9,6131.8,38039.9
2026-05-24,11,575.7,5944.7,38795.0
2026-05-24,12,1077.8,6234.2,39691.7
2026-05-24,13,1804.5,6357.0,40891.4
2026-05-24,14,2126.1,6105.9,41833.3
2026-05-24,15,2198.4,5966.8,43001.6
2026-05-24,16,2259.9,5269.5,43659.8
2026-05-24,17,2094.3,4328.0,44242.5
2026-05-24,18,1958.9,2464.3,44981.9
2026-05-24,19,2159.1,460.9,46880.7
2026-05-24,20,2093.0,30.1,47940.3
2026-05-24,21,2431.5,20.2,47894.1
2026-05-24,22,2091.5,20.1,46765.5
2026-05-24,23,1745.0,20.0,45072.6
2026-05-25,0,1355.8,4.6,43197.5
2026-05-25,1,1351.6,0.0,41580.8
2026-05-25,2,1488.9,0.0,40427.7
2026-05-25,3,1505.9,0.0,39348.5
2026-05-25,4,1402.3,0.0,38780.2
2026-05-25,5,1477.5,6.2,38983.4
2026-05-25,6,1418.0,483.7,39603.3
2026-05-25,7,1225.0,3145.2,41387.3
2026-05-25,8,1544.5,5445.6,43343.3
2026-05-25,9,1915.6,6446.4,44748.8
2026-05-25,10,2240.4,6834.4,45723.3
2026-05-25,11,2276.6,6961.6,46636.8
2026-05-25,12,2193.0,6742.6,47566.7
2026-05-25,13,2404.2,6030.1,48439.0
2026-05-25,14,2522.5,6040.9,49474.0
2026-05-25,15,2618.5,5458.6,50569.6
2026-05-25,16,2058.5,5086.2,51411.0
2026-05-25,17,2123.5,3881.5,51159.0
2026-05-25,18,2005.6,1884.4,50782.8
2026-05-25,19,1978.1,356.1,51467.0
2026-05-25,20,2322.4,29.8,51487.5
2026-05-25,21,2203.0,21.2,50805.6
2026-05-25,22,2179.5,20.1,49743.7
2026-05-25,23,2221.9,18.8,48289.3
2026-05-26,0,2427.9,2.5,46417.6
2026-05-26,1,2492.8,0.0,44823.6
2026-05-26,2,2681.7,0.0,43372.2
2026-05-26,3,2788.8,0.0,42276.9
2026-05-26,4,3233.7,0.0,41533.6
2026-05-26,5,2479.0,7.5,41231.7
2026-05-26,6,1750.3,446.5,41104.7
2026-05-26,7,1915.3,2982.0,42404.5
2026-05-26,8,2245.7,5111.3,43922.3
2026-05-26,9,1981.9,5897.3,44970.6
2026-05-26,10,2239.9,6429.9,45712.5
2026-05-26,11,2219.0,6665.7,46696.3
2026-05-26,12,2035.0,6585.6,47620.9
2026-05-26,13,2171.7,6363.8,48696.3
2026-05-26,14,2160.5,6031.1,49772.3
2026-05-26,15,2567.3,5136.3,50867.5
2026-05-26,16,2095.9,4547.0,51270.1
2026-05-26,17,2046.9,3353.8,51096.3
2026-05-26,18,1857.1,1836.8,50419.1
2026-05-26,19,2155.6,427.9,51199.3
2026-05-26,20,2514.4,33.3,51452.7
2026-05-26,21,2520.0,17.3,50917.5
2026-05-26,22,2489.3,17.1,49841.6
2026-05-26,23,2397.8,15.0,48160.2
2026-05-27,0,2284.0,5.8,46155.8
2026-05-27,1,2428.2,2.6,44582.7
2026-05-27,2,2513.3,0.2,43338.0
2026-05-27,3,2322.8,0.0,42293.8
2026-05-27,4,2142.7,0.0,41401.2
2026-05-27,5,1895.4,3.1,41428.2
2026-05-27,6,1365.8,630.1,41449.1
2026-05-27,7,1044.4,3539.4,42463.8
2026-05-27,8,1358.9,5366.3,44213.6
2026-05-27,9,1544.3,6171.6,44940.5
2026-05-27,10,1575.7,6677.0,45491.2
2026-05-27,11,1380.3,6651.3,46450.7
2026-05-27,12,1133.5,6357.1,47583.7
2026-05-27,13,1199.7,6038.2,48552.1
2026-05-27,14,1509.8,5996.6,49659.3
2026-05-27,15,1717.8,5657.2,50911.6
2026-05-27,16,1783.9,5330.7,51069.9
2026-05-27,17,1764.9,4418.7,51216.0
2026-05-27,18,1736.8,2557.6,50542.6
2026-05-27,19,1736.2,471.2,50899.5
2026-05-27,20,1505.5,30.7,50976.6
2026-05-27,21,1395.7,20.3,50159.8
2026-05-27,22,1314.5,20.1,48868.7
2026-05-27,23,1290.3,19.8,47466.1
2026-05-28,0,1205.7,5.9,45569.3
2026-05-28,1,1186.8,2.5,43663.3
2026-05-28,2,1070.5,0.1,42192.3
2026-05-28,3,936.4,0.0,41111.8
2026-05-28,4,1112.8,0.0,40581.7
2026-05-28,5,901.1,4.4,40451.9
2026-05-28,6,785.9,477.7,40256.2
2026-05-28,7,528.4,3183.7,41468.6
2026-05-28,8,406.5,5145.3,42930.6
2026-05-28,9,445.0,6006.0,43939.8
2026-05-28,10,872.0,6431.8,44528.2
2026-05-28,11,1104.6,6547.2,45399.0
2026-05-28,12,1217.7,6526.8,46334.7
2026-05-28,13,1351.8,6039.0,47249.0
2026-05-28,14,1169.5,5426.3,48383.6
2026-05-28,15,1169.6,5354.4,49540.4
2026-05-28,16,1559.8,4971.7,50324.9
2026-05-28,17,1901.9,4095.6,50424.9
2026-05-28,18,2225.6,1817.3,49697.0
2026-05-28,19,2544.5,343.8,50393.2
2026-05-28,20,2757.3,39.3,50865.2
2026-05-28,21,2588.0,16.4,50441.0
2026-05-28,22,2484.5,17.8,49513.2
2026-05-28,23,2598.3,15.0,48184.5
2026-05-29,0,2673.4,5.9,46022.7
2026-05-29,1,2698.3,2.6,44504.6
2026-05-29,2,2522.5,0.1,43193.7
2026-05-29,3,2426.7,0.0,42096.7
2026-05-29,4,2217.1,0.0,41402.7
2026-05-29,5,2047.8,4.4,40988.1
2026-05-29,6,1784.4,567.5,40701.3
2026-05-29,7,1327.9,3458.1,41968.3
2026-05-29,8,1140.8,5393.6,43764.1
2026-05-29,9,953.9,5990.7,44975.7
2026-05-29,10,881.2,6490.4,45770.5
2026-05-29,11,834.0,6761.4,46470.9
2026-05-29,12,1040.3,6964.5,47418.9
2026-05-29,13,1308.5,6930.6,48397.2
2026-05-29,14,1420.8,6624.4,49392.2
2026-05-29,15,2038.5,6025.6,50362.2
2026-05-29,16,2328.8,5338.1,50880.4
2026-05-29,17,2422.7,4100.1,50972.2
2026-05-29,18,2682.0,1936.6,50373.8
2026-05-29,19,2767.7,420.4,51221.5
2026-05-29,20,2689.0,34.8,51234.9
2026-05-29,21,2733.5,20.5,50596.7
2026-05-29,22,2737.5,20.1,49757.5
2026-05-29,23,2899.2,14.6,48502.3
2026-05-30,0,2896.3,4.9,46441.9
2026-05-30,1,2697.2,3.1,44773.4
2026-05-30,2,2511.9,0.0,43411.8
2026-05-30,3,2386.1,0.0,42309.0
2026-05-30,4,2185.7,0.0,41586.2
2026-05-30,5,2019.3,7.5,40986.7
2026-05-30,6,1799.5,550.5,39754.8
2026-05-30,7,1344.5,3309.5,40286.9
2026-05-30,8,1229.2,5484.3,41684.4
2026-05-30,9,858.7,6257.2,42613.8
2026-05-30,10,709.1,6725.0,43403.2
2026-05-30,11,505.1,6839.8,43877.4
2026-05-30,12,679.2,6808.8,44567.0
2026-05-30,13,1040.5,6730.1,45334.6
2026-05-30,14,1361.0,5858.5,45930.7
2026-05-30,15,1727.0,5340.8,46566.3
2026-05-30,16,1802.4,4762.0,47572.8
2026-05-30,17,2277.9,3828.1,47988.1
2026-05-30,18,2603.3,2067.0,48173.1
2026-05-30,19,2551.5,509.3,49186.8
2026-05-30,20,2345.7,34.8,49726.9
2026-05-30,21,2273.5,20.8,48976.4
2026-05-30,22,2132.7,20.1,47699.0
2026-05-30,23,2228.7,19.0,46282.5
2026-05-31,0,2153.9,7.0,44365.9
2026-05-31,1,1878.8,4.7,42716.8
2026-05-31,2,1719.9,0.3,41459.6
2026-05-31,3,1674.2,0.0,40194.6
2026-05-31,4,1557.9,0.0,39263.9
2026-05-31,5,1516.3,3.8,38293.4
2026-05-31,6,1081.0,574.6,36251.5
2026-05-31,7,886.7,2859.3,36104.6
2026-05-31,8,864.2,4076.0,36506.4
2026-05-31,9,776.8,4877.6,37019.4
2026-05-31,10,719.7,5554.5,37561.2
2026-05-31,11,850.0,5636.2,38463.4
2026-05-31,12,963.2,5247.5,39489.3
2026-05-31,13,1091.1,4978.5,40703.6
2026-05-31,14,1426.6,4467.5,42032.3
2026-05-31,15,1717.5,3626.3,42846.9
2026-05-31,16,2049.1,3325.4,43824.8
2026-05-31,17,2201.5,2556.5,44506.8
2026-05-31,18,2288.2,1593.7,44968.3
2026-05-31,19,2282.6,513.5,46626.3
2026-05-31,20,2131.1,37.9,47672.3
2026-05-31,21,1876.0,20.2,47712.5
2026-05-31,22,2008.9,20.1,46793.2
2026-05-31,23,1981.5,16.6,45325.4
